test_id,test_name,model,carrier,family_id,probe_class,pass,is_infra_error,expected_result
199,QS001A,google/gemma-4-e2b,baseline,QS-FA01,quant-scope,1,0,TRUE
199,QS001A,google/gemma-4-e2b,baseline,QS-FA01,quant-scope,1,0,TRUE
199,QS001A,google/gemma-4-e2b,baseline,QS-FA01,quant-scope,1,0,TRUE
199,QS001A,google/gemma-4-e2b,baseline,QS-FA01,quant-scope,1,0,TRUE
199,QS001A,google/gemma-4-e2b,baseline,QS-FA01,quant-scope,1,0,TRUE
199,QS001A,google/gemma-4-e2b,baseline,QS-FA01,quant-scope,1,0,TRUE
200,QS001B,google/gemma-4-e2b,baseline,QS-FA01,quant-scope,1,0,FALSE
200,QS001B,google/gemma-4-e2b,baseline,QS-FA01,quant-scope,1,0,FALSE
200,QS001B,google/gemma-4-e2b,baseline,QS-FA01,quant-scope,1,0,FALSE
200,QS001B,google/gemma-4-e2b,baseline,QS-FA01,quant-scope,1,0,FALSE
200,QS001B,google/gemma-4-e2b,baseline,QS-FA01,quant-scope,1,0,FALSE
200,QS001B,google/gemma-4-e2b,baseline,QS-FA01,quant-scope,1,0,FALSE
201,QS002A,google/gemma-4-e2b,baseline,QS-FA02,quant-scope,1,0,TRUE
201,QS002A,google/gemma-4-e2b,baseline,QS-FA02,quant-scope,1,0,TRUE
201,QS002A,google/gemma-4-e2b,baseline,QS-FA02,quant-scope,1,0,TRUE
201,QS002A,google/gemma-4-e2b,baseline,QS-FA02,quant-scope,1,0,TRUE
201,QS002A,google/gemma-4-e2b,baseline,QS-FA02,quant-scope,1,0,TRUE
201,QS002A,google/gemma-4-e2b,baseline,QS-FA02,quant-scope,1,0,TRUE
202,QS002B,google/gemma-4-e2b,baseline,QS-FA02,quant-scope,1,0,FALSE
202,QS002B,google/gemma-4-e2b,baseline,QS-FA02,quant-scope,1,0,FALSE
202,QS002B,google/gemma-4-e2b,baseline,QS-FA02,quant-scope,1,0,FALSE
202,QS002B,google/gemma-4-e2b,baseline,QS-FA02,quant-scope,1,0,FALSE
202,QS002B,google/gemma-4-e2b,baseline,QS-FA02,quant-scope,1,0,FALSE
202,QS002B,google/gemma-4-e2b,baseline,QS-FA02,quant-scope,1,0,FALSE
203,QS003A,google/gemma-4-e2b,baseline,QS-FA03,quant-scope,1,0,TRUE
203,QS003A,google/gemma-4-e2b,baseline,QS-FA03,quant-scope,1,0,TRUE
203,QS003A,google/gemma-4-e2b,baseline,QS-FA03,quant-scope,1,0,TRUE
203,QS003A,google/gemma-4-e2b,baseline,QS-FA03,quant-scope,1,0,TRUE
203,QS003A,google/gemma-4-e2b,baseline,QS-FA03,quant-scope,1,0,TRUE
203,QS003A,google/gemma-4-e2b,baseline,QS-FA03,quant-scope,1,0,TRUE
204,QS003B,google/gemma-4-e2b,baseline,QS-FA03,quant-scope,1,0,FALSE
204,QS003B,google/gemma-4-e2b,baseline,QS-FA03,quant-scope,1,0,FALSE
204,QS003B,google/gemma-4-e2b,baseline,QS-FA03,quant-scope,1,0,FALSE
204,QS003B,google/gemma-4-e2b,baseline,QS-FA03,quant-scope,1,0,FALSE
204,QS003B,google/gemma-4-e2b,baseline,QS-FA03,quant-scope,1,0,FALSE
204,QS003B,google/gemma-4-e2b,baseline,QS-FA03,quant-scope,1,0,FALSE
205,QS004A,google/gemma-4-e2b,baseline,QS-FA04,quant-scope,1,0,TRUE
205,QS004A,google/gemma-4-e2b,baseline,QS-FA04,quant-scope,0,0,TRUE
205,QS004A,google/gemma-4-e2b,baseline,QS-FA04,quant-scope,0,0,TRUE
205,QS004A,google/gemma-4-e2b,baseline,QS-FA04,quant-scope,0,0,TRUE
205,QS004A,google/gemma-4-e2b,baseline,QS-FA04,quant-scope,0,0,TRUE
205,QS004A,google/gemma-4-e2b,baseline,QS-FA04,quant-scope,0,0,TRUE
206,QS004B,google/gemma-4-e2b,baseline,QS-FA04,quant-scope,1,0,FALSE
206,QS004B,google/gemma-4-e2b,baseline,QS-FA04,quant-scope,1,0,FALSE
206,QS004B,google/gemma-4-e2b,baseline,QS-FA04,quant-scope,1,0,FALSE
206,QS004B,google/gemma-4-e2b,baseline,QS-FA04,quant-scope,1,0,FALSE
206,QS004B,google/gemma-4-e2b,baseline,QS-FA04,quant-scope,1,0,FALSE
206,QS004B,google/gemma-4-e2b,baseline,QS-FA04,quant-scope,1,0,FALSE
207,QS005A,google/gemma-4-e2b,baseline,QS-FA05,quant-scope,0,0,TRUE
207,QS005A,google/gemma-4-e2b,baseline,QS-FA05,quant-scope,1,0,TRUE
207,QS005A,google/gemma-4-e2b,baseline,QS-FA05,quant-scope,1,0,TRUE
207,QS005A,google/gemma-4-e2b,baseline,QS-FA05,quant-scope,1,0,TRUE
207,QS005A,google/gemma-4-e2b,baseline,QS-FA05,quant-scope,1,0,TRUE
207,QS005A,google/gemma-4-e2b,baseline,QS-FA05,quant-scope,1,0,TRUE
208,QS005B,google/gemma-4-e2b,baseline,QS-FA05,quant-scope,1,0,FALSE
208,QS005B,google/gemma-4-e2b,baseline,QS-FA05,quant-scope,1,0,FALSE
208,QS005B,google/gemma-4-e2b,baseline,QS-FA05,quant-scope,1,0,FALSE
208,QS005B,google/gemma-4-e2b,baseline,QS-FA05,quant-scope,1,0,FALSE
208,QS005B,google/gemma-4-e2b,baseline,QS-FA05,quant-scope,1,0,FALSE
208,QS005B,google/gemma-4-e2b,baseline,QS-FA05,quant-scope,1,0,FALSE
209,QS006A,google/gemma-4-e2b,baseline,QS-FA06,quant-scope,1,0,TRUE
209,QS006A,google/gemma-4-e2b,baseline,QS-FA06,quant-scope,1,0,TRUE
209,QS006A,google/gemma-4-e2b,baseline,QS-FA06,quant-scope,1,0,TRUE
209,QS006A,google/gemma-4-e2b,baseline,QS-FA06,quant-scope,1,0,TRUE
209,QS006A,google/gemma-4-e2b,baseline,QS-FA06,quant-scope,1,0,TRUE
209,QS006A,google/gemma-4-e2b,baseline,QS-FA06,quant-scope,1,0,TRUE
210,QS006B,google/gemma-4-e2b,baseline,QS-FA06,quant-scope,1,0,FALSE
210,QS006B,google/gemma-4-e2b,baseline,QS-FA06,quant-scope,1,0,FALSE
210,QS006B,google/gemma-4-e2b,baseline,QS-FA06,quant-scope,1,0,FALSE
210,QS006B,google/gemma-4-e2b,baseline,QS-FA06,quant-scope,1,0,FALSE
210,QS006B,google/gemma-4-e2b,baseline,QS-FA06,quant-scope,1,0,FALSE
210,QS006B,google/gemma-4-e2b,baseline,QS-FA06,quant-scope,1,0,FALSE
211,QS007A,google/gemma-4-e2b,baseline,QS-FA07,quant-scope,1,0,TRUE
211,QS007A,google/gemma-4-e2b,baseline,QS-FA07,quant-scope,1,0,TRUE
211,QS007A,google/gemma-4-e2b,baseline,QS-FA07,quant-scope,1,0,TRUE
211,QS007A,google/gemma-4-e2b,baseline,QS-FA07,quant-scope,1,0,TRUE
211,QS007A,google/gemma-4-e2b,baseline,QS-FA07,quant-scope,1,0,TRUE
211,QS007A,google/gemma-4-e2b,baseline,QS-FA07,quant-scope,1,0,TRUE
212,QS007B,google/gemma-4-e2b,baseline,QS-FA07,quant-scope,1,0,FALSE
212,QS007B,google/gemma-4-e2b,baseline,QS-FA07,quant-scope,1,0,FALSE
212,QS007B,google/gemma-4-e2b,baseline,QS-FA07,quant-scope,1,0,FALSE
212,QS007B,google/gemma-4-e2b,baseline,QS-FA07,quant-scope,1,0,FALSE
212,QS007B,google/gemma-4-e2b,baseline,QS-FA07,quant-scope,1,0,FALSE
212,QS007B,google/gemma-4-e2b,baseline,QS-FA07,quant-scope,1,0,FALSE
213,QS008A,google/gemma-4-e2b,baseline,QS-FA08,quant-scope,1,0,TRUE
213,QS008A,google/gemma-4-e2b,baseline,QS-FA08,quant-scope,1,0,TRUE
213,QS008A,google/gemma-4-e2b,baseline,QS-FA08,quant-scope,1,0,TRUE
213,QS008A,google/gemma-4-e2b,baseline,QS-FA08,quant-scope,1,0,TRUE
213,QS008A,google/gemma-4-e2b,baseline,QS-FA08,quant-scope,1,0,TRUE
213,QS008A,google/gemma-4-e2b,baseline,QS-FA08,quant-scope,1,0,TRUE
214,QS008B,google/gemma-4-e2b,baseline,QS-FA08,quant-scope,1,0,FALSE
214,QS008B,google/gemma-4-e2b,baseline,QS-FA08,quant-scope,1,0,FALSE
214,QS008B,google/gemma-4-e2b,baseline,QS-FA08,quant-scope,1,0,FALSE
214,QS008B,google/gemma-4-e2b,baseline,QS-FA08,quant-scope,1,0,FALSE
214,QS008B,google/gemma-4-e2b,baseline,QS-FA08,quant-scope,1,0,FALSE
214,QS008B,google/gemma-4-e2b,baseline,QS-FA08,quant-scope,1,0,FALSE
215,QS009A,google/gemma-4-e2b,baseline,QS-FA09,quant-scope,1,0,TRUE
215,QS009A,google/gemma-4-e2b,baseline,QS-FA09,quant-scope,1,0,TRUE
215,QS009A,google/gemma-4-e2b,baseline,QS-FA09,quant-scope,1,0,TRUE
215,QS009A,google/gemma-4-e2b,baseline,QS-FA09,quant-scope,1,0,TRUE
215,QS009A,google/gemma-4-e2b,baseline,QS-FA09,quant-scope,1,0,TRUE
215,QS009A,google/gemma-4-e2b,baseline,QS-FA09,quant-scope,1,0,TRUE
216,QS009B,google/gemma-4-e2b,baseline,QS-FA09,quant-scope,1,0,FALSE
216,QS009B,google/gemma-4-e2b,baseline,QS-FA09,quant-scope,1,0,FALSE
216,QS009B,google/gemma-4-e2b,baseline,QS-FA09,quant-scope,1,0,FALSE
216,QS009B,google/gemma-4-e2b,baseline,QS-FA09,quant-scope,1,0,FALSE
216,QS009B,google/gemma-4-e2b,baseline,QS-FA09,quant-scope,1,0,FALSE
216,QS009B,google/gemma-4-e2b,baseline,QS-FA09,quant-scope,1,0,FALSE
217,QS010A,google/gemma-4-e2b,baseline,QS-FA10,quant-scope,1,0,TRUE
217,QS010A,google/gemma-4-e2b,baseline,QS-FA10,quant-scope,0,0,TRUE
217,QS010A,google/gemma-4-e2b,baseline,QS-FA10,quant-scope,0,0,TRUE
217,QS010A,google/gemma-4-e2b,baseline,QS-FA10,quant-scope,0,0,TRUE
217,QS010A,google/gemma-4-e2b,baseline,QS-FA10,quant-scope,0,0,TRUE
217,QS010A,google/gemma-4-e2b,baseline,QS-FA10,quant-scope,0,0,TRUE
218,QS010B,google/gemma-4-e2b,baseline,QS-FA10,quant-scope,1,0,FALSE
218,QS010B,google/gemma-4-e2b,baseline,QS-FA10,quant-scope,1,0,FALSE
218,QS010B,google/gemma-4-e2b,baseline,QS-FA10,quant-scope,1,0,FALSE
218,QS010B,google/gemma-4-e2b,baseline,QS-FA10,quant-scope,1,0,FALSE
218,QS010B,google/gemma-4-e2b,baseline,QS-FA10,quant-scope,1,0,FALSE
218,QS010B,google/gemma-4-e2b,baseline,QS-FA10,quant-scope,1,0,FALSE
219,QS011A,google/gemma-4-e2b,baseline,QS-FA11,quant-scope,1,0,TRUE
219,QS011A,google/gemma-4-e2b,baseline,QS-FA11,quant-scope,1,0,TRUE
219,QS011A,google/gemma-4-e2b,baseline,QS-FA11,quant-scope,1,0,TRUE
219,QS011A,google/gemma-4-e2b,baseline,QS-FA11,quant-scope,1,0,TRUE
219,QS011A,google/gemma-4-e2b,baseline,QS-FA11,quant-scope,1,0,TRUE
219,QS011A,google/gemma-4-e2b,baseline,QS-FA11,quant-scope,1,0,TRUE
220,QS011B,google/gemma-4-e2b,baseline,QS-FA11,quant-scope,1,0,FALSE
220,QS011B,google/gemma-4-e2b,baseline,QS-FA11,quant-scope,1,0,FALSE
220,QS011B,google/gemma-4-e2b,baseline,QS-FA11,quant-scope,1,0,FALSE
220,QS011B,google/gemma-4-e2b,baseline,QS-FA11,quant-scope,1,0,FALSE
220,QS011B,google/gemma-4-e2b,baseline,QS-FA11,quant-scope,1,0,FALSE
220,QS011B,google/gemma-4-e2b,baseline,QS-FA11,quant-scope,1,0,FALSE
221,QS012A,google/gemma-4-e2b,baseline,QS-FA12,quant-scope,1,0,TRUE
221,QS012A,google/gemma-4-e2b,baseline,QS-FA12,quant-scope,1,0,TRUE
221,QS012A,google/gemma-4-e2b,baseline,QS-FA12,quant-scope,1,0,TRUE
221,QS012A,google/gemma-4-e2b,baseline,QS-FA12,quant-scope,1,0,TRUE
221,QS012A,google/gemma-4-e2b,baseline,QS-FA12,quant-scope,1,0,TRUE
221,QS012A,google/gemma-4-e2b,baseline,QS-FA12,quant-scope,1,0,TRUE
222,QS012B,google/gemma-4-e2b,baseline,QS-FA12,quant-scope,1,0,FALSE
222,QS012B,google/gemma-4-e2b,baseline,QS-FA12,quant-scope,1,0,FALSE
222,QS012B,google/gemma-4-e2b,baseline,QS-FA12,quant-scope,1,0,FALSE
222,QS012B,google/gemma-4-e2b,baseline,QS-FA12,quant-scope,1,0,FALSE
222,QS012B,google/gemma-4-e2b,baseline,QS-FA12,quant-scope,1,0,FALSE
222,QS012B,google/gemma-4-e2b,baseline,QS-FA12,quant-scope,1,0,FALSE
223,QS013A,google/gemma-4-e2b,baseline,QS-FA13,quant-scope,0,0,TRUE
223,QS013A,google/gemma-4-e2b,baseline,QS-FA13,quant-scope,0,0,TRUE
223,QS013A,google/gemma-4-e2b,baseline,QS-FA13,quant-scope,0,0,TRUE
223,QS013A,google/gemma-4-e2b,baseline,QS-FA13,quant-scope,0,0,TRUE
223,QS013A,google/gemma-4-e2b,baseline,QS-FA13,quant-scope,0,0,TRUE
223,QS013A,google/gemma-4-e2b,baseline,QS-FA13,quant-scope,0,0,TRUE
224,QS013B,google/gemma-4-e2b,baseline,QS-FA13,quant-scope,1,0,FALSE
224,QS013B,google/gemma-4-e2b,baseline,QS-FA13,quant-scope,1,0,FALSE
224,QS013B,google/gemma-4-e2b,baseline,QS-FA13,quant-scope,1,0,FALSE
224,QS013B,google/gemma-4-e2b,baseline,QS-FA13,quant-scope,1,0,FALSE
224,QS013B,google/gemma-4-e2b,baseline,QS-FA13,quant-scope,1,0,FALSE
224,QS013B,google/gemma-4-e2b,baseline,QS-FA13,quant-scope,1,0,FALSE
225,QS014A,google/gemma-4-e2b,baseline,QS-FA14,quant-scope,1,0,TRUE
225,QS014A,google/gemma-4-e2b,baseline,QS-FA14,quant-scope,0,0,TRUE
225,QS014A,google/gemma-4-e2b,baseline,QS-FA14,quant-scope,0,0,TRUE
225,QS014A,google/gemma-4-e2b,baseline,QS-FA14,quant-scope,0,0,TRUE
225,QS014A,google/gemma-4-e2b,baseline,QS-FA14,quant-scope,0,0,TRUE
225,QS014A,google/gemma-4-e2b,baseline,QS-FA14,quant-scope,0,0,TRUE
226,QS014B,google/gemma-4-e2b,baseline,QS-FA14,quant-scope,1,0,FALSE
226,QS014B,google/gemma-4-e2b,baseline,QS-FA14,quant-scope,1,0,FALSE
226,QS014B,google/gemma-4-e2b,baseline,QS-FA14,quant-scope,1,0,FALSE
226,QS014B,google/gemma-4-e2b,baseline,QS-FA14,quant-scope,1,0,FALSE
226,QS014B,google/gemma-4-e2b,baseline,QS-FA14,quant-scope,1,0,FALSE
226,QS014B,google/gemma-4-e2b,baseline,QS-FA14,quant-scope,1,0,FALSE
227,QS015A,google/gemma-4-e2b,baseline,QS-FA15,quant-scope,1,0,TRUE
227,QS015A,google/gemma-4-e2b,baseline,QS-FA15,quant-scope,0,0,TRUE
227,QS015A,google/gemma-4-e2b,baseline,QS-FA15,quant-scope,1,0,TRUE
227,QS015A,google/gemma-4-e2b,baseline,QS-FA15,quant-scope,1,0,TRUE
227,QS015A,google/gemma-4-e2b,baseline,QS-FA15,quant-scope,1,0,TRUE
227,QS015A,google/gemma-4-e2b,baseline,QS-FA15,quant-scope,1,0,TRUE
228,QS015B,google/gemma-4-e2b,baseline,QS-FA15,quant-scope,1,0,FALSE
228,QS015B,google/gemma-4-e2b,baseline,QS-FA15,quant-scope,1,0,FALSE
228,QS015B,google/gemma-4-e2b,baseline,QS-FA15,quant-scope,1,0,FALSE
228,QS015B,google/gemma-4-e2b,baseline,QS-FA15,quant-scope,1,0,FALSE
228,QS015B,google/gemma-4-e2b,baseline,QS-FA15,quant-scope,1,0,FALSE
228,QS015B,google/gemma-4-e2b,baseline,QS-FA15,quant-scope,1,0,FALSE
229,QS016A,google/gemma-4-e2b,baseline,QS-FA16,quant-scope,0,0,TRUE
229,QS016A,google/gemma-4-e2b,baseline,QS-FA16,quant-scope,1,0,TRUE
229,QS016A,google/gemma-4-e2b,baseline,QS-FA16,quant-scope,1,0,TRUE
229,QS016A,google/gemma-4-e2b,baseline,QS-FA16,quant-scope,1,0,TRUE
229,QS016A,google/gemma-4-e2b,baseline,QS-FA16,quant-scope,1,0,TRUE
229,QS016A,google/gemma-4-e2b,baseline,QS-FA16,quant-scope,1,0,TRUE
230,QS016B,google/gemma-4-e2b,baseline,QS-FA16,quant-scope,1,0,FALSE
230,QS016B,google/gemma-4-e2b,baseline,QS-FA16,quant-scope,1,0,FALSE
230,QS016B,google/gemma-4-e2b,baseline,QS-FA16,quant-scope,1,0,FALSE
230,QS016B,google/gemma-4-e2b,baseline,QS-FA16,quant-scope,1,0,FALSE
230,QS016B,google/gemma-4-e2b,baseline,QS-FA16,quant-scope,1,0,FALSE
230,QS016B,google/gemma-4-e2b,baseline,QS-FA16,quant-scope,1,0,FALSE
231,QS017A,google/gemma-4-e2b,baseline,QS-FA17,quant-scope,1,0,TRUE
231,QS017A,google/gemma-4-e2b,baseline,QS-FA17,quant-scope,1,0,TRUE
231,QS017A,google/gemma-4-e2b,baseline,QS-FA17,quant-scope,1,0,TRUE
231,QS017A,google/gemma-4-e2b,baseline,QS-FA17,quant-scope,1,0,TRUE
231,QS017A,google/gemma-4-e2b,baseline,QS-FA17,quant-scope,1,0,TRUE
231,QS017A,google/gemma-4-e2b,baseline,QS-FA17,quant-scope,1,0,TRUE
232,QS017B,google/gemma-4-e2b,baseline,QS-FA17,quant-scope,1,0,FALSE
232,QS017B,google/gemma-4-e2b,baseline,QS-FA17,quant-scope,1,0,FALSE
232,QS017B,google/gemma-4-e2b,baseline,QS-FA17,quant-scope,1,0,FALSE
232,QS017B,google/gemma-4-e2b,baseline,QS-FA17,quant-scope,1,0,FALSE
232,QS017B,google/gemma-4-e2b,baseline,QS-FA17,quant-scope,1,0,FALSE
232,QS017B,google/gemma-4-e2b,baseline,QS-FA17,quant-scope,1,0,FALSE
233,QS018A,google/gemma-4-e2b,baseline,QS-FA18,quant-scope,1,0,TRUE
233,QS018A,google/gemma-4-e2b,baseline,QS-FA18,quant-scope,0,0,TRUE
233,QS018A,google/gemma-4-e2b,baseline,QS-FA18,quant-scope,0,0,TRUE
233,QS018A,google/gemma-4-e2b,baseline,QS-FA18,quant-scope,0,0,TRUE
233,QS018A,google/gemma-4-e2b,baseline,QS-FA18,quant-scope,0,0,TRUE
233,QS018A,google/gemma-4-e2b,baseline,QS-FA18,quant-scope,0,0,TRUE
234,QS018B,google/gemma-4-e2b,baseline,QS-FA18,quant-scope,1,0,FALSE
234,QS018B,google/gemma-4-e2b,baseline,QS-FA18,quant-scope,1,0,FALSE
234,QS018B,google/gemma-4-e2b,baseline,QS-FA18,quant-scope,1,0,FALSE
234,QS018B,google/gemma-4-e2b,baseline,QS-FA18,quant-scope,1,0,FALSE
234,QS018B,google/gemma-4-e2b,baseline,QS-FA18,quant-scope,1,0,FALSE
234,QS018B,google/gemma-4-e2b,baseline,QS-FA18,quant-scope,1,0,FALSE
235,QS019A,google/gemma-4-e2b,baseline,QS-FA19,quant-scope,0,0,TRUE
235,QS019A,google/gemma-4-e2b,baseline,QS-FA19,quant-scope,1,0,TRUE
235,QS019A,google/gemma-4-e2b,baseline,QS-FA19,quant-scope,1,0,TRUE
235,QS019A,google/gemma-4-e2b,baseline,QS-FA19,quant-scope,1,0,TRUE
235,QS019A,google/gemma-4-e2b,baseline,QS-FA19,quant-scope,1,0,TRUE
235,QS019A,google/gemma-4-e2b,baseline,QS-FA19,quant-scope,1,0,TRUE
236,QS019B,google/gemma-4-e2b,baseline,QS-FA19,quant-scope,1,0,FALSE
236,QS019B,google/gemma-4-e2b,baseline,QS-FA19,quant-scope,1,0,FALSE
236,QS019B,google/gemma-4-e2b,baseline,QS-FA19,quant-scope,1,0,FALSE
236,QS019B,google/gemma-4-e2b,baseline,QS-FA19,quant-scope,1,0,FALSE
236,QS019B,google/gemma-4-e2b,baseline,QS-FA19,quant-scope,1,0,FALSE
236,QS019B,google/gemma-4-e2b,baseline,QS-FA19,quant-scope,1,0,FALSE
237,QS020A,google/gemma-4-e2b,baseline,QS-FA20,quant-scope,1,0,TRUE
237,QS020A,google/gemma-4-e2b,baseline,QS-FA20,quant-scope,0,0,TRUE
237,QS020A,google/gemma-4-e2b,baseline,QS-FA20,quant-scope,0,0,TRUE
237,QS020A,google/gemma-4-e2b,baseline,QS-FA20,quant-scope,0,0,TRUE
237,QS020A,google/gemma-4-e2b,baseline,QS-FA20,quant-scope,0,0,TRUE
237,QS020A,google/gemma-4-e2b,baseline,QS-FA20,quant-scope,0,0,TRUE
238,QS020B,google/gemma-4-e2b,baseline,QS-FA20,quant-scope,1,0,FALSE
238,QS020B,google/gemma-4-e2b,baseline,QS-FA20,quant-scope,1,0,FALSE
238,QS020B,google/gemma-4-e2b,baseline,QS-FA20,quant-scope,1,0,FALSE
238,QS020B,google/gemma-4-e2b,baseline,QS-FA20,quant-scope,1,0,FALSE
238,QS020B,google/gemma-4-e2b,baseline,QS-FA20,quant-scope,1,0,FALSE
238,QS020B,google/gemma-4-e2b,baseline,QS-FA20,quant-scope,1,0,FALSE
239,QS021A,google/gemma-4-e2b,baseline,QS-FA21,quant-scope,1,0,TRUE
239,QS021A,google/gemma-4-e2b,baseline,QS-FA21,quant-scope,0,0,TRUE
239,QS021A,google/gemma-4-e2b,baseline,QS-FA21,quant-scope,0,0,TRUE
239,QS021A,google/gemma-4-e2b,baseline,QS-FA21,quant-scope,0,0,TRUE
239,QS021A,google/gemma-4-e2b,baseline,QS-FA21,quant-scope,0,0,TRUE
239,QS021A,google/gemma-4-e2b,baseline,QS-FA21,quant-scope,0,0,TRUE
240,QS021B,google/gemma-4-e2b,baseline,QS-FA21,quant-scope,1,0,FALSE
240,QS021B,google/gemma-4-e2b,baseline,QS-FA21,quant-scope,1,0,FALSE
240,QS021B,google/gemma-4-e2b,baseline,QS-FA21,quant-scope,1,0,FALSE
240,QS021B,google/gemma-4-e2b,baseline,QS-FA21,quant-scope,1,0,FALSE
240,QS021B,google/gemma-4-e2b,baseline,QS-FA21,quant-scope,1,0,FALSE
240,QS021B,google/gemma-4-e2b,baseline,QS-FA21,quant-scope,1,0,FALSE
241,QS022A,google/gemma-4-e2b,baseline,QS-FA22,quant-scope,1,0,TRUE
241,QS022A,google/gemma-4-e2b,baseline,QS-FA22,quant-scope,1,0,TRUE
241,QS022A,google/gemma-4-e2b,baseline,QS-FA22,quant-scope,1,0,TRUE
241,QS022A,google/gemma-4-e2b,baseline,QS-FA22,quant-scope,1,0,TRUE
241,QS022A,google/gemma-4-e2b,baseline,QS-FA22,quant-scope,1,0,TRUE
241,QS022A,google/gemma-4-e2b,baseline,QS-FA22,quant-scope,1,0,TRUE
242,QS022B,google/gemma-4-e2b,baseline,QS-FA22,quant-scope,1,0,FALSE
242,QS022B,google/gemma-4-e2b,baseline,QS-FA22,quant-scope,1,0,FALSE
242,QS022B,google/gemma-4-e2b,baseline,QS-FA22,quant-scope,1,0,FALSE
242,QS022B,google/gemma-4-e2b,baseline,QS-FA22,quant-scope,1,0,FALSE
242,QS022B,google/gemma-4-e2b,baseline,QS-FA22,quant-scope,1,0,FALSE
242,QS022B,google/gemma-4-e2b,baseline,QS-FA22,quant-scope,1,0,FALSE
243,QS023A,google/gemma-4-e2b,baseline,QS-FA23,quant-scope,1,0,TRUE
243,QS023A,google/gemma-4-e2b,baseline,QS-FA23,quant-scope,0,0,TRUE
243,QS023A,google/gemma-4-e2b,baseline,QS-FA23,quant-scope,0,0,TRUE
243,QS023A,google/gemma-4-e2b,baseline,QS-FA23,quant-scope,0,0,TRUE
243,QS023A,google/gemma-4-e2b,baseline,QS-FA23,quant-scope,0,0,TRUE
243,QS023A,google/gemma-4-e2b,baseline,QS-FA23,quant-scope,0,0,TRUE
244,QS023B,google/gemma-4-e2b,baseline,QS-FA23,quant-scope,1,0,FALSE
244,QS023B,google/gemma-4-e2b,baseline,QS-FA23,quant-scope,1,0,FALSE
244,QS023B,google/gemma-4-e2b,baseline,QS-FA23,quant-scope,1,0,FALSE
244,QS023B,google/gemma-4-e2b,baseline,QS-FA23,quant-scope,1,0,FALSE
244,QS023B,google/gemma-4-e2b,baseline,QS-FA23,quant-scope,1,0,FALSE
244,QS023B,google/gemma-4-e2b,baseline,QS-FA23,quant-scope,1,0,FALSE
245,QS024A,google/gemma-4-e2b,baseline,QS-FA24,quant-scope,1,0,TRUE
245,QS024A,google/gemma-4-e2b,baseline,QS-FA24,quant-scope,1,0,TRUE
245,QS024A,google/gemma-4-e2b,baseline,QS-FA24,quant-scope,1,0,TRUE
245,QS024A,google/gemma-4-e2b,baseline,QS-FA24,quant-scope,1,0,TRUE
245,QS024A,google/gemma-4-e2b,baseline,QS-FA24,quant-scope,1,0,TRUE
245,QS024A,google/gemma-4-e2b,baseline,QS-FA24,quant-scope,1,0,TRUE
246,QS024B,google/gemma-4-e2b,baseline,QS-FA24,quant-scope,1,0,FALSE
246,QS024B,google/gemma-4-e2b,baseline,QS-FA24,quant-scope,1,0,FALSE
246,QS024B,google/gemma-4-e2b,baseline,QS-FA24,quant-scope,1,0,FALSE
246,QS024B,google/gemma-4-e2b,baseline,QS-FA24,quant-scope,1,0,FALSE
246,QS024B,google/gemma-4-e2b,baseline,QS-FA24,quant-scope,1,0,FALSE
246,QS024B,google/gemma-4-e2b,baseline,QS-FA24,quant-scope,1,0,FALSE
247,QS025A,google/gemma-4-e2b,baseline,QS-FA25,quant-scope,1,0,TRUE
247,QS025A,google/gemma-4-e2b,baseline,QS-FA25,quant-scope,0,0,TRUE
247,QS025A,google/gemma-4-e2b,baseline,QS-FA25,quant-scope,0,0,TRUE
247,QS025A,google/gemma-4-e2b,baseline,QS-FA25,quant-scope,0,0,TRUE
247,QS025A,google/gemma-4-e2b,baseline,QS-FA25,quant-scope,0,0,TRUE
247,QS025A,google/gemma-4-e2b,baseline,QS-FA25,quant-scope,0,0,TRUE
248,QS025B,google/gemma-4-e2b,baseline,QS-FA25,quant-scope,1,0,FALSE
248,QS025B,google/gemma-4-e2b,baseline,QS-FA25,quant-scope,1,0,FALSE
248,QS025B,google/gemma-4-e2b,baseline,QS-FA25,quant-scope,1,0,FALSE
248,QS025B,google/gemma-4-e2b,baseline,QS-FA25,quant-scope,1,0,FALSE
248,QS025B,google/gemma-4-e2b,baseline,QS-FA25,quant-scope,1,0,FALSE
248,QS025B,google/gemma-4-e2b,baseline,QS-FA25,quant-scope,1,0,FALSE
249,QS026A,google/gemma-4-e2b,baseline,QS-FA26,quant-scope,1,0,TRUE
249,QS026A,google/gemma-4-e2b,baseline,QS-FA26,quant-scope,1,0,TRUE
249,QS026A,google/gemma-4-e2b,baseline,QS-FA26,quant-scope,1,0,TRUE
249,QS026A,google/gemma-4-e2b,baseline,QS-FA26,quant-scope,1,0,TRUE
249,QS026A,google/gemma-4-e2b,baseline,QS-FA26,quant-scope,1,0,TRUE
249,QS026A,google/gemma-4-e2b,baseline,QS-FA26,quant-scope,1,0,TRUE
250,QS026B,google/gemma-4-e2b,baseline,QS-FA26,quant-scope,1,0,FALSE
250,QS026B,google/gemma-4-e2b,baseline,QS-FA26,quant-scope,1,0,FALSE
250,QS026B,google/gemma-4-e2b,baseline,QS-FA26,quant-scope,1,0,FALSE
250,QS026B,google/gemma-4-e2b,baseline,QS-FA26,quant-scope,1,0,FALSE
250,QS026B,google/gemma-4-e2b,baseline,QS-FA26,quant-scope,1,0,FALSE
250,QS026B,google/gemma-4-e2b,baseline,QS-FA26,quant-scope,1,0,FALSE
251,QS027A,google/gemma-4-e2b,baseline,QS-FA27,quant-scope,1,0,TRUE
251,QS027A,google/gemma-4-e2b,baseline,QS-FA27,quant-scope,0,0,TRUE
251,QS027A,google/gemma-4-e2b,baseline,QS-FA27,quant-scope,1,0,TRUE
251,QS027A,google/gemma-4-e2b,baseline,QS-FA27,quant-scope,1,0,TRUE
251,QS027A,google/gemma-4-e2b,baseline,QS-FA27,quant-scope,1,0,TRUE
251,QS027A,google/gemma-4-e2b,baseline,QS-FA27,quant-scope,1,0,TRUE
252,QS027B,google/gemma-4-e2b,baseline,QS-FA27,quant-scope,1,0,FALSE
252,QS027B,google/gemma-4-e2b,baseline,QS-FA27,quant-scope,1,0,FALSE
252,QS027B,google/gemma-4-e2b,baseline,QS-FA27,quant-scope,1,0,FALSE
252,QS027B,google/gemma-4-e2b,baseline,QS-FA27,quant-scope,1,0,FALSE
252,QS027B,google/gemma-4-e2b,baseline,QS-FA27,quant-scope,1,0,FALSE
252,QS027B,google/gemma-4-e2b,baseline,QS-FA27,quant-scope,1,0,FALSE
253,QS028A,google/gemma-4-e2b,baseline,QS-FA28,quant-scope,1,0,TRUE
253,QS028A,google/gemma-4-e2b,baseline,QS-FA28,quant-scope,1,0,TRUE
253,QS028A,google/gemma-4-e2b,baseline,QS-FA28,quant-scope,1,0,TRUE
253,QS028A,google/gemma-4-e2b,baseline,QS-FA28,quant-scope,1,0,TRUE
253,QS028A,google/gemma-4-e2b,baseline,QS-FA28,quant-scope,1,0,TRUE
253,QS028A,google/gemma-4-e2b,baseline,QS-FA28,quant-scope,1,0,TRUE
254,QS028B,google/gemma-4-e2b,baseline,QS-FA28,quant-scope,1,0,FALSE
254,QS028B,google/gemma-4-e2b,baseline,QS-FA28,quant-scope,1,0,FALSE
254,QS028B,google/gemma-4-e2b,baseline,QS-FA28,quant-scope,1,0,FALSE
254,QS028B,google/gemma-4-e2b,baseline,QS-FA28,quant-scope,1,0,FALSE
254,QS028B,google/gemma-4-e2b,baseline,QS-FA28,quant-scope,1,0,FALSE
254,QS028B,google/gemma-4-e2b,baseline,QS-FA28,quant-scope,1,0,FALSE
255,QS029A,google/gemma-4-e2b,baseline,QS-FA29,quant-scope,1,0,TRUE
255,QS029A,google/gemma-4-e2b,baseline,QS-FA29,quant-scope,0,0,TRUE
255,QS029A,google/gemma-4-e2b,baseline,QS-FA29,quant-scope,0,0,TRUE
255,QS029A,google/gemma-4-e2b,baseline,QS-FA29,quant-scope,0,0,TRUE
255,QS029A,google/gemma-4-e2b,baseline,QS-FA29,quant-scope,0,0,TRUE
255,QS029A,google/gemma-4-e2b,baseline,QS-FA29,quant-scope,0,0,TRUE
256,QS029B,google/gemma-4-e2b,baseline,QS-FA29,quant-scope,1,0,FALSE
256,QS029B,google/gemma-4-e2b,baseline,QS-FA29,quant-scope,1,0,FALSE
256,QS029B,google/gemma-4-e2b,baseline,QS-FA29,quant-scope,1,0,FALSE
256,QS029B,google/gemma-4-e2b,baseline,QS-FA29,quant-scope,1,0,FALSE
256,QS029B,google/gemma-4-e2b,baseline,QS-FA29,quant-scope,1,0,FALSE
256,QS029B,google/gemma-4-e2b,baseline,QS-FA29,quant-scope,1,0,FALSE
257,QS030A,google/gemma-4-e2b,baseline,QS-FA30,quant-scope,1,0,TRUE
257,QS030A,google/gemma-4-e2b,baseline,QS-FA30,quant-scope,0,0,TRUE
257,QS030A,google/gemma-4-e2b,baseline,QS-FA30,quant-scope,0,0,TRUE
257,QS030A,google/gemma-4-e2b,baseline,QS-FA30,quant-scope,0,0,TRUE
257,QS030A,google/gemma-4-e2b,baseline,QS-FA30,quant-scope,0,0,TRUE
257,QS030A,google/gemma-4-e2b,baseline,QS-FA30,quant-scope,0,0,TRUE
258,QS030B,google/gemma-4-e2b,baseline,QS-FA30,quant-scope,1,0,FALSE
258,QS030B,google/gemma-4-e2b,baseline,QS-FA30,quant-scope,1,0,FALSE
258,QS030B,google/gemma-4-e2b,baseline,QS-FA30,quant-scope,1,0,FALSE
258,QS030B,google/gemma-4-e2b,baseline,QS-FA30,quant-scope,1,0,FALSE
258,QS030B,google/gemma-4-e2b,baseline,QS-FA30,quant-scope,1,0,FALSE
258,QS030B,google/gemma-4-e2b,baseline,QS-FA30,quant-scope,1,0,FALSE
259,QS031A,google/gemma-4-e2b,baseline,QS-FA31,quant-scope,1,0,TRUE
259,QS031A,google/gemma-4-e2b,baseline,QS-FA31,quant-scope,1,0,TRUE
259,QS031A,google/gemma-4-e2b,baseline,QS-FA31,quant-scope,1,0,TRUE
259,QS031A,google/gemma-4-e2b,baseline,QS-FA31,quant-scope,1,0,TRUE
259,QS031A,google/gemma-4-e2b,baseline,QS-FA31,quant-scope,1,0,TRUE
259,QS031A,google/gemma-4-e2b,baseline,QS-FA31,quant-scope,1,0,TRUE
260,QS031B,google/gemma-4-e2b,baseline,QS-FA31,quant-scope,1,0,FALSE
260,QS031B,google/gemma-4-e2b,baseline,QS-FA31,quant-scope,1,0,FALSE
260,QS031B,google/gemma-4-e2b,baseline,QS-FA31,quant-scope,1,0,FALSE
260,QS031B,google/gemma-4-e2b,baseline,QS-FA31,quant-scope,1,0,FALSE
260,QS031B,google/gemma-4-e2b,baseline,QS-FA31,quant-scope,1,0,FALSE
260,QS031B,google/gemma-4-e2b,baseline,QS-FA31,quant-scope,1,0,FALSE
261,QS032A,google/gemma-4-e2b,baseline,QS-FA32,quant-scope,1,0,TRUE
261,QS032A,google/gemma-4-e2b,baseline,QS-FA32,quant-scope,0,0,TRUE
261,QS032A,google/gemma-4-e2b,baseline,QS-FA32,quant-scope,0,0,TRUE
261,QS032A,google/gemma-4-e2b,baseline,QS-FA32,quant-scope,0,0,TRUE
261,QS032A,google/gemma-4-e2b,baseline,QS-FA32,quant-scope,0,0,TRUE
261,QS032A,google/gemma-4-e2b,baseline,QS-FA32,quant-scope,0,0,TRUE
262,QS032B,google/gemma-4-e2b,baseline,QS-FA32,quant-scope,1,0,FALSE
262,QS032B,google/gemma-4-e2b,baseline,QS-FA32,quant-scope,1,0,FALSE
262,QS032B,google/gemma-4-e2b,baseline,QS-FA32,quant-scope,1,0,FALSE
262,QS032B,google/gemma-4-e2b,baseline,QS-FA32,quant-scope,1,0,FALSE
262,QS032B,google/gemma-4-e2b,baseline,QS-FA32,quant-scope,1,0,FALSE
262,QS032B,google/gemma-4-e2b,baseline,QS-FA32,quant-scope,1,0,FALSE
263,QS033A,google/gemma-4-e2b,baseline,QS-FA33,quant-scope,1,0,TRUE
263,QS033A,google/gemma-4-e2b,baseline,QS-FA33,quant-scope,0,0,TRUE
263,QS033A,google/gemma-4-e2b,baseline,QS-FA33,quant-scope,0,0,TRUE
263,QS033A,google/gemma-4-e2b,baseline,QS-FA33,quant-scope,0,0,TRUE
263,QS033A,google/gemma-4-e2b,baseline,QS-FA33,quant-scope,0,0,TRUE
263,QS033A,google/gemma-4-e2b,baseline,QS-FA33,quant-scope,0,0,TRUE
264,QS033B,google/gemma-4-e2b,baseline,QS-FA33,quant-scope,1,0,FALSE
264,QS033B,google/gemma-4-e2b,baseline,QS-FA33,quant-scope,1,0,FALSE
264,QS033B,google/gemma-4-e2b,baseline,QS-FA33,quant-scope,1,0,FALSE
264,QS033B,google/gemma-4-e2b,baseline,QS-FA33,quant-scope,1,0,FALSE
264,QS033B,google/gemma-4-e2b,baseline,QS-FA33,quant-scope,1,0,FALSE
264,QS033B,google/gemma-4-e2b,baseline,QS-FA33,quant-scope,1,0,FALSE
265,QS034A,google/gemma-4-e2b,baseline,QS-FA34,quant-scope,1,0,TRUE
265,QS034A,google/gemma-4-e2b,baseline,QS-FA34,quant-scope,0,0,TRUE
265,QS034A,google/gemma-4-e2b,baseline,QS-FA34,quant-scope,1,0,TRUE
265,QS034A,google/gemma-4-e2b,baseline,QS-FA34,quant-scope,1,0,TRUE
265,QS034A,google/gemma-4-e2b,baseline,QS-FA34,quant-scope,1,0,TRUE
265,QS034A,google/gemma-4-e2b,baseline,QS-FA34,quant-scope,1,0,TRUE
266,QS034B,google/gemma-4-e2b,baseline,QS-FA34,quant-scope,1,0,FALSE
266,QS034B,google/gemma-4-e2b,baseline,QS-FA34,quant-scope,1,0,FALSE
266,QS034B,google/gemma-4-e2b,baseline,QS-FA34,quant-scope,1,0,FALSE
266,QS034B,google/gemma-4-e2b,baseline,QS-FA34,quant-scope,1,0,FALSE
266,QS034B,google/gemma-4-e2b,baseline,QS-FA34,quant-scope,1,0,FALSE
266,QS034B,google/gemma-4-e2b,baseline,QS-FA34,quant-scope,1,0,FALSE
267,QS035A,google/gemma-4-e2b,baseline,QS-FA35,quant-scope,1,0,TRUE
267,QS035A,google/gemma-4-e2b,baseline,QS-FA35,quant-scope,1,0,TRUE
267,QS035A,google/gemma-4-e2b,baseline,QS-FA35,quant-scope,1,0,TRUE
267,QS035A,google/gemma-4-e2b,baseline,QS-FA35,quant-scope,1,0,TRUE
267,QS035A,google/gemma-4-e2b,baseline,QS-FA35,quant-scope,1,0,TRUE
267,QS035A,google/gemma-4-e2b,baseline,QS-FA35,quant-scope,1,0,TRUE
268,QS035B,google/gemma-4-e2b,baseline,QS-FA35,quant-scope,1,0,FALSE
268,QS035B,google/gemma-4-e2b,baseline,QS-FA35,quant-scope,1,0,FALSE
268,QS035B,google/gemma-4-e2b,baseline,QS-FA35,quant-scope,1,0,FALSE
268,QS035B,google/gemma-4-e2b,baseline,QS-FA35,quant-scope,1,0,FALSE
268,QS035B,google/gemma-4-e2b,baseline,QS-FA35,quant-scope,1,0,FALSE
268,QS035B,google/gemma-4-e2b,baseline,QS-FA35,quant-scope,1,0,FALSE
269,QS036A,google/gemma-4-e2b,baseline,QS-FA36,quant-scope,1,0,TRUE
269,QS036A,google/gemma-4-e2b,baseline,QS-FA36,quant-scope,1,0,TRUE
269,QS036A,google/gemma-4-e2b,baseline,QS-FA36,quant-scope,1,0,TRUE
269,QS036A,google/gemma-4-e2b,baseline,QS-FA36,quant-scope,1,0,TRUE
269,QS036A,google/gemma-4-e2b,baseline,QS-FA36,quant-scope,1,0,TRUE
269,QS036A,google/gemma-4-e2b,baseline,QS-FA36,quant-scope,1,0,TRUE
270,QS036B,google/gemma-4-e2b,baseline,QS-FA36,quant-scope,1,0,FALSE
270,QS036B,google/gemma-4-e2b,baseline,QS-FA36,quant-scope,1,0,FALSE
270,QS036B,google/gemma-4-e2b,baseline,QS-FA36,quant-scope,1,0,FALSE
270,QS036B,google/gemma-4-e2b,baseline,QS-FA36,quant-scope,1,0,FALSE
270,QS036B,google/gemma-4-e2b,baseline,QS-FA36,quant-scope,1,0,FALSE
270,QS036B,google/gemma-4-e2b,baseline,QS-FA36,quant-scope,1,0,FALSE
271,QS037A,google/gemma-4-e2b,baseline,QS-FA37,quant-scope,1,0,TRUE
271,QS037A,google/gemma-4-e2b,baseline,QS-FA37,quant-scope,1,0,TRUE
271,QS037A,google/gemma-4-e2b,baseline,QS-FA37,quant-scope,1,0,TRUE
271,QS037A,google/gemma-4-e2b,baseline,QS-FA37,quant-scope,1,0,TRUE
271,QS037A,google/gemma-4-e2b,baseline,QS-FA37,quant-scope,1,0,TRUE
271,QS037A,google/gemma-4-e2b,baseline,QS-FA37,quant-scope,1,0,TRUE
272,QS037B,google/gemma-4-e2b,baseline,QS-FA37,quant-scope,1,0,FALSE
272,QS037B,google/gemma-4-e2b,baseline,QS-FA37,quant-scope,1,0,FALSE
272,QS037B,google/gemma-4-e2b,baseline,QS-FA37,quant-scope,1,0,FALSE
272,QS037B,google/gemma-4-e2b,baseline,QS-FA37,quant-scope,1,0,FALSE
272,QS037B,google/gemma-4-e2b,baseline,QS-FA37,quant-scope,1,0,FALSE
272,QS037B,google/gemma-4-e2b,baseline,QS-FA37,quant-scope,1,0,FALSE
273,QS038A,google/gemma-4-e2b,baseline,QS-FA38,quant-scope,1,0,TRUE
273,QS038A,google/gemma-4-e2b,baseline,QS-FA38,quant-scope,0,0,TRUE
273,QS038A,google/gemma-4-e2b,baseline,QS-FA38,quant-scope,0,0,TRUE
273,QS038A,google/gemma-4-e2b,baseline,QS-FA38,quant-scope,0,0,TRUE
273,QS038A,google/gemma-4-e2b,baseline,QS-FA38,quant-scope,0,0,TRUE
273,QS038A,google/gemma-4-e2b,baseline,QS-FA38,quant-scope,0,0,TRUE
274,QS038B,google/gemma-4-e2b,baseline,QS-FA38,quant-scope,1,0,FALSE
274,QS038B,google/gemma-4-e2b,baseline,QS-FA38,quant-scope,1,0,FALSE
274,QS038B,google/gemma-4-e2b,baseline,QS-FA38,quant-scope,1,0,FALSE
274,QS038B,google/gemma-4-e2b,baseline,QS-FA38,quant-scope,1,0,FALSE
274,QS038B,google/gemma-4-e2b,baseline,QS-FA38,quant-scope,1,0,FALSE
274,QS038B,google/gemma-4-e2b,baseline,QS-FA38,quant-scope,1,0,FALSE
275,QS039A,google/gemma-4-e2b,baseline,QS-FA39,quant-scope,1,0,TRUE
275,QS039A,google/gemma-4-e2b,baseline,QS-FA39,quant-scope,0,0,TRUE
275,QS039A,google/gemma-4-e2b,baseline,QS-FA39,quant-scope,0,0,TRUE
275,QS039A,google/gemma-4-e2b,baseline,QS-FA39,quant-scope,0,0,TRUE
275,QS039A,google/gemma-4-e2b,baseline,QS-FA39,quant-scope,0,0,TRUE
275,QS039A,google/gemma-4-e2b,baseline,QS-FA39,quant-scope,0,0,TRUE
276,QS039B,google/gemma-4-e2b,baseline,QS-FA39,quant-scope,1,0,FALSE
276,QS039B,google/gemma-4-e2b,baseline,QS-FA39,quant-scope,1,0,FALSE
276,QS039B,google/gemma-4-e2b,baseline,QS-FA39,quant-scope,1,0,FALSE
276,QS039B,google/gemma-4-e2b,baseline,QS-FA39,quant-scope,1,0,FALSE
276,QS039B,google/gemma-4-e2b,baseline,QS-FA39,quant-scope,1,0,FALSE
276,QS039B,google/gemma-4-e2b,baseline,QS-FA39,quant-scope,1,0,FALSE
277,QS040A,google/gemma-4-e2b,baseline,QS-FA40,quant-scope,1,0,TRUE
277,QS040A,google/gemma-4-e2b,baseline,QS-FA40,quant-scope,1,0,TRUE
277,QS040A,google/gemma-4-e2b,baseline,QS-FA40,quant-scope,1,0,TRUE
277,QS040A,google/gemma-4-e2b,baseline,QS-FA40,quant-scope,1,0,TRUE
277,QS040A,google/gemma-4-e2b,baseline,QS-FA40,quant-scope,1,0,TRUE
277,QS040A,google/gemma-4-e2b,baseline,QS-FA40,quant-scope,1,0,TRUE
278,QS040B,google/gemma-4-e2b,baseline,QS-FA40,quant-scope,1,0,FALSE
278,QS040B,google/gemma-4-e2b,baseline,QS-FA40,quant-scope,1,0,FALSE
278,QS040B,google/gemma-4-e2b,baseline,QS-FA40,quant-scope,1,0,FALSE
278,QS040B,google/gemma-4-e2b,baseline,QS-FA40,quant-scope,1,0,FALSE
278,QS040B,google/gemma-4-e2b,baseline,QS-FA40,quant-scope,1,0,FALSE
278,QS040B,google/gemma-4-e2b,baseline,QS-FA40,quant-scope,1,0,FALSE
279,QS041A,google/gemma-4-e2b,baseline,QS-FA41,quant-scope,1,0,TRUE
279,QS041A,google/gemma-4-e2b,baseline,QS-FA41,quant-scope,1,0,TRUE
279,QS041A,google/gemma-4-e2b,baseline,QS-FA41,quant-scope,1,0,TRUE
279,QS041A,google/gemma-4-e2b,baseline,QS-FA41,quant-scope,1,0,TRUE
279,QS041A,google/gemma-4-e2b,baseline,QS-FA41,quant-scope,1,0,TRUE
279,QS041A,google/gemma-4-e2b,baseline,QS-FA41,quant-scope,1,0,TRUE
280,QS041B,google/gemma-4-e2b,baseline,QS-FA41,quant-scope,1,0,FALSE
280,QS041B,google/gemma-4-e2b,baseline,QS-FA41,quant-scope,1,0,FALSE
280,QS041B,google/gemma-4-e2b,baseline,QS-FA41,quant-scope,1,0,FALSE
280,QS041B,google/gemma-4-e2b,baseline,QS-FA41,quant-scope,1,0,FALSE
280,QS041B,google/gemma-4-e2b,baseline,QS-FA41,quant-scope,1,0,FALSE
280,QS041B,google/gemma-4-e2b,baseline,QS-FA41,quant-scope,1,0,FALSE
281,QS042A,google/gemma-4-e2b,baseline,QS-FA42,quant-scope,0,0,TRUE
281,QS042A,google/gemma-4-e2b,baseline,QS-FA42,quant-scope,1,0,TRUE
281,QS042A,google/gemma-4-e2b,baseline,QS-FA42,quant-scope,1,0,TRUE
281,QS042A,google/gemma-4-e2b,baseline,QS-FA42,quant-scope,1,0,TRUE
281,QS042A,google/gemma-4-e2b,baseline,QS-FA42,quant-scope,1,0,TRUE
281,QS042A,google/gemma-4-e2b,baseline,QS-FA42,quant-scope,1,0,TRUE
282,QS042B,google/gemma-4-e2b,baseline,QS-FA42,quant-scope,1,0,FALSE
282,QS042B,google/gemma-4-e2b,baseline,QS-FA42,quant-scope,1,0,FALSE
282,QS042B,google/gemma-4-e2b,baseline,QS-FA42,quant-scope,1,0,FALSE
282,QS042B,google/gemma-4-e2b,baseline,QS-FA42,quant-scope,1,0,FALSE
282,QS042B,google/gemma-4-e2b,baseline,QS-FA42,quant-scope,1,0,FALSE
282,QS042B,google/gemma-4-e2b,baseline,QS-FA42,quant-scope,1,0,FALSE
283,QS043A,google/gemma-4-e2b,baseline,QS-FA43,quant-scope,1,0,TRUE
283,QS043A,google/gemma-4-e2b,baseline,QS-FA43,quant-scope,0,0,TRUE
283,QS043A,google/gemma-4-e2b,baseline,QS-FA43,quant-scope,0,0,TRUE
283,QS043A,google/gemma-4-e2b,baseline,QS-FA43,quant-scope,0,0,TRUE
283,QS043A,google/gemma-4-e2b,baseline,QS-FA43,quant-scope,0,0,TRUE
283,QS043A,google/gemma-4-e2b,baseline,QS-FA43,quant-scope,0,0,TRUE
284,QS043B,google/gemma-4-e2b,baseline,QS-FA43,quant-scope,1,0,FALSE
284,QS043B,google/gemma-4-e2b,baseline,QS-FA43,quant-scope,1,0,FALSE
284,QS043B,google/gemma-4-e2b,baseline,QS-FA43,quant-scope,1,0,FALSE
284,QS043B,google/gemma-4-e2b,baseline,QS-FA43,quant-scope,1,0,FALSE
284,QS043B,google/gemma-4-e2b,baseline,QS-FA43,quant-scope,1,0,FALSE
284,QS043B,google/gemma-4-e2b,baseline,QS-FA43,quant-scope,1,0,FALSE
285,QS044A,google/gemma-4-e2b,baseline,QS-FA44,quant-scope,0,0,TRUE
285,QS044A,google/gemma-4-e2b,baseline,QS-FA44,quant-scope,1,0,TRUE
285,QS044A,google/gemma-4-e2b,baseline,QS-FA44,quant-scope,1,0,TRUE
285,QS044A,google/gemma-4-e2b,baseline,QS-FA44,quant-scope,1,0,TRUE
285,QS044A,google/gemma-4-e2b,baseline,QS-FA44,quant-scope,1,0,TRUE
285,QS044A,google/gemma-4-e2b,baseline,QS-FA44,quant-scope,1,0,TRUE
286,QS044B,google/gemma-4-e2b,baseline,QS-FA44,quant-scope,1,0,FALSE
286,QS044B,google/gemma-4-e2b,baseline,QS-FA44,quant-scope,1,0,FALSE
286,QS044B,google/gemma-4-e2b,baseline,QS-FA44,quant-scope,1,0,FALSE
286,QS044B,google/gemma-4-e2b,baseline,QS-FA44,quant-scope,1,0,FALSE
286,QS044B,google/gemma-4-e2b,baseline,QS-FA44,quant-scope,1,0,FALSE
286,QS044B,google/gemma-4-e2b,baseline,QS-FA44,quant-scope,1,0,FALSE
287,QS045A,google/gemma-4-e2b,baseline,QS-FA45,quant-scope,1,0,TRUE
287,QS045A,google/gemma-4-e2b,baseline,QS-FA45,quant-scope,0,0,TRUE
287,QS045A,google/gemma-4-e2b,baseline,QS-FA45,quant-scope,0,0,TRUE
287,QS045A,google/gemma-4-e2b,baseline,QS-FA45,quant-scope,0,0,TRUE
287,QS045A,google/gemma-4-e2b,baseline,QS-FA45,quant-scope,0,0,TRUE
287,QS045A,google/gemma-4-e2b,baseline,QS-FA45,quant-scope,0,0,TRUE
288,QS045B,google/gemma-4-e2b,baseline,QS-FA45,quant-scope,1,0,FALSE
288,QS045B,google/gemma-4-e2b,baseline,QS-FA45,quant-scope,1,0,FALSE
288,QS045B,google/gemma-4-e2b,baseline,QS-FA45,quant-scope,1,0,FALSE
288,QS045B,google/gemma-4-e2b,baseline,QS-FA45,quant-scope,1,0,FALSE
288,QS045B,google/gemma-4-e2b,baseline,QS-FA45,quant-scope,1,0,FALSE
288,QS045B,google/gemma-4-e2b,baseline,QS-FA45,quant-scope,1,0,FALSE
289,QS046A,google/gemma-4-e2b,baseline,QS-FA46,quant-scope,1,0,TRUE
289,QS046A,google/gemma-4-e2b,baseline,QS-FA46,quant-scope,1,0,TRUE
289,QS046A,google/gemma-4-e2b,baseline,QS-FA46,quant-scope,1,0,TRUE
289,QS046A,google/gemma-4-e2b,baseline,QS-FA46,quant-scope,1,0,TRUE
289,QS046A,google/gemma-4-e2b,baseline,QS-FA46,quant-scope,1,0,TRUE
289,QS046A,google/gemma-4-e2b,baseline,QS-FA46,quant-scope,1,0,TRUE
290,QS046B,google/gemma-4-e2b,baseline,QS-FA46,quant-scope,1,0,FALSE
290,QS046B,google/gemma-4-e2b,baseline,QS-FA46,quant-scope,1,0,FALSE
290,QS046B,google/gemma-4-e2b,baseline,QS-FA46,quant-scope,1,0,FALSE
290,QS046B,google/gemma-4-e2b,baseline,QS-FA46,quant-scope,1,0,FALSE
290,QS046B,google/gemma-4-e2b,baseline,QS-FA46,quant-scope,1,0,FALSE
290,QS046B,google/gemma-4-e2b,baseline,QS-FA46,quant-scope,1,0,FALSE
291,QS047A,google/gemma-4-e2b,baseline,QS-FA47,quant-scope,1,0,TRUE
291,QS047A,google/gemma-4-e2b,baseline,QS-FA47,quant-scope,1,0,TRUE
291,QS047A,google/gemma-4-e2b,baseline,QS-FA47,quant-scope,1,0,TRUE
291,QS047A,google/gemma-4-e2b,baseline,QS-FA47,quant-scope,1,0,TRUE
291,QS047A,google/gemma-4-e2b,baseline,QS-FA47,quant-scope,1,0,TRUE
291,QS047A,google/gemma-4-e2b,baseline,QS-FA47,quant-scope,1,0,TRUE
292,QS047B,google/gemma-4-e2b,baseline,QS-FA47,quant-scope,1,0,FALSE
292,QS047B,google/gemma-4-e2b,baseline,QS-FA47,quant-scope,1,0,FALSE
292,QS047B,google/gemma-4-e2b,baseline,QS-FA47,quant-scope,1,0,FALSE
292,QS047B,google/gemma-4-e2b,baseline,QS-FA47,quant-scope,1,0,FALSE
292,QS047B,google/gemma-4-e2b,baseline,QS-FA47,quant-scope,1,0,FALSE
292,QS047B,google/gemma-4-e2b,baseline,QS-FA47,quant-scope,1,0,FALSE
293,QS048A,google/gemma-4-e2b,baseline,QS-FA48,quant-scope,0,0,TRUE
293,QS048A,google/gemma-4-e2b,baseline,QS-FA48,quant-scope,1,0,TRUE
293,QS048A,google/gemma-4-e2b,baseline,QS-FA48,quant-scope,1,0,TRUE
293,QS048A,google/gemma-4-e2b,baseline,QS-FA48,quant-scope,1,0,TRUE
293,QS048A,google/gemma-4-e2b,baseline,QS-FA48,quant-scope,1,0,TRUE
293,QS048A,google/gemma-4-e2b,baseline,QS-FA48,quant-scope,1,0,TRUE
294,QS048B,google/gemma-4-e2b,baseline,QS-FA48,quant-scope,1,0,FALSE
294,QS048B,google/gemma-4-e2b,baseline,QS-FA48,quant-scope,1,0,FALSE
294,QS048B,google/gemma-4-e2b,baseline,QS-FA48,quant-scope,1,0,FALSE
294,QS048B,google/gemma-4-e2b,baseline,QS-FA48,quant-scope,1,0,FALSE
294,QS048B,google/gemma-4-e2b,baseline,QS-FA48,quant-scope,1,0,FALSE
294,QS048B,google/gemma-4-e2b,baseline,QS-FA48,quant-scope,1,0,FALSE
295,QS049A,google/gemma-4-e2b,baseline,QS-FA49,quant-scope,0,0,TRUE
295,QS049A,google/gemma-4-e2b,baseline,QS-FA49,quant-scope,1,0,TRUE
295,QS049A,google/gemma-4-e2b,baseline,QS-FA49,quant-scope,1,0,TRUE
295,QS049A,google/gemma-4-e2b,baseline,QS-FA49,quant-scope,1,0,TRUE
295,QS049A,google/gemma-4-e2b,baseline,QS-FA49,quant-scope,1,0,TRUE
295,QS049A,google/gemma-4-e2b,baseline,QS-FA49,quant-scope,1,0,TRUE
296,QS049B,google/gemma-4-e2b,baseline,QS-FA49,quant-scope,1,0,FALSE
296,QS049B,google/gemma-4-e2b,baseline,QS-FA49,quant-scope,1,0,FALSE
296,QS049B,google/gemma-4-e2b,baseline,QS-FA49,quant-scope,1,0,FALSE
296,QS049B,google/gemma-4-e2b,baseline,QS-FA49,quant-scope,1,0,FALSE
296,QS049B,google/gemma-4-e2b,baseline,QS-FA49,quant-scope,1,0,FALSE
296,QS049B,google/gemma-4-e2b,baseline,QS-FA49,quant-scope,1,0,FALSE
297,QS050A,google/gemma-4-e2b,baseline,QS-FA50,quant-scope,0,0,TRUE
297,QS050A,google/gemma-4-e2b,baseline,QS-FA50,quant-scope,1,0,TRUE
297,QS050A,google/gemma-4-e2b,baseline,QS-FA50,quant-scope,1,0,TRUE
297,QS050A,google/gemma-4-e2b,baseline,QS-FA50,quant-scope,1,0,TRUE
297,QS050A,google/gemma-4-e2b,baseline,QS-FA50,quant-scope,1,0,TRUE
297,QS050A,google/gemma-4-e2b,baseline,QS-FA50,quant-scope,1,0,TRUE
298,QS050B,google/gemma-4-e2b,baseline,QS-FA50,quant-scope,1,0,FALSE
298,QS050B,google/gemma-4-e2b,baseline,QS-FA50,quant-scope,1,0,FALSE
298,QS050B,google/gemma-4-e2b,baseline,QS-FA50,quant-scope,1,0,FALSE
298,QS050B,google/gemma-4-e2b,baseline,QS-FA50,quant-scope,1,0,FALSE
298,QS050B,google/gemma-4-e2b,baseline,QS-FA50,quant-scope,1,0,FALSE
298,QS050B,google/gemma-4-e2b,baseline,QS-FA50,quant-scope,1,0,FALSE
299,QS051A,google/gemma-4-e2b,baseline,QS-FA51,quant-scope,1,0,TRUE
299,QS051A,google/gemma-4-e2b,baseline,QS-FA51,quant-scope,1,0,TRUE
299,QS051A,google/gemma-4-e2b,baseline,QS-FA51,quant-scope,1,0,TRUE
299,QS051A,google/gemma-4-e2b,baseline,QS-FA51,quant-scope,1,0,TRUE
299,QS051A,google/gemma-4-e2b,baseline,QS-FA51,quant-scope,1,0,TRUE
299,QS051A,google/gemma-4-e2b,baseline,QS-FA51,quant-scope,1,0,TRUE
300,QS051B,google/gemma-4-e2b,baseline,QS-FA51,quant-scope,1,0,FALSE
300,QS051B,google/gemma-4-e2b,baseline,QS-FA51,quant-scope,1,0,FALSE
300,QS051B,google/gemma-4-e2b,baseline,QS-FA51,quant-scope,1,0,FALSE
300,QS051B,google/gemma-4-e2b,baseline,QS-FA51,quant-scope,1,0,FALSE
300,QS051B,google/gemma-4-e2b,baseline,QS-FA51,quant-scope,1,0,FALSE
300,QS051B,google/gemma-4-e2b,baseline,QS-FA51,quant-scope,1,0,FALSE
301,QS052A,google/gemma-4-e2b,baseline,QS-FA52,quant-scope,0,0,TRUE
301,QS052A,google/gemma-4-e2b,baseline,QS-FA52,quant-scope,0,0,TRUE
301,QS052A,google/gemma-4-e2b,baseline,QS-FA52,quant-scope,0,0,TRUE
301,QS052A,google/gemma-4-e2b,baseline,QS-FA52,quant-scope,0,0,TRUE
301,QS052A,google/gemma-4-e2b,baseline,QS-FA52,quant-scope,0,0,TRUE
301,QS052A,google/gemma-4-e2b,baseline,QS-FA52,quant-scope,0,0,TRUE
302,QS052B,google/gemma-4-e2b,baseline,QS-FA52,quant-scope,1,0,FALSE
302,QS052B,google/gemma-4-e2b,baseline,QS-FA52,quant-scope,1,0,FALSE
302,QS052B,google/gemma-4-e2b,baseline,QS-FA52,quant-scope,1,0,FALSE
302,QS052B,google/gemma-4-e2b,baseline,QS-FA52,quant-scope,1,0,FALSE
302,QS052B,google/gemma-4-e2b,baseline,QS-FA52,quant-scope,1,0,FALSE
302,QS052B,google/gemma-4-e2b,baseline,QS-FA52,quant-scope,1,0,FALSE
303,QS053A,google/gemma-4-e2b,baseline,QS-FA53,quant-scope,0,0,TRUE
303,QS053A,google/gemma-4-e2b,baseline,QS-FA53,quant-scope,1,0,TRUE
303,QS053A,google/gemma-4-e2b,baseline,QS-FA53,quant-scope,1,0,TRUE
303,QS053A,google/gemma-4-e2b,baseline,QS-FA53,quant-scope,1,0,TRUE
303,QS053A,google/gemma-4-e2b,baseline,QS-FA53,quant-scope,1,0,TRUE
303,QS053A,google/gemma-4-e2b,baseline,QS-FA53,quant-scope,1,0,TRUE
304,QS053B,google/gemma-4-e2b,baseline,QS-FA53,quant-scope,1,0,FALSE
304,QS053B,google/gemma-4-e2b,baseline,QS-FA53,quant-scope,1,0,FALSE
304,QS053B,google/gemma-4-e2b,baseline,QS-FA53,quant-scope,1,0,FALSE
304,QS053B,google/gemma-4-e2b,baseline,QS-FA53,quant-scope,1,0,FALSE
304,QS053B,google/gemma-4-e2b,baseline,QS-FA53,quant-scope,1,0,FALSE
304,QS053B,google/gemma-4-e2b,baseline,QS-FA53,quant-scope,1,0,FALSE
305,QS054A,google/gemma-4-e2b,baseline,QS-FA54,quant-scope,1,0,TRUE
305,QS054A,google/gemma-4-e2b,baseline,QS-FA54,quant-scope,1,0,TRUE
305,QS054A,google/gemma-4-e2b,baseline,QS-FA54,quant-scope,0,0,TRUE
305,QS054A,google/gemma-4-e2b,baseline,QS-FA54,quant-scope,1,0,TRUE
305,QS054A,google/gemma-4-e2b,baseline,QS-FA54,quant-scope,0,0,TRUE
305,QS054A,google/gemma-4-e2b,baseline,QS-FA54,quant-scope,1,0,TRUE
306,QS054B,google/gemma-4-e2b,baseline,QS-FA54,quant-scope,1,0,FALSE
306,QS054B,google/gemma-4-e2b,baseline,QS-FA54,quant-scope,1,0,FALSE
306,QS054B,google/gemma-4-e2b,baseline,QS-FA54,quant-scope,1,0,FALSE
306,QS054B,google/gemma-4-e2b,baseline,QS-FA54,quant-scope,1,0,FALSE
306,QS054B,google/gemma-4-e2b,baseline,QS-FA54,quant-scope,1,0,FALSE
306,QS054B,google/gemma-4-e2b,baseline,QS-FA54,quant-scope,1,0,FALSE
307,QS055A,google/gemma-4-e2b,baseline,QS-FA55,quant-scope,0,0,TRUE
307,QS055A,google/gemma-4-e2b,baseline,QS-FA55,quant-scope,0,0,TRUE
307,QS055A,google/gemma-4-e2b,baseline,QS-FA55,quant-scope,0,0,TRUE
307,QS055A,google/gemma-4-e2b,baseline,QS-FA55,quant-scope,0,0,TRUE
307,QS055A,google/gemma-4-e2b,baseline,QS-FA55,quant-scope,0,0,TRUE
307,QS055A,google/gemma-4-e2b,baseline,QS-FA55,quant-scope,0,0,TRUE
308,QS055B,google/gemma-4-e2b,baseline,QS-FA55,quant-scope,1,0,FALSE
308,QS055B,google/gemma-4-e2b,baseline,QS-FA55,quant-scope,1,0,FALSE
308,QS055B,google/gemma-4-e2b,baseline,QS-FA55,quant-scope,1,0,FALSE
308,QS055B,google/gemma-4-e2b,baseline,QS-FA55,quant-scope,1,0,FALSE
308,QS055B,google/gemma-4-e2b,baseline,QS-FA55,quant-scope,1,0,FALSE
308,QS055B,google/gemma-4-e2b,baseline,QS-FA55,quant-scope,1,0,FALSE
309,QS056A,google/gemma-4-e2b,baseline,QS-FA56,quant-scope,0,0,TRUE
309,QS056A,google/gemma-4-e2b,baseline,QS-FA56,quant-scope,1,0,TRUE
309,QS056A,google/gemma-4-e2b,baseline,QS-FA56,quant-scope,1,0,TRUE
309,QS056A,google/gemma-4-e2b,baseline,QS-FA56,quant-scope,1,0,TRUE
309,QS056A,google/gemma-4-e2b,baseline,QS-FA56,quant-scope,1,0,TRUE
309,QS056A,google/gemma-4-e2b,baseline,QS-FA56,quant-scope,1,0,TRUE
310,QS056B,google/gemma-4-e2b,baseline,QS-FA56,quant-scope,1,0,FALSE
310,QS056B,google/gemma-4-e2b,baseline,QS-FA56,quant-scope,1,0,FALSE
310,QS056B,google/gemma-4-e2b,baseline,QS-FA56,quant-scope,1,0,FALSE
310,QS056B,google/gemma-4-e2b,baseline,QS-FA56,quant-scope,1,0,FALSE
310,QS056B,google/gemma-4-e2b,baseline,QS-FA56,quant-scope,1,0,FALSE
310,QS056B,google/gemma-4-e2b,baseline,QS-FA56,quant-scope,1,0,FALSE
311,QS057A,google/gemma-4-e2b,baseline,QS-FA57,quant-scope,1,0,TRUE
311,QS057A,google/gemma-4-e2b,baseline,QS-FA57,quant-scope,1,0,TRUE
311,QS057A,google/gemma-4-e2b,baseline,QS-FA57,quant-scope,1,0,TRUE
311,QS057A,google/gemma-4-e2b,baseline,QS-FA57,quant-scope,1,0,TRUE
311,QS057A,google/gemma-4-e2b,baseline,QS-FA57,quant-scope,1,0,TRUE
311,QS057A,google/gemma-4-e2b,baseline,QS-FA57,quant-scope,1,0,TRUE
312,QS057B,google/gemma-4-e2b,baseline,QS-FA57,quant-scope,1,0,FALSE
312,QS057B,google/gemma-4-e2b,baseline,QS-FA57,quant-scope,1,0,FALSE
312,QS057B,google/gemma-4-e2b,baseline,QS-FA57,quant-scope,1,0,FALSE
312,QS057B,google/gemma-4-e2b,baseline,QS-FA57,quant-scope,1,0,FALSE
312,QS057B,google/gemma-4-e2b,baseline,QS-FA57,quant-scope,1,0,FALSE
312,QS057B,google/gemma-4-e2b,baseline,QS-FA57,quant-scope,1,0,FALSE
313,QS058A,google/gemma-4-e2b,baseline,QS-EA01,quant-scope,1,0,TRUE
313,QS058A,google/gemma-4-e2b,baseline,QS-EA01,quant-scope,1,0,TRUE
313,QS058A,google/gemma-4-e2b,baseline,QS-EA01,quant-scope,1,0,TRUE
313,QS058A,google/gemma-4-e2b,baseline,QS-EA01,quant-scope,1,0,TRUE
313,QS058A,google/gemma-4-e2b,baseline,QS-EA01,quant-scope,1,0,TRUE
313,QS058A,google/gemma-4-e2b,baseline,QS-EA01,quant-scope,1,0,TRUE
314,QS059B,google/gemma-4-e2b,baseline,QS-EA01,quant-scope,1,0,FALSE
314,QS059B,google/gemma-4-e2b,baseline,QS-EA01,quant-scope,1,0,FALSE
314,QS059B,google/gemma-4-e2b,baseline,QS-EA01,quant-scope,1,0,FALSE
314,QS059B,google/gemma-4-e2b,baseline,QS-EA01,quant-scope,1,0,FALSE
314,QS059B,google/gemma-4-e2b,baseline,QS-EA01,quant-scope,1,0,FALSE
314,QS059B,google/gemma-4-e2b,baseline,QS-EA01,quant-scope,1,0,FALSE
315,QS060C,google/gemma-4-e2b,baseline,QS-EA01,quant-scope,1,0,TRUE
315,QS060C,google/gemma-4-e2b,baseline,QS-EA01,quant-scope,1,0,TRUE
315,QS060C,google/gemma-4-e2b,baseline,QS-EA01,quant-scope,1,0,TRUE
315,QS060C,google/gemma-4-e2b,baseline,QS-EA01,quant-scope,1,0,TRUE
315,QS060C,google/gemma-4-e2b,baseline,QS-EA01,quant-scope,1,0,TRUE
315,QS060C,google/gemma-4-e2b,baseline,QS-EA01,quant-scope,1,0,TRUE
316,QS061A,google/gemma-4-e2b,baseline,QS-EA02,quant-scope,1,0,TRUE
316,QS061A,google/gemma-4-e2b,baseline,QS-EA02,quant-scope,1,0,TRUE
316,QS061A,google/gemma-4-e2b,baseline,QS-EA02,quant-scope,1,0,TRUE
316,QS061A,google/gemma-4-e2b,baseline,QS-EA02,quant-scope,1,0,TRUE
316,QS061A,google/gemma-4-e2b,baseline,QS-EA02,quant-scope,1,0,TRUE
316,QS061A,google/gemma-4-e2b,baseline,QS-EA02,quant-scope,1,0,TRUE
317,QS062B,google/gemma-4-e2b,baseline,QS-EA02,quant-scope,1,0,FALSE
317,QS062B,google/gemma-4-e2b,baseline,QS-EA02,quant-scope,1,0,FALSE
317,QS062B,google/gemma-4-e2b,baseline,QS-EA02,quant-scope,1,0,FALSE
317,QS062B,google/gemma-4-e2b,baseline,QS-EA02,quant-scope,1,0,FALSE
317,QS062B,google/gemma-4-e2b,baseline,QS-EA02,quant-scope,1,0,FALSE
317,QS062B,google/gemma-4-e2b,baseline,QS-EA02,quant-scope,1,0,FALSE
318,QS063C,google/gemma-4-e2b,baseline,QS-EA02,quant-scope,1,0,TRUE
318,QS063C,google/gemma-4-e2b,baseline,QS-EA02,quant-scope,1,0,TRUE
318,QS063C,google/gemma-4-e2b,baseline,QS-EA02,quant-scope,1,0,TRUE
318,QS063C,google/gemma-4-e2b,baseline,QS-EA02,quant-scope,1,0,TRUE
318,QS063C,google/gemma-4-e2b,baseline,QS-EA02,quant-scope,1,0,TRUE
318,QS063C,google/gemma-4-e2b,baseline,QS-EA02,quant-scope,1,0,TRUE
319,QS064A,google/gemma-4-e2b,baseline,QS-EA03,quant-scope,1,0,TRUE
319,QS064A,google/gemma-4-e2b,baseline,QS-EA03,quant-scope,0,0,TRUE
319,QS064A,google/gemma-4-e2b,baseline,QS-EA03,quant-scope,1,0,TRUE
319,QS064A,google/gemma-4-e2b,baseline,QS-EA03,quant-scope,0,0,TRUE
319,QS064A,google/gemma-4-e2b,baseline,QS-EA03,quant-scope,1,0,TRUE
319,QS064A,google/gemma-4-e2b,baseline,QS-EA03,quant-scope,0,0,TRUE
320,QS065B,google/gemma-4-e2b,baseline,QS-EA03,quant-scope,1,0,FALSE
320,QS065B,google/gemma-4-e2b,baseline,QS-EA03,quant-scope,1,0,FALSE
320,QS065B,google/gemma-4-e2b,baseline,QS-EA03,quant-scope,1,0,FALSE
320,QS065B,google/gemma-4-e2b,baseline,QS-EA03,quant-scope,1,0,FALSE
320,QS065B,google/gemma-4-e2b,baseline,QS-EA03,quant-scope,1,0,FALSE
320,QS065B,google/gemma-4-e2b,baseline,QS-EA03,quant-scope,1,0,FALSE
321,QS066C,google/gemma-4-e2b,baseline,QS-EA03,quant-scope,1,0,TRUE
321,QS066C,google/gemma-4-e2b,baseline,QS-EA03,quant-scope,1,0,TRUE
321,QS066C,google/gemma-4-e2b,baseline,QS-EA03,quant-scope,1,0,TRUE
321,QS066C,google/gemma-4-e2b,baseline,QS-EA03,quant-scope,1,0,TRUE
321,QS066C,google/gemma-4-e2b,baseline,QS-EA03,quant-scope,1,0,TRUE
321,QS066C,google/gemma-4-e2b,baseline,QS-EA03,quant-scope,1,0,TRUE
322,QS067A,google/gemma-4-e2b,baseline,QS-EA04,quant-scope,1,0,TRUE
322,QS067A,google/gemma-4-e2b,baseline,QS-EA04,quant-scope,1,0,TRUE
322,QS067A,google/gemma-4-e2b,baseline,QS-EA04,quant-scope,1,0,TRUE
322,QS067A,google/gemma-4-e2b,baseline,QS-EA04,quant-scope,1,0,TRUE
322,QS067A,google/gemma-4-e2b,baseline,QS-EA04,quant-scope,1,0,TRUE
322,QS067A,google/gemma-4-e2b,baseline,QS-EA04,quant-scope,1,0,TRUE
323,QS068B,google/gemma-4-e2b,baseline,QS-EA04,quant-scope,1,0,FALSE
323,QS068B,google/gemma-4-e2b,baseline,QS-EA04,quant-scope,1,0,FALSE
323,QS068B,google/gemma-4-e2b,baseline,QS-EA04,quant-scope,1,0,FALSE
323,QS068B,google/gemma-4-e2b,baseline,QS-EA04,quant-scope,1,0,FALSE
323,QS068B,google/gemma-4-e2b,baseline,QS-EA04,quant-scope,1,0,FALSE
323,QS068B,google/gemma-4-e2b,baseline,QS-EA04,quant-scope,1,0,FALSE
324,QS069C,google/gemma-4-e2b,baseline,QS-EA04,quant-scope,0,0,TRUE
324,QS069C,google/gemma-4-e2b,baseline,QS-EA04,quant-scope,0,0,TRUE
324,QS069C,google/gemma-4-e2b,baseline,QS-EA04,quant-scope,0,0,TRUE
324,QS069C,google/gemma-4-e2b,baseline,QS-EA04,quant-scope,0,0,TRUE
324,QS069C,google/gemma-4-e2b,baseline,QS-EA04,quant-scope,0,0,TRUE
324,QS069C,google/gemma-4-e2b,baseline,QS-EA04,quant-scope,0,0,TRUE
325,QS070A,google/gemma-4-e2b,baseline,QS-EA05,quant-scope,1,0,TRUE
325,QS070A,google/gemma-4-e2b,baseline,QS-EA05,quant-scope,1,0,TRUE
325,QS070A,google/gemma-4-e2b,baseline,QS-EA05,quant-scope,1,0,TRUE
325,QS070A,google/gemma-4-e2b,baseline,QS-EA05,quant-scope,1,0,TRUE
325,QS070A,google/gemma-4-e2b,baseline,QS-EA05,quant-scope,1,0,TRUE
325,QS070A,google/gemma-4-e2b,baseline,QS-EA05,quant-scope,1,0,TRUE
326,QS071B,google/gemma-4-e2b,baseline,QS-EA05,quant-scope,1,0,FALSE
326,QS071B,google/gemma-4-e2b,baseline,QS-EA05,quant-scope,1,0,FALSE
326,QS071B,google/gemma-4-e2b,baseline,QS-EA05,quant-scope,1,0,FALSE
326,QS071B,google/gemma-4-e2b,baseline,QS-EA05,quant-scope,1,0,FALSE
326,QS071B,google/gemma-4-e2b,baseline,QS-EA05,quant-scope,1,0,FALSE
326,QS071B,google/gemma-4-e2b,baseline,QS-EA05,quant-scope,1,0,FALSE
327,QS072C,google/gemma-4-e2b,baseline,QS-EA05,quant-scope,1,0,TRUE
327,QS072C,google/gemma-4-e2b,baseline,QS-EA05,quant-scope,1,0,TRUE
327,QS072C,google/gemma-4-e2b,baseline,QS-EA05,quant-scope,1,0,TRUE
327,QS072C,google/gemma-4-e2b,baseline,QS-EA05,quant-scope,1,0,TRUE
327,QS072C,google/gemma-4-e2b,baseline,QS-EA05,quant-scope,1,0,TRUE
327,QS072C,google/gemma-4-e2b,baseline,QS-EA05,quant-scope,1,0,TRUE
328,QS073A,google/gemma-4-e2b,baseline,QS-EA06,quant-scope,0,0,TRUE
328,QS073A,google/gemma-4-e2b,baseline,QS-EA06,quant-scope,0,0,TRUE
328,QS073A,google/gemma-4-e2b,baseline,QS-EA06,quant-scope,0,0,TRUE
328,QS073A,google/gemma-4-e2b,baseline,QS-EA06,quant-scope,0,0,TRUE
328,QS073A,google/gemma-4-e2b,baseline,QS-EA06,quant-scope,0,0,TRUE
328,QS073A,google/gemma-4-e2b,baseline,QS-EA06,quant-scope,0,0,TRUE
329,QS074B,google/gemma-4-e2b,baseline,QS-EA06,quant-scope,1,0,FALSE
329,QS074B,google/gemma-4-e2b,baseline,QS-EA06,quant-scope,1,0,FALSE
329,QS074B,google/gemma-4-e2b,baseline,QS-EA06,quant-scope,1,0,FALSE
329,QS074B,google/gemma-4-e2b,baseline,QS-EA06,quant-scope,1,0,FALSE
329,QS074B,google/gemma-4-e2b,baseline,QS-EA06,quant-scope,1,0,FALSE
329,QS074B,google/gemma-4-e2b,baseline,QS-EA06,quant-scope,1,0,FALSE
330,QS075C,google/gemma-4-e2b,baseline,QS-EA06,quant-scope,1,0,TRUE
330,QS075C,google/gemma-4-e2b,baseline,QS-EA06,quant-scope,1,0,TRUE
330,QS075C,google/gemma-4-e2b,baseline,QS-EA06,quant-scope,1,0,TRUE
330,QS075C,google/gemma-4-e2b,baseline,QS-EA06,quant-scope,1,0,TRUE
330,QS075C,google/gemma-4-e2b,baseline,QS-EA06,quant-scope,1,0,TRUE
330,QS075C,google/gemma-4-e2b,baseline,QS-EA06,quant-scope,1,0,TRUE
331,QS076A,google/gemma-4-e2b,baseline,QS-EA07,quant-scope,0,0,TRUE
331,QS076A,google/gemma-4-e2b,baseline,QS-EA07,quant-scope,0,0,TRUE
331,QS076A,google/gemma-4-e2b,baseline,QS-EA07,quant-scope,0,0,TRUE
331,QS076A,google/gemma-4-e2b,baseline,QS-EA07,quant-scope,0,0,TRUE
331,QS076A,google/gemma-4-e2b,baseline,QS-EA07,quant-scope,0,0,TRUE
331,QS076A,google/gemma-4-e2b,baseline,QS-EA07,quant-scope,0,0,TRUE
332,QS077B,google/gemma-4-e2b,baseline,QS-EA07,quant-scope,1,0,FALSE
332,QS077B,google/gemma-4-e2b,baseline,QS-EA07,quant-scope,1,0,FALSE
332,QS077B,google/gemma-4-e2b,baseline,QS-EA07,quant-scope,1,0,FALSE
332,QS077B,google/gemma-4-e2b,baseline,QS-EA07,quant-scope,1,0,FALSE
332,QS077B,google/gemma-4-e2b,baseline,QS-EA07,quant-scope,1,0,FALSE
332,QS077B,google/gemma-4-e2b,baseline,QS-EA07,quant-scope,1,0,FALSE
333,QS078C,google/gemma-4-e2b,baseline,QS-EA07,quant-scope,1,0,TRUE
333,QS078C,google/gemma-4-e2b,baseline,QS-EA07,quant-scope,1,0,TRUE
333,QS078C,google/gemma-4-e2b,baseline,QS-EA07,quant-scope,1,0,TRUE
333,QS078C,google/gemma-4-e2b,baseline,QS-EA07,quant-scope,1,0,TRUE
333,QS078C,google/gemma-4-e2b,baseline,QS-EA07,quant-scope,1,0,TRUE
333,QS078C,google/gemma-4-e2b,baseline,QS-EA07,quant-scope,1,0,TRUE
334,QS079A,google/gemma-4-e2b,baseline,QS-EA08,quant-scope,1,0,TRUE
334,QS079A,google/gemma-4-e2b,baseline,QS-EA08,quant-scope,1,0,TRUE
334,QS079A,google/gemma-4-e2b,baseline,QS-EA08,quant-scope,1,0,TRUE
334,QS079A,google/gemma-4-e2b,baseline,QS-EA08,quant-scope,1,0,TRUE
334,QS079A,google/gemma-4-e2b,baseline,QS-EA08,quant-scope,1,0,TRUE
334,QS079A,google/gemma-4-e2b,baseline,QS-EA08,quant-scope,1,0,TRUE
335,QS080B,google/gemma-4-e2b,baseline,QS-EA08,quant-scope,1,0,FALSE
335,QS080B,google/gemma-4-e2b,baseline,QS-EA08,quant-scope,1,0,FALSE
335,QS080B,google/gemma-4-e2b,baseline,QS-EA08,quant-scope,1,0,FALSE
335,QS080B,google/gemma-4-e2b,baseline,QS-EA08,quant-scope,1,0,FALSE
335,QS080B,google/gemma-4-e2b,baseline,QS-EA08,quant-scope,1,0,FALSE
335,QS080B,google/gemma-4-e2b,baseline,QS-EA08,quant-scope,1,0,FALSE
336,QS081C,google/gemma-4-e2b,baseline,QS-EA08,quant-scope,1,0,TRUE
336,QS081C,google/gemma-4-e2b,baseline,QS-EA08,quant-scope,1,0,TRUE
336,QS081C,google/gemma-4-e2b,baseline,QS-EA08,quant-scope,1,0,TRUE
336,QS081C,google/gemma-4-e2b,baseline,QS-EA08,quant-scope,1,0,TRUE
336,QS081C,google/gemma-4-e2b,baseline,QS-EA08,quant-scope,1,0,TRUE
336,QS081C,google/gemma-4-e2b,baseline,QS-EA08,quant-scope,1,0,TRUE
337,QS082A,google/gemma-4-e2b,baseline,QS-EA09,quant-scope,1,0,TRUE
337,QS082A,google/gemma-4-e2b,baseline,QS-EA09,quant-scope,1,0,TRUE
337,QS082A,google/gemma-4-e2b,baseline,QS-EA09,quant-scope,1,0,TRUE
337,QS082A,google/gemma-4-e2b,baseline,QS-EA09,quant-scope,1,0,TRUE
337,QS082A,google/gemma-4-e2b,baseline,QS-EA09,quant-scope,1,0,TRUE
337,QS082A,google/gemma-4-e2b,baseline,QS-EA09,quant-scope,1,0,TRUE
338,QS083B,google/gemma-4-e2b,baseline,QS-EA09,quant-scope,0,0,FALSE
338,QS083B,google/gemma-4-e2b,baseline,QS-EA09,quant-scope,0,0,FALSE
338,QS083B,google/gemma-4-e2b,baseline,QS-EA09,quant-scope,0,0,FALSE
338,QS083B,google/gemma-4-e2b,baseline,QS-EA09,quant-scope,0,0,FALSE
338,QS083B,google/gemma-4-e2b,baseline,QS-EA09,quant-scope,0,0,FALSE
338,QS083B,google/gemma-4-e2b,baseline,QS-EA09,quant-scope,0,0,FALSE
339,QS084C,google/gemma-4-e2b,baseline,QS-EA09,quant-scope,1,0,TRUE
339,QS084C,google/gemma-4-e2b,baseline,QS-EA09,quant-scope,1,0,TRUE
339,QS084C,google/gemma-4-e2b,baseline,QS-EA09,quant-scope,1,0,TRUE
339,QS084C,google/gemma-4-e2b,baseline,QS-EA09,quant-scope,1,0,TRUE
339,QS084C,google/gemma-4-e2b,baseline,QS-EA09,quant-scope,1,0,TRUE
339,QS084C,google/gemma-4-e2b,baseline,QS-EA09,quant-scope,1,0,TRUE
340,QS085A,google/gemma-4-e2b,baseline,QS-EA10,quant-scope,0,0,TRUE
340,QS085A,google/gemma-4-e2b,baseline,QS-EA10,quant-scope,0,0,TRUE
340,QS085A,google/gemma-4-e2b,baseline,QS-EA10,quant-scope,0,0,TRUE
340,QS085A,google/gemma-4-e2b,baseline,QS-EA10,quant-scope,0,0,TRUE
340,QS085A,google/gemma-4-e2b,baseline,QS-EA10,quant-scope,0,0,TRUE
340,QS085A,google/gemma-4-e2b,baseline,QS-EA10,quant-scope,0,0,TRUE
341,QS086B,google/gemma-4-e2b,baseline,QS-EA10,quant-scope,0,0,FALSE
341,QS086B,google/gemma-4-e2b,baseline,QS-EA10,quant-scope,0,0,FALSE
341,QS086B,google/gemma-4-e2b,baseline,QS-EA10,quant-scope,0,0,FALSE
341,QS086B,google/gemma-4-e2b,baseline,QS-EA10,quant-scope,0,0,FALSE
341,QS086B,google/gemma-4-e2b,baseline,QS-EA10,quant-scope,0,0,FALSE
341,QS086B,google/gemma-4-e2b,baseline,QS-EA10,quant-scope,0,0,FALSE
342,QS087C,google/gemma-4-e2b,baseline,QS-EA10,quant-scope,1,0,TRUE
342,QS087C,google/gemma-4-e2b,baseline,QS-EA10,quant-scope,1,0,TRUE
342,QS087C,google/gemma-4-e2b,baseline,QS-EA10,quant-scope,1,0,TRUE
342,QS087C,google/gemma-4-e2b,baseline,QS-EA10,quant-scope,1,0,TRUE
342,QS087C,google/gemma-4-e2b,baseline,QS-EA10,quant-scope,1,0,TRUE
342,QS087C,google/gemma-4-e2b,baseline,QS-EA10,quant-scope,1,0,TRUE
343,QS088A,google/gemma-4-e2b,baseline,QS-EA11,quant-scope,0,0,TRUE
343,QS088A,google/gemma-4-e2b,baseline,QS-EA11,quant-scope,0,0,TRUE
343,QS088A,google/gemma-4-e2b,baseline,QS-EA11,quant-scope,0,0,TRUE
343,QS088A,google/gemma-4-e2b,baseline,QS-EA11,quant-scope,0,0,TRUE
343,QS088A,google/gemma-4-e2b,baseline,QS-EA11,quant-scope,0,0,TRUE
343,QS088A,google/gemma-4-e2b,baseline,QS-EA11,quant-scope,0,0,TRUE
344,QS089B,google/gemma-4-e2b,baseline,QS-EA11,quant-scope,1,0,FALSE
344,QS089B,google/gemma-4-e2b,baseline,QS-EA11,quant-scope,1,0,FALSE
344,QS089B,google/gemma-4-e2b,baseline,QS-EA11,quant-scope,1,0,FALSE
344,QS089B,google/gemma-4-e2b,baseline,QS-EA11,quant-scope,1,0,FALSE
344,QS089B,google/gemma-4-e2b,baseline,QS-EA11,quant-scope,1,0,FALSE
344,QS089B,google/gemma-4-e2b,baseline,QS-EA11,quant-scope,1,0,FALSE
345,QS090C,google/gemma-4-e2b,baseline,QS-EA11,quant-scope,1,0,TRUE
345,QS090C,google/gemma-4-e2b,baseline,QS-EA11,quant-scope,1,0,TRUE
345,QS090C,google/gemma-4-e2b,baseline,QS-EA11,quant-scope,1,0,TRUE
345,QS090C,google/gemma-4-e2b,baseline,QS-EA11,quant-scope,1,0,TRUE
345,QS090C,google/gemma-4-e2b,baseline,QS-EA11,quant-scope,1,0,TRUE
345,QS090C,google/gemma-4-e2b,baseline,QS-EA11,quant-scope,1,0,TRUE
346,QS091A,google/gemma-4-e2b,baseline,QS-EA12,quant-scope,0,0,TRUE
346,QS091A,google/gemma-4-e2b,baseline,QS-EA12,quant-scope,0,0,TRUE
346,QS091A,google/gemma-4-e2b,baseline,QS-EA12,quant-scope,0,0,TRUE
346,QS091A,google/gemma-4-e2b,baseline,QS-EA12,quant-scope,0,0,TRUE
346,QS091A,google/gemma-4-e2b,baseline,QS-EA12,quant-scope,0,0,TRUE
346,QS091A,google/gemma-4-e2b,baseline,QS-EA12,quant-scope,0,0,TRUE
347,QS092B,google/gemma-4-e2b,baseline,QS-EA12,quant-scope,0,0,FALSE
347,QS092B,google/gemma-4-e2b,baseline,QS-EA12,quant-scope,0,0,FALSE
347,QS092B,google/gemma-4-e2b,baseline,QS-EA12,quant-scope,0,0,FALSE
347,QS092B,google/gemma-4-e2b,baseline,QS-EA12,quant-scope,0,0,FALSE
347,QS092B,google/gemma-4-e2b,baseline,QS-EA12,quant-scope,0,0,FALSE
347,QS092B,google/gemma-4-e2b,baseline,QS-EA12,quant-scope,0,0,FALSE
348,QS093C,google/gemma-4-e2b,baseline,QS-EA12,quant-scope,1,0,TRUE
348,QS093C,google/gemma-4-e2b,baseline,QS-EA12,quant-scope,1,0,TRUE
348,QS093C,google/gemma-4-e2b,baseline,QS-EA12,quant-scope,1,0,TRUE
348,QS093C,google/gemma-4-e2b,baseline,QS-EA12,quant-scope,1,0,TRUE
348,QS093C,google/gemma-4-e2b,baseline,QS-EA12,quant-scope,1,0,TRUE
348,QS093C,google/gemma-4-e2b,baseline,QS-EA12,quant-scope,1,0,TRUE
349,QS094A,google/gemma-4-e2b,baseline,QS-EA13,quant-scope,0,0,TRUE
349,QS094A,google/gemma-4-e2b,baseline,QS-EA13,quant-scope,0,0,TRUE
349,QS094A,google/gemma-4-e2b,baseline,QS-EA13,quant-scope,0,0,TRUE
349,QS094A,google/gemma-4-e2b,baseline,QS-EA13,quant-scope,0,0,TRUE
349,QS094A,google/gemma-4-e2b,baseline,QS-EA13,quant-scope,0,0,TRUE
349,QS094A,google/gemma-4-e2b,baseline,QS-EA13,quant-scope,0,0,TRUE
350,QS095B,google/gemma-4-e2b,baseline,QS-EA13,quant-scope,0,0,FALSE
350,QS095B,google/gemma-4-e2b,baseline,QS-EA13,quant-scope,0,0,FALSE
350,QS095B,google/gemma-4-e2b,baseline,QS-EA13,quant-scope,0,0,FALSE
350,QS095B,google/gemma-4-e2b,baseline,QS-EA13,quant-scope,0,0,FALSE
350,QS095B,google/gemma-4-e2b,baseline,QS-EA13,quant-scope,0,0,FALSE
350,QS095B,google/gemma-4-e2b,baseline,QS-EA13,quant-scope,0,0,FALSE
351,QS096C,google/gemma-4-e2b,baseline,QS-EA13,quant-scope,1,0,TRUE
351,QS096C,google/gemma-4-e2b,baseline,QS-EA13,quant-scope,1,0,TRUE
351,QS096C,google/gemma-4-e2b,baseline,QS-EA13,quant-scope,1,0,TRUE
351,QS096C,google/gemma-4-e2b,baseline,QS-EA13,quant-scope,1,0,TRUE
351,QS096C,google/gemma-4-e2b,baseline,QS-EA13,quant-scope,1,0,TRUE
351,QS096C,google/gemma-4-e2b,baseline,QS-EA13,quant-scope,1,0,TRUE
352,QS097A,google/gemma-4-e2b,baseline,QS-EA14,quant-scope,0,0,TRUE
352,QS097A,google/gemma-4-e2b,baseline,QS-EA14,quant-scope,0,0,TRUE
352,QS097A,google/gemma-4-e2b,baseline,QS-EA14,quant-scope,0,0,TRUE
352,QS097A,google/gemma-4-e2b,baseline,QS-EA14,quant-scope,0,0,TRUE
352,QS097A,google/gemma-4-e2b,baseline,QS-EA14,quant-scope,0,0,TRUE
352,QS097A,google/gemma-4-e2b,baseline,QS-EA14,quant-scope,0,0,TRUE
353,QS098B,google/gemma-4-e2b,baseline,QS-EA14,quant-scope,1,0,FALSE
353,QS098B,google/gemma-4-e2b,baseline,QS-EA14,quant-scope,1,0,FALSE
353,QS098B,google/gemma-4-e2b,baseline,QS-EA14,quant-scope,1,0,FALSE
353,QS098B,google/gemma-4-e2b,baseline,QS-EA14,quant-scope,1,0,FALSE
353,QS098B,google/gemma-4-e2b,baseline,QS-EA14,quant-scope,1,0,FALSE
353,QS098B,google/gemma-4-e2b,baseline,QS-EA14,quant-scope,1,0,FALSE
354,QS099C,google/gemma-4-e2b,baseline,QS-EA14,quant-scope,1,0,TRUE
354,QS099C,google/gemma-4-e2b,baseline,QS-EA14,quant-scope,1,0,TRUE
354,QS099C,google/gemma-4-e2b,baseline,QS-EA14,quant-scope,1,0,TRUE
354,QS099C,google/gemma-4-e2b,baseline,QS-EA14,quant-scope,1,0,TRUE
354,QS099C,google/gemma-4-e2b,baseline,QS-EA14,quant-scope,1,0,TRUE
354,QS099C,google/gemma-4-e2b,baseline,QS-EA14,quant-scope,1,0,TRUE
355,QS100A,google/gemma-4-e2b,baseline,QS-EA15,quant-scope,0,0,TRUE
355,QS100A,google/gemma-4-e2b,baseline,QS-EA15,quant-scope,1,0,TRUE
355,QS100A,google/gemma-4-e2b,baseline,QS-EA15,quant-scope,0,0,TRUE
355,QS100A,google/gemma-4-e2b,baseline,QS-EA15,quant-scope,1,0,TRUE
355,QS100A,google/gemma-4-e2b,baseline,QS-EA15,quant-scope,0,0,TRUE
355,QS100A,google/gemma-4-e2b,baseline,QS-EA15,quant-scope,1,0,TRUE
356,QS101B,google/gemma-4-e2b,baseline,QS-EA15,quant-scope,0,0,FALSE
356,QS101B,google/gemma-4-e2b,baseline,QS-EA15,quant-scope,0,0,FALSE
356,QS101B,google/gemma-4-e2b,baseline,QS-EA15,quant-scope,0,0,FALSE
356,QS101B,google/gemma-4-e2b,baseline,QS-EA15,quant-scope,0,0,FALSE
356,QS101B,google/gemma-4-e2b,baseline,QS-EA15,quant-scope,0,0,FALSE
356,QS101B,google/gemma-4-e2b,baseline,QS-EA15,quant-scope,0,0,FALSE
357,QS102C,google/gemma-4-e2b,baseline,QS-EA15,quant-scope,1,0,TRUE
357,QS102C,google/gemma-4-e2b,baseline,QS-EA15,quant-scope,1,0,TRUE
357,QS102C,google/gemma-4-e2b,baseline,QS-EA15,quant-scope,1,0,TRUE
357,QS102C,google/gemma-4-e2b,baseline,QS-EA15,quant-scope,1,0,TRUE
357,QS102C,google/gemma-4-e2b,baseline,QS-EA15,quant-scope,1,0,TRUE
357,QS102C,google/gemma-4-e2b,baseline,QS-EA15,quant-scope,1,0,TRUE
358,QS103A,google/gemma-4-e2b,baseline,QS-EA16,quant-scope,0,0,TRUE
358,QS103A,google/gemma-4-e2b,baseline,QS-EA16,quant-scope,0,0,TRUE
358,QS103A,google/gemma-4-e2b,baseline,QS-EA16,quant-scope,0,0,TRUE
358,QS103A,google/gemma-4-e2b,baseline,QS-EA16,quant-scope,0,0,TRUE
358,QS103A,google/gemma-4-e2b,baseline,QS-EA16,quant-scope,0,0,TRUE
358,QS103A,google/gemma-4-e2b,baseline,QS-EA16,quant-scope,0,0,TRUE
359,QS104B,google/gemma-4-e2b,baseline,QS-EA16,quant-scope,0,0,FALSE
359,QS104B,google/gemma-4-e2b,baseline,QS-EA16,quant-scope,0,0,FALSE
359,QS104B,google/gemma-4-e2b,baseline,QS-EA16,quant-scope,0,0,FALSE
359,QS104B,google/gemma-4-e2b,baseline,QS-EA16,quant-scope,0,0,FALSE
359,QS104B,google/gemma-4-e2b,baseline,QS-EA16,quant-scope,0,0,FALSE
359,QS104B,google/gemma-4-e2b,baseline,QS-EA16,quant-scope,0,0,FALSE
360,QS105C,google/gemma-4-e2b,baseline,QS-EA16,quant-scope,1,0,TRUE
360,QS105C,google/gemma-4-e2b,baseline,QS-EA16,quant-scope,1,0,TRUE
360,QS105C,google/gemma-4-e2b,baseline,QS-EA16,quant-scope,1,0,TRUE
360,QS105C,google/gemma-4-e2b,baseline,QS-EA16,quant-scope,1,0,TRUE
360,QS105C,google/gemma-4-e2b,baseline,QS-EA16,quant-scope,1,0,TRUE
360,QS105C,google/gemma-4-e2b,baseline,QS-EA16,quant-scope,1,0,TRUE
361,QS106A,google/gemma-4-e2b,baseline,QS-EA17,quant-scope,1,0,TRUE
361,QS106A,google/gemma-4-e2b,baseline,QS-EA17,quant-scope,1,0,TRUE
361,QS106A,google/gemma-4-e2b,baseline,QS-EA17,quant-scope,1,0,TRUE
361,QS106A,google/gemma-4-e2b,baseline,QS-EA17,quant-scope,1,0,TRUE
361,QS106A,google/gemma-4-e2b,baseline,QS-EA17,quant-scope,1,0,TRUE
361,QS106A,google/gemma-4-e2b,baseline,QS-EA17,quant-scope,1,0,TRUE
362,QS107B,google/gemma-4-e2b,baseline,QS-EA17,quant-scope,1,0,FALSE
362,QS107B,google/gemma-4-e2b,baseline,QS-EA17,quant-scope,1,0,FALSE
362,QS107B,google/gemma-4-e2b,baseline,QS-EA17,quant-scope,1,0,FALSE
362,QS107B,google/gemma-4-e2b,baseline,QS-EA17,quant-scope,1,0,FALSE
362,QS107B,google/gemma-4-e2b,baseline,QS-EA17,quant-scope,1,0,FALSE
362,QS107B,google/gemma-4-e2b,baseline,QS-EA17,quant-scope,1,0,FALSE
363,QS108C,google/gemma-4-e2b,baseline,QS-EA17,quant-scope,1,0,TRUE
363,QS108C,google/gemma-4-e2b,baseline,QS-EA17,quant-scope,1,0,TRUE
363,QS108C,google/gemma-4-e2b,baseline,QS-EA17,quant-scope,1,0,TRUE
363,QS108C,google/gemma-4-e2b,baseline,QS-EA17,quant-scope,1,0,TRUE
363,QS108C,google/gemma-4-e2b,baseline,QS-EA17,quant-scope,1,0,TRUE
363,QS108C,google/gemma-4-e2b,baseline,QS-EA17,quant-scope,1,0,TRUE
364,QS109A,google/gemma-4-e2b,baseline,QS-EA18,quant-scope,1,0,TRUE
364,QS109A,google/gemma-4-e2b,baseline,QS-EA18,quant-scope,1,0,TRUE
364,QS109A,google/gemma-4-e2b,baseline,QS-EA18,quant-scope,1,0,TRUE
364,QS109A,google/gemma-4-e2b,baseline,QS-EA18,quant-scope,1,0,TRUE
364,QS109A,google/gemma-4-e2b,baseline,QS-EA18,quant-scope,1,0,TRUE
364,QS109A,google/gemma-4-e2b,baseline,QS-EA18,quant-scope,1,0,TRUE
365,QS110B,google/gemma-4-e2b,baseline,QS-EA18,quant-scope,1,0,FALSE
365,QS110B,google/gemma-4-e2b,baseline,QS-EA18,quant-scope,1,0,FALSE
365,QS110B,google/gemma-4-e2b,baseline,QS-EA18,quant-scope,1,0,FALSE
365,QS110B,google/gemma-4-e2b,baseline,QS-EA18,quant-scope,1,0,FALSE
365,QS110B,google/gemma-4-e2b,baseline,QS-EA18,quant-scope,1,0,FALSE
365,QS110B,google/gemma-4-e2b,baseline,QS-EA18,quant-scope,1,0,FALSE
366,QS111C,google/gemma-4-e2b,baseline,QS-EA18,quant-scope,1,0,TRUE
366,QS111C,google/gemma-4-e2b,baseline,QS-EA18,quant-scope,1,0,TRUE
366,QS111C,google/gemma-4-e2b,baseline,QS-EA18,quant-scope,1,0,TRUE
366,QS111C,google/gemma-4-e2b,baseline,QS-EA18,quant-scope,1,0,TRUE
366,QS111C,google/gemma-4-e2b,baseline,QS-EA18,quant-scope,1,0,TRUE
366,QS111C,google/gemma-4-e2b,baseline,QS-EA18,quant-scope,1,0,TRUE
367,QS112A,google/gemma-4-e2b,baseline,QS-EA19,quant-scope,0,0,TRUE
367,QS112A,google/gemma-4-e2b,baseline,QS-EA19,quant-scope,1,0,TRUE
367,QS112A,google/gemma-4-e2b,baseline,QS-EA19,quant-scope,1,0,TRUE
367,QS112A,google/gemma-4-e2b,baseline,QS-EA19,quant-scope,1,0,TRUE
367,QS112A,google/gemma-4-e2b,baseline,QS-EA19,quant-scope,1,0,TRUE
367,QS112A,google/gemma-4-e2b,baseline,QS-EA19,quant-scope,1,0,TRUE
368,QS113B,google/gemma-4-e2b,baseline,QS-EA19,quant-scope,0,0,FALSE
368,QS113B,google/gemma-4-e2b,baseline,QS-EA19,quant-scope,0,0,FALSE
368,QS113B,google/gemma-4-e2b,baseline,QS-EA19,quant-scope,0,0,FALSE
368,QS113B,google/gemma-4-e2b,baseline,QS-EA19,quant-scope,0,0,FALSE
368,QS113B,google/gemma-4-e2b,baseline,QS-EA19,quant-scope,0,0,FALSE
368,QS113B,google/gemma-4-e2b,baseline,QS-EA19,quant-scope,0,0,FALSE
369,QS114C,google/gemma-4-e2b,baseline,QS-EA19,quant-scope,1,0,TRUE
369,QS114C,google/gemma-4-e2b,baseline,QS-EA19,quant-scope,1,0,TRUE
369,QS114C,google/gemma-4-e2b,baseline,QS-EA19,quant-scope,1,0,TRUE
369,QS114C,google/gemma-4-e2b,baseline,QS-EA19,quant-scope,1,0,TRUE
369,QS114C,google/gemma-4-e2b,baseline,QS-EA19,quant-scope,1,0,TRUE
369,QS114C,google/gemma-4-e2b,baseline,QS-EA19,quant-scope,1,0,TRUE
370,QS115A,google/gemma-4-e2b,baseline,QS-EA20,quant-scope,1,0,TRUE
370,QS115A,google/gemma-4-e2b,baseline,QS-EA20,quant-scope,1,0,TRUE
370,QS115A,google/gemma-4-e2b,baseline,QS-EA20,quant-scope,1,0,TRUE
370,QS115A,google/gemma-4-e2b,baseline,QS-EA20,quant-scope,1,0,TRUE
370,QS115A,google/gemma-4-e2b,baseline,QS-EA20,quant-scope,1,0,TRUE
370,QS115A,google/gemma-4-e2b,baseline,QS-EA20,quant-scope,1,0,TRUE
371,QS116B,google/gemma-4-e2b,baseline,QS-EA20,quant-scope,0,0,FALSE
371,QS116B,google/gemma-4-e2b,baseline,QS-EA20,quant-scope,1,0,FALSE
371,QS116B,google/gemma-4-e2b,baseline,QS-EA20,quant-scope,1,0,FALSE
371,QS116B,google/gemma-4-e2b,baseline,QS-EA20,quant-scope,1,0,FALSE
371,QS116B,google/gemma-4-e2b,baseline,QS-EA20,quant-scope,1,0,FALSE
371,QS116B,google/gemma-4-e2b,baseline,QS-EA20,quant-scope,1,0,FALSE
372,QS117C,google/gemma-4-e2b,baseline,QS-EA20,quant-scope,1,0,TRUE
372,QS117C,google/gemma-4-e2b,baseline,QS-EA20,quant-scope,1,0,TRUE
372,QS117C,google/gemma-4-e2b,baseline,QS-EA20,quant-scope,1,0,TRUE
372,QS117C,google/gemma-4-e2b,baseline,QS-EA20,quant-scope,1,0,TRUE
372,QS117C,google/gemma-4-e2b,baseline,QS-EA20,quant-scope,1,0,TRUE
372,QS117C,google/gemma-4-e2b,baseline,QS-EA20,quant-scope,1,0,TRUE
373,QS118A,google/gemma-4-e2b,baseline,QS-NEG01,quant-scope,0,0,FALSE
373,QS118A,google/gemma-4-e2b,baseline,QS-NEG01,quant-scope,0,0,FALSE
373,QS118A,google/gemma-4-e2b,baseline,QS-NEG01,quant-scope,0,0,FALSE
373,QS118A,google/gemma-4-e2b,baseline,QS-NEG01,quant-scope,0,0,FALSE
373,QS118A,google/gemma-4-e2b,baseline,QS-NEG01,quant-scope,0,0,FALSE
373,QS118A,google/gemma-4-e2b,baseline,QS-NEG01,quant-scope,0,0,FALSE
374,QS119B,google/gemma-4-e2b,baseline,QS-NEG01,quant-scope,0,0,FALSE
374,QS119B,google/gemma-4-e2b,baseline,QS-NEG01,quant-scope,0,0,FALSE
374,QS119B,google/gemma-4-e2b,baseline,QS-NEG01,quant-scope,0,0,FALSE
374,QS119B,google/gemma-4-e2b,baseline,QS-NEG01,quant-scope,0,0,FALSE
374,QS119B,google/gemma-4-e2b,baseline,QS-NEG01,quant-scope,0,0,FALSE
374,QS119B,google/gemma-4-e2b,baseline,QS-NEG01,quant-scope,0,0,FALSE
375,QS120A,google/gemma-4-e2b,baseline,QS-NEG02,quant-scope,0,0,FALSE
375,QS120A,google/gemma-4-e2b,baseline,QS-NEG02,quant-scope,0,0,FALSE
375,QS120A,google/gemma-4-e2b,baseline,QS-NEG02,quant-scope,0,0,FALSE
375,QS120A,google/gemma-4-e2b,baseline,QS-NEG02,quant-scope,0,0,FALSE
375,QS120A,google/gemma-4-e2b,baseline,QS-NEG02,quant-scope,0,0,FALSE
375,QS120A,google/gemma-4-e2b,baseline,QS-NEG02,quant-scope,0,0,FALSE
376,QS121B,google/gemma-4-e2b,baseline,QS-NEG02,quant-scope,1,0,FALSE
376,QS121B,google/gemma-4-e2b,baseline,QS-NEG02,quant-scope,1,0,FALSE
376,QS121B,google/gemma-4-e2b,baseline,QS-NEG02,quant-scope,1,0,FALSE
376,QS121B,google/gemma-4-e2b,baseline,QS-NEG02,quant-scope,1,0,FALSE
376,QS121B,google/gemma-4-e2b,baseline,QS-NEG02,quant-scope,1,0,FALSE
376,QS121B,google/gemma-4-e2b,baseline,QS-NEG02,quant-scope,1,0,FALSE
377,QS122A,google/gemma-4-e2b,baseline,QS-NEG03,quant-scope,0,0,FALSE
377,QS122A,google/gemma-4-e2b,baseline,QS-NEG03,quant-scope,1,0,FALSE
377,QS122A,google/gemma-4-e2b,baseline,QS-NEG03,quant-scope,1,0,FALSE
377,QS122A,google/gemma-4-e2b,baseline,QS-NEG03,quant-scope,1,0,FALSE
377,QS122A,google/gemma-4-e2b,baseline,QS-NEG03,quant-scope,1,0,FALSE
377,QS122A,google/gemma-4-e2b,baseline,QS-NEG03,quant-scope,1,0,FALSE
378,QS123B,google/gemma-4-e2b,baseline,QS-NEG03,quant-scope,1,0,FALSE
378,QS123B,google/gemma-4-e2b,baseline,QS-NEG03,quant-scope,1,0,FALSE
378,QS123B,google/gemma-4-e2b,baseline,QS-NEG03,quant-scope,1,0,FALSE
378,QS123B,google/gemma-4-e2b,baseline,QS-NEG03,quant-scope,1,0,FALSE
378,QS123B,google/gemma-4-e2b,baseline,QS-NEG03,quant-scope,1,0,FALSE
378,QS123B,google/gemma-4-e2b,baseline,QS-NEG03,quant-scope,1,0,FALSE
379,QS124A,google/gemma-4-e2b,baseline,QS-NEG04,quant-scope,0,0,FALSE
379,QS124A,google/gemma-4-e2b,baseline,QS-NEG04,quant-scope,0,0,FALSE
379,QS124A,google/gemma-4-e2b,baseline,QS-NEG04,quant-scope,0,0,FALSE
379,QS124A,google/gemma-4-e2b,baseline,QS-NEG04,quant-scope,0,0,FALSE
379,QS124A,google/gemma-4-e2b,baseline,QS-NEG04,quant-scope,0,0,FALSE
379,QS124A,google/gemma-4-e2b,baseline,QS-NEG04,quant-scope,0,0,FALSE
380,QS125B,google/gemma-4-e2b,baseline,QS-NEG04,quant-scope,0,0,FALSE
380,QS125B,google/gemma-4-e2b,baseline,QS-NEG04,quant-scope,1,0,FALSE
380,QS125B,google/gemma-4-e2b,baseline,QS-NEG04,quant-scope,1,0,FALSE
380,QS125B,google/gemma-4-e2b,baseline,QS-NEG04,quant-scope,1,0,FALSE
380,QS125B,google/gemma-4-e2b,baseline,QS-NEG04,quant-scope,1,0,FALSE
380,QS125B,google/gemma-4-e2b,baseline,QS-NEG04,quant-scope,1,0,FALSE
381,DF001A,google/gemma-4-e2b,baseline,DF-01,defeasible,1,0,HOLDS
381,DF001A,google/gemma-4-e2b,baseline,DF-01,defeasible,1,0,HOLDS
381,DF001A,google/gemma-4-e2b,baseline,DF-01,defeasible,1,0,HOLDS
381,DF001A,google/gemma-4-e2b,baseline,DF-01,defeasible,1,0,HOLDS
381,DF001A,google/gemma-4-e2b,baseline,DF-01,defeasible,1,0,HOLDS
381,DF001A,google/gemma-4-e2b,baseline,DF-01,defeasible,1,0,HOLDS
382,DF001B,google/gemma-4-e2b,baseline,DF-01,defeasible,1,0,DEFEATED
382,DF001B,google/gemma-4-e2b,baseline,DF-01,defeasible,1,0,DEFEATED
382,DF001B,google/gemma-4-e2b,baseline,DF-01,defeasible,1,0,DEFEATED
382,DF001B,google/gemma-4-e2b,baseline,DF-01,defeasible,1,0,DEFEATED
382,DF001B,google/gemma-4-e2b,baseline,DF-01,defeasible,1,0,DEFEATED
382,DF001B,google/gemma-4-e2b,baseline,DF-01,defeasible,1,0,DEFEATED
383,DF001C,google/gemma-4-e2b,baseline,DF-01,defeasible,1,0,HOLDS
383,DF001C,google/gemma-4-e2b,baseline,DF-01,defeasible,1,0,HOLDS
383,DF001C,google/gemma-4-e2b,baseline,DF-01,defeasible,1,0,HOLDS
383,DF001C,google/gemma-4-e2b,baseline,DF-01,defeasible,1,0,HOLDS
383,DF001C,google/gemma-4-e2b,baseline,DF-01,defeasible,1,0,HOLDS
383,DF001C,google/gemma-4-e2b,baseline,DF-01,defeasible,1,0,HOLDS
384,DF002A,google/gemma-4-e2b,baseline,DF-02,defeasible,1,0,HOLDS
384,DF002A,google/gemma-4-e2b,baseline,DF-02,defeasible,1,0,HOLDS
384,DF002A,google/gemma-4-e2b,baseline,DF-02,defeasible,1,0,HOLDS
384,DF002A,google/gemma-4-e2b,baseline,DF-02,defeasible,1,0,HOLDS
384,DF002A,google/gemma-4-e2b,baseline,DF-02,defeasible,1,0,HOLDS
384,DF002A,google/gemma-4-e2b,baseline,DF-02,defeasible,1,0,HOLDS
385,DF002B,google/gemma-4-e2b,baseline,DF-02,defeasible,1,0,DEFEATED
385,DF002B,google/gemma-4-e2b,baseline,DF-02,defeasible,1,0,DEFEATED
385,DF002B,google/gemma-4-e2b,baseline,DF-02,defeasible,1,0,DEFEATED
385,DF002B,google/gemma-4-e2b,baseline,DF-02,defeasible,1,0,DEFEATED
385,DF002B,google/gemma-4-e2b,baseline,DF-02,defeasible,1,0,DEFEATED
385,DF002B,google/gemma-4-e2b,baseline,DF-02,defeasible,1,0,DEFEATED
386,DF002C,google/gemma-4-e2b,baseline,DF-02,defeasible,1,0,HOLDS
386,DF002C,google/gemma-4-e2b,baseline,DF-02,defeasible,1,0,HOLDS
386,DF002C,google/gemma-4-e2b,baseline,DF-02,defeasible,1,0,HOLDS
386,DF002C,google/gemma-4-e2b,baseline,DF-02,defeasible,1,0,HOLDS
386,DF002C,google/gemma-4-e2b,baseline,DF-02,defeasible,1,0,HOLDS
386,DF002C,google/gemma-4-e2b,baseline,DF-02,defeasible,1,0,HOLDS
387,DF003A,google/gemma-4-e2b,baseline,DF-03,defeasible,1,0,HOLDS
387,DF003A,google/gemma-4-e2b,baseline,DF-03,defeasible,1,0,HOLDS
387,DF003A,google/gemma-4-e2b,baseline,DF-03,defeasible,1,0,HOLDS
387,DF003A,google/gemma-4-e2b,baseline,DF-03,defeasible,1,0,HOLDS
387,DF003A,google/gemma-4-e2b,baseline,DF-03,defeasible,1,0,HOLDS
387,DF003A,google/gemma-4-e2b,baseline,DF-03,defeasible,1,0,HOLDS
388,DF003B,google/gemma-4-e2b,baseline,DF-03,defeasible,0,0,DEFEATED
388,DF003B,google/gemma-4-e2b,baseline,DF-03,defeasible,0,0,DEFEATED
388,DF003B,google/gemma-4-e2b,baseline,DF-03,defeasible,0,0,DEFEATED
388,DF003B,google/gemma-4-e2b,baseline,DF-03,defeasible,0,0,DEFEATED
388,DF003B,google/gemma-4-e2b,baseline,DF-03,defeasible,0,0,DEFEATED
388,DF003B,google/gemma-4-e2b,baseline,DF-03,defeasible,0,0,DEFEATED
389,DF003C,google/gemma-4-e2b,baseline,DF-03,defeasible,1,0,HOLDS
389,DF003C,google/gemma-4-e2b,baseline,DF-03,defeasible,1,0,HOLDS
389,DF003C,google/gemma-4-e2b,baseline,DF-03,defeasible,1,0,HOLDS
389,DF003C,google/gemma-4-e2b,baseline,DF-03,defeasible,1,0,HOLDS
389,DF003C,google/gemma-4-e2b,baseline,DF-03,defeasible,1,0,HOLDS
389,DF003C,google/gemma-4-e2b,baseline,DF-03,defeasible,1,0,HOLDS
390,DF004A,google/gemma-4-e2b,baseline,DF-04,defeasible,0,0,HOLDS
390,DF004A,google/gemma-4-e2b,baseline,DF-04,defeasible,1,0,HOLDS
390,DF004A,google/gemma-4-e2b,baseline,DF-04,defeasible,1,0,HOLDS
390,DF004A,google/gemma-4-e2b,baseline,DF-04,defeasible,1,0,HOLDS
390,DF004A,google/gemma-4-e2b,baseline,DF-04,defeasible,1,0,HOLDS
390,DF004A,google/gemma-4-e2b,baseline,DF-04,defeasible,1,0,HOLDS
391,DF004B,google/gemma-4-e2b,baseline,DF-04,defeasible,1,0,DEFEATED
391,DF004B,google/gemma-4-e2b,baseline,DF-04,defeasible,0,0,DEFEATED
391,DF004B,google/gemma-4-e2b,baseline,DF-04,defeasible,0,0,DEFEATED
391,DF004B,google/gemma-4-e2b,baseline,DF-04,defeasible,0,0,DEFEATED
391,DF004B,google/gemma-4-e2b,baseline,DF-04,defeasible,0,0,DEFEATED
391,DF004B,google/gemma-4-e2b,baseline,DF-04,defeasible,0,0,DEFEATED
392,DF004C,google/gemma-4-e2b,baseline,DF-04,defeasible,1,0,HOLDS
392,DF004C,google/gemma-4-e2b,baseline,DF-04,defeasible,1,0,HOLDS
392,DF004C,google/gemma-4-e2b,baseline,DF-04,defeasible,1,0,HOLDS
392,DF004C,google/gemma-4-e2b,baseline,DF-04,defeasible,1,0,HOLDS
392,DF004C,google/gemma-4-e2b,baseline,DF-04,defeasible,1,0,HOLDS
392,DF004C,google/gemma-4-e2b,baseline,DF-04,defeasible,1,0,HOLDS
393,DF005A,google/gemma-4-e2b,baseline,DF-05,defeasible,1,0,HOLDS
393,DF005A,google/gemma-4-e2b,baseline,DF-05,defeasible,1,0,HOLDS
393,DF005A,google/gemma-4-e2b,baseline,DF-05,defeasible,1,0,HOLDS
393,DF005A,google/gemma-4-e2b,baseline,DF-05,defeasible,1,0,HOLDS
393,DF005A,google/gemma-4-e2b,baseline,DF-05,defeasible,1,0,HOLDS
393,DF005A,google/gemma-4-e2b,baseline,DF-05,defeasible,1,0,HOLDS
394,DF005B,google/gemma-4-e2b,baseline,DF-05,defeasible,1,0,DEFEATED
394,DF005B,google/gemma-4-e2b,baseline,DF-05,defeasible,1,0,DEFEATED
394,DF005B,google/gemma-4-e2b,baseline,DF-05,defeasible,1,0,DEFEATED
394,DF005B,google/gemma-4-e2b,baseline,DF-05,defeasible,1,0,DEFEATED
394,DF005B,google/gemma-4-e2b,baseline,DF-05,defeasible,1,0,DEFEATED
394,DF005B,google/gemma-4-e2b,baseline,DF-05,defeasible,1,0,DEFEATED
395,DF005C,google/gemma-4-e2b,baseline,DF-05,defeasible,1,0,HOLDS
395,DF005C,google/gemma-4-e2b,baseline,DF-05,defeasible,1,0,HOLDS
395,DF005C,google/gemma-4-e2b,baseline,DF-05,defeasible,1,0,HOLDS
395,DF005C,google/gemma-4-e2b,baseline,DF-05,defeasible,1,0,HOLDS
395,DF005C,google/gemma-4-e2b,baseline,DF-05,defeasible,1,0,HOLDS
395,DF005C,google/gemma-4-e2b,baseline,DF-05,defeasible,1,0,HOLDS
396,DF006A,google/gemma-4-e2b,baseline,DF-06,defeasible,1,0,HOLDS
396,DF006A,google/gemma-4-e2b,baseline,DF-06,defeasible,1,0,HOLDS
396,DF006A,google/gemma-4-e2b,baseline,DF-06,defeasible,1,0,HOLDS
396,DF006A,google/gemma-4-e2b,baseline,DF-06,defeasible,1,0,HOLDS
396,DF006A,google/gemma-4-e2b,baseline,DF-06,defeasible,1,0,HOLDS
396,DF006A,google/gemma-4-e2b,baseline,DF-06,defeasible,1,0,HOLDS
397,DF006B,google/gemma-4-e2b,baseline,DF-06,defeasible,0,0,DEFEATED
397,DF006B,google/gemma-4-e2b,baseline,DF-06,defeasible,0,0,DEFEATED
397,DF006B,google/gemma-4-e2b,baseline,DF-06,defeasible,0,0,DEFEATED
397,DF006B,google/gemma-4-e2b,baseline,DF-06,defeasible,0,0,DEFEATED
397,DF006B,google/gemma-4-e2b,baseline,DF-06,defeasible,0,0,DEFEATED
397,DF006B,google/gemma-4-e2b,baseline,DF-06,defeasible,0,0,DEFEATED
398,DF006C,google/gemma-4-e2b,baseline,DF-06,defeasible,1,0,HOLDS
398,DF006C,google/gemma-4-e2b,baseline,DF-06,defeasible,1,0,HOLDS
398,DF006C,google/gemma-4-e2b,baseline,DF-06,defeasible,1,0,HOLDS
398,DF006C,google/gemma-4-e2b,baseline,DF-06,defeasible,1,0,HOLDS
398,DF006C,google/gemma-4-e2b,baseline,DF-06,defeasible,1,0,HOLDS
398,DF006C,google/gemma-4-e2b,baseline,DF-06,defeasible,1,0,HOLDS
399,DF007A,google/gemma-4-e2b,baseline,DF-07,defeasible,1,0,HOLDS
399,DF007A,google/gemma-4-e2b,baseline,DF-07,defeasible,1,0,HOLDS
399,DF007A,google/gemma-4-e2b,baseline,DF-07,defeasible,1,0,HOLDS
399,DF007A,google/gemma-4-e2b,baseline,DF-07,defeasible,1,0,HOLDS
399,DF007A,google/gemma-4-e2b,baseline,DF-07,defeasible,1,0,HOLDS
399,DF007A,google/gemma-4-e2b,baseline,DF-07,defeasible,1,0,HOLDS
400,DF007B,google/gemma-4-e2b,baseline,DF-07,defeasible,1,0,DEFEATED
400,DF007B,google/gemma-4-e2b,baseline,DF-07,defeasible,1,0,DEFEATED
400,DF007B,google/gemma-4-e2b,baseline,DF-07,defeasible,1,0,DEFEATED
400,DF007B,google/gemma-4-e2b,baseline,DF-07,defeasible,1,0,DEFEATED
400,DF007B,google/gemma-4-e2b,baseline,DF-07,defeasible,1,0,DEFEATED
400,DF007B,google/gemma-4-e2b,baseline,DF-07,defeasible,1,0,DEFEATED
401,DF007C,google/gemma-4-e2b,baseline,DF-07,defeasible,1,0,HOLDS
401,DF007C,google/gemma-4-e2b,baseline,DF-07,defeasible,1,0,HOLDS
401,DF007C,google/gemma-4-e2b,baseline,DF-07,defeasible,1,0,HOLDS
401,DF007C,google/gemma-4-e2b,baseline,DF-07,defeasible,1,0,HOLDS
401,DF007C,google/gemma-4-e2b,baseline,DF-07,defeasible,1,0,HOLDS
401,DF007C,google/gemma-4-e2b,baseline,DF-07,defeasible,1,0,HOLDS
402,DF008A,google/gemma-4-e2b,baseline,DF-08,defeasible,1,0,HOLDS
402,DF008A,google/gemma-4-e2b,baseline,DF-08,defeasible,1,0,HOLDS
402,DF008A,google/gemma-4-e2b,baseline,DF-08,defeasible,1,0,HOLDS
402,DF008A,google/gemma-4-e2b,baseline,DF-08,defeasible,1,0,HOLDS
402,DF008A,google/gemma-4-e2b,baseline,DF-08,defeasible,1,0,HOLDS
402,DF008A,google/gemma-4-e2b,baseline,DF-08,defeasible,1,0,HOLDS
403,DF008B,google/gemma-4-e2b,baseline,DF-08,defeasible,1,0,DEFEATED
403,DF008B,google/gemma-4-e2b,baseline,DF-08,defeasible,1,0,DEFEATED
403,DF008B,google/gemma-4-e2b,baseline,DF-08,defeasible,1,0,DEFEATED
403,DF008B,google/gemma-4-e2b,baseline,DF-08,defeasible,1,0,DEFEATED
403,DF008B,google/gemma-4-e2b,baseline,DF-08,defeasible,1,0,DEFEATED
403,DF008B,google/gemma-4-e2b,baseline,DF-08,defeasible,1,0,DEFEATED
404,DF008C,google/gemma-4-e2b,baseline,DF-08,defeasible,1,0,HOLDS
404,DF008C,google/gemma-4-e2b,baseline,DF-08,defeasible,1,0,HOLDS
404,DF008C,google/gemma-4-e2b,baseline,DF-08,defeasible,1,0,HOLDS
404,DF008C,google/gemma-4-e2b,baseline,DF-08,defeasible,1,0,HOLDS
404,DF008C,google/gemma-4-e2b,baseline,DF-08,defeasible,1,0,HOLDS
404,DF008C,google/gemma-4-e2b,baseline,DF-08,defeasible,1,0,HOLDS
405,DF009A,google/gemma-4-e2b,baseline,DF-09,defeasible,1,0,HOLDS
405,DF009A,google/gemma-4-e2b,baseline,DF-09,defeasible,1,0,HOLDS
405,DF009A,google/gemma-4-e2b,baseline,DF-09,defeasible,1,0,HOLDS
405,DF009A,google/gemma-4-e2b,baseline,DF-09,defeasible,1,0,HOLDS
405,DF009A,google/gemma-4-e2b,baseline,DF-09,defeasible,1,0,HOLDS
405,DF009A,google/gemma-4-e2b,baseline,DF-09,defeasible,1,0,HOLDS
406,DF009B,google/gemma-4-e2b,baseline,DF-09,defeasible,1,0,DEFEATED
406,DF009B,google/gemma-4-e2b,baseline,DF-09,defeasible,1,0,DEFEATED
406,DF009B,google/gemma-4-e2b,baseline,DF-09,defeasible,1,0,DEFEATED
406,DF009B,google/gemma-4-e2b,baseline,DF-09,defeasible,1,0,DEFEATED
406,DF009B,google/gemma-4-e2b,baseline,DF-09,defeasible,1,0,DEFEATED
406,DF009B,google/gemma-4-e2b,baseline,DF-09,defeasible,1,0,DEFEATED
407,DF009C,google/gemma-4-e2b,baseline,DF-09,defeasible,1,0,HOLDS
407,DF009C,google/gemma-4-e2b,baseline,DF-09,defeasible,1,0,HOLDS
407,DF009C,google/gemma-4-e2b,baseline,DF-09,defeasible,1,0,HOLDS
407,DF009C,google/gemma-4-e2b,baseline,DF-09,defeasible,1,0,HOLDS
407,DF009C,google/gemma-4-e2b,baseline,DF-09,defeasible,1,0,HOLDS
407,DF009C,google/gemma-4-e2b,baseline,DF-09,defeasible,1,0,HOLDS
408,DF010A,google/gemma-4-e2b,baseline,DF-10,defeasible,1,0,HOLDS
408,DF010A,google/gemma-4-e2b,baseline,DF-10,defeasible,1,0,HOLDS
408,DF010A,google/gemma-4-e2b,baseline,DF-10,defeasible,1,0,HOLDS
408,DF010A,google/gemma-4-e2b,baseline,DF-10,defeasible,1,0,HOLDS
408,DF010A,google/gemma-4-e2b,baseline,DF-10,defeasible,1,0,HOLDS
408,DF010A,google/gemma-4-e2b,baseline,DF-10,defeasible,1,0,HOLDS
409,DF010B,google/gemma-4-e2b,baseline,DF-10,defeasible,1,0,DEFEATED
409,DF010B,google/gemma-4-e2b,baseline,DF-10,defeasible,1,0,DEFEATED
409,DF010B,google/gemma-4-e2b,baseline,DF-10,defeasible,1,0,DEFEATED
409,DF010B,google/gemma-4-e2b,baseline,DF-10,defeasible,1,0,DEFEATED
409,DF010B,google/gemma-4-e2b,baseline,DF-10,defeasible,1,0,DEFEATED
409,DF010B,google/gemma-4-e2b,baseline,DF-10,defeasible,1,0,DEFEATED
410,DF010C,google/gemma-4-e2b,baseline,DF-10,defeasible,1,0,HOLDS
410,DF010C,google/gemma-4-e2b,baseline,DF-10,defeasible,1,0,HOLDS
410,DF010C,google/gemma-4-e2b,baseline,DF-10,defeasible,1,0,HOLDS
410,DF010C,google/gemma-4-e2b,baseline,DF-10,defeasible,1,0,HOLDS
410,DF010C,google/gemma-4-e2b,baseline,DF-10,defeasible,1,0,HOLDS
410,DF010C,google/gemma-4-e2b,baseline,DF-10,defeasible,1,0,HOLDS
411,DF011A,google/gemma-4-e2b,baseline,DF-11,defeasible,0,0,HOLDS
411,DF011A,google/gemma-4-e2b,baseline,DF-11,defeasible,0,0,HOLDS
411,DF011A,google/gemma-4-e2b,baseline,DF-11,defeasible,0,0,HOLDS
411,DF011A,google/gemma-4-e2b,baseline,DF-11,defeasible,0,0,HOLDS
411,DF011A,google/gemma-4-e2b,baseline,DF-11,defeasible,0,0,HOLDS
411,DF011A,google/gemma-4-e2b,baseline,DF-11,defeasible,0,0,HOLDS
412,DF011B,google/gemma-4-e2b,baseline,DF-11,defeasible,1,0,DEFEATED
412,DF011B,google/gemma-4-e2b,baseline,DF-11,defeasible,1,0,DEFEATED
412,DF011B,google/gemma-4-e2b,baseline,DF-11,defeasible,1,0,DEFEATED
412,DF011B,google/gemma-4-e2b,baseline,DF-11,defeasible,1,0,DEFEATED
412,DF011B,google/gemma-4-e2b,baseline,DF-11,defeasible,1,0,DEFEATED
412,DF011B,google/gemma-4-e2b,baseline,DF-11,defeasible,1,0,DEFEATED
413,DF011C,google/gemma-4-e2b,baseline,DF-11,defeasible,1,0,HOLDS
413,DF011C,google/gemma-4-e2b,baseline,DF-11,defeasible,1,0,HOLDS
413,DF011C,google/gemma-4-e2b,baseline,DF-11,defeasible,1,0,HOLDS
413,DF011C,google/gemma-4-e2b,baseline,DF-11,defeasible,1,0,HOLDS
413,DF011C,google/gemma-4-e2b,baseline,DF-11,defeasible,1,0,HOLDS
413,DF011C,google/gemma-4-e2b,baseline,DF-11,defeasible,1,0,HOLDS
414,DF012A,google/gemma-4-e2b,baseline,DF-12,defeasible,1,0,HOLDS
414,DF012A,google/gemma-4-e2b,baseline,DF-12,defeasible,1,0,HOLDS
414,DF012A,google/gemma-4-e2b,baseline,DF-12,defeasible,1,0,HOLDS
414,DF012A,google/gemma-4-e2b,baseline,DF-12,defeasible,1,0,HOLDS
414,DF012A,google/gemma-4-e2b,baseline,DF-12,defeasible,1,0,HOLDS
414,DF012A,google/gemma-4-e2b,baseline,DF-12,defeasible,1,0,HOLDS
415,DF012B,google/gemma-4-e2b,baseline,DF-12,defeasible,1,0,DEFEATED
415,DF012B,google/gemma-4-e2b,baseline,DF-12,defeasible,1,0,DEFEATED
415,DF012B,google/gemma-4-e2b,baseline,DF-12,defeasible,1,0,DEFEATED
415,DF012B,google/gemma-4-e2b,baseline,DF-12,defeasible,1,0,DEFEATED
415,DF012B,google/gemma-4-e2b,baseline,DF-12,defeasible,1,0,DEFEATED
415,DF012B,google/gemma-4-e2b,baseline,DF-12,defeasible,1,0,DEFEATED
416,DF012C,google/gemma-4-e2b,baseline,DF-12,defeasible,1,0,HOLDS
416,DF012C,google/gemma-4-e2b,baseline,DF-12,defeasible,1,0,HOLDS
416,DF012C,google/gemma-4-e2b,baseline,DF-12,defeasible,1,0,HOLDS
416,DF012C,google/gemma-4-e2b,baseline,DF-12,defeasible,1,0,HOLDS
416,DF012C,google/gemma-4-e2b,baseline,DF-12,defeasible,1,0,HOLDS
416,DF012C,google/gemma-4-e2b,baseline,DF-12,defeasible,1,0,HOLDS
417,DF013A,google/gemma-4-e2b,baseline,DF-13,defeasible,0,0,HOLDS
417,DF013A,google/gemma-4-e2b,baseline,DF-13,defeasible,1,0,HOLDS
417,DF013A,google/gemma-4-e2b,baseline,DF-13,defeasible,1,0,HOLDS
417,DF013A,google/gemma-4-e2b,baseline,DF-13,defeasible,1,0,HOLDS
417,DF013A,google/gemma-4-e2b,baseline,DF-13,defeasible,1,0,HOLDS
417,DF013A,google/gemma-4-e2b,baseline,DF-13,defeasible,1,0,HOLDS
418,DF013B,google/gemma-4-e2b,baseline,DF-13,defeasible,0,0,DEFEATED
418,DF013B,google/gemma-4-e2b,baseline,DF-13,defeasible,0,0,DEFEATED
418,DF013B,google/gemma-4-e2b,baseline,DF-13,defeasible,0,0,DEFEATED
418,DF013B,google/gemma-4-e2b,baseline,DF-13,defeasible,0,0,DEFEATED
418,DF013B,google/gemma-4-e2b,baseline,DF-13,defeasible,0,0,DEFEATED
418,DF013B,google/gemma-4-e2b,baseline,DF-13,defeasible,0,0,DEFEATED
419,DF013C,google/gemma-4-e2b,baseline,DF-13,defeasible,1,0,HOLDS
419,DF013C,google/gemma-4-e2b,baseline,DF-13,defeasible,1,0,HOLDS
419,DF013C,google/gemma-4-e2b,baseline,DF-13,defeasible,1,0,HOLDS
419,DF013C,google/gemma-4-e2b,baseline,DF-13,defeasible,1,0,HOLDS
419,DF013C,google/gemma-4-e2b,baseline,DF-13,defeasible,1,0,HOLDS
419,DF013C,google/gemma-4-e2b,baseline,DF-13,defeasible,1,0,HOLDS
420,DF014A,google/gemma-4-e2b,baseline,DF-14,defeasible,1,0,HOLDS
420,DF014A,google/gemma-4-e2b,baseline,DF-14,defeasible,1,0,HOLDS
420,DF014A,google/gemma-4-e2b,baseline,DF-14,defeasible,1,0,HOLDS
420,DF014A,google/gemma-4-e2b,baseline,DF-14,defeasible,1,0,HOLDS
420,DF014A,google/gemma-4-e2b,baseline,DF-14,defeasible,1,0,HOLDS
420,DF014A,google/gemma-4-e2b,baseline,DF-14,defeasible,1,0,HOLDS
421,DF014B,google/gemma-4-e2b,baseline,DF-14,defeasible,1,0,DEFEATED
421,DF014B,google/gemma-4-e2b,baseline,DF-14,defeasible,1,0,DEFEATED
421,DF014B,google/gemma-4-e2b,baseline,DF-14,defeasible,1,0,DEFEATED
421,DF014B,google/gemma-4-e2b,baseline,DF-14,defeasible,1,0,DEFEATED
421,DF014B,google/gemma-4-e2b,baseline,DF-14,defeasible,1,0,DEFEATED
421,DF014B,google/gemma-4-e2b,baseline,DF-14,defeasible,1,0,DEFEATED
422,DF014C,google/gemma-4-e2b,baseline,DF-14,defeasible,1,0,HOLDS
422,DF014C,google/gemma-4-e2b,baseline,DF-14,defeasible,1,0,HOLDS
422,DF014C,google/gemma-4-e2b,baseline,DF-14,defeasible,1,0,HOLDS
422,DF014C,google/gemma-4-e2b,baseline,DF-14,defeasible,1,0,HOLDS
422,DF014C,google/gemma-4-e2b,baseline,DF-14,defeasible,1,0,HOLDS
422,DF014C,google/gemma-4-e2b,baseline,DF-14,defeasible,1,0,HOLDS
423,DF015A,google/gemma-4-e2b,baseline,DF-15,defeasible,1,0,HOLDS
423,DF015A,google/gemma-4-e2b,baseline,DF-15,defeasible,1,0,HOLDS
423,DF015A,google/gemma-4-e2b,baseline,DF-15,defeasible,1,0,HOLDS
423,DF015A,google/gemma-4-e2b,baseline,DF-15,defeasible,1,0,HOLDS
423,DF015A,google/gemma-4-e2b,baseline,DF-15,defeasible,1,0,HOLDS
423,DF015A,google/gemma-4-e2b,baseline,DF-15,defeasible,1,0,HOLDS
424,DF015B,google/gemma-4-e2b,baseline,DF-15,defeasible,1,0,DEFEATED
424,DF015B,google/gemma-4-e2b,baseline,DF-15,defeasible,1,0,DEFEATED
424,DF015B,google/gemma-4-e2b,baseline,DF-15,defeasible,1,0,DEFEATED
424,DF015B,google/gemma-4-e2b,baseline,DF-15,defeasible,1,0,DEFEATED
424,DF015B,google/gemma-4-e2b,baseline,DF-15,defeasible,1,0,DEFEATED
424,DF015B,google/gemma-4-e2b,baseline,DF-15,defeasible,1,0,DEFEATED
425,DF015C,google/gemma-4-e2b,baseline,DF-15,defeasible,1,0,HOLDS
425,DF015C,google/gemma-4-e2b,baseline,DF-15,defeasible,1,0,HOLDS
425,DF015C,google/gemma-4-e2b,baseline,DF-15,defeasible,1,0,HOLDS
425,DF015C,google/gemma-4-e2b,baseline,DF-15,defeasible,1,0,HOLDS
425,DF015C,google/gemma-4-e2b,baseline,DF-15,defeasible,1,0,HOLDS
425,DF015C,google/gemma-4-e2b,baseline,DF-15,defeasible,1,0,HOLDS
426,DF016A,google/gemma-4-e2b,baseline,DF-16,defeasible,1,0,HOLDS
426,DF016A,google/gemma-4-e2b,baseline,DF-16,defeasible,1,0,HOLDS
426,DF016A,google/gemma-4-e2b,baseline,DF-16,defeasible,1,0,HOLDS
426,DF016A,google/gemma-4-e2b,baseline,DF-16,defeasible,1,0,HOLDS
426,DF016A,google/gemma-4-e2b,baseline,DF-16,defeasible,1,0,HOLDS
426,DF016A,google/gemma-4-e2b,baseline,DF-16,defeasible,1,0,HOLDS
427,DF016B,google/gemma-4-e2b,baseline,DF-16,defeasible,0,0,DEFEATED
427,DF016B,google/gemma-4-e2b,baseline,DF-16,defeasible,0,0,DEFEATED
427,DF016B,google/gemma-4-e2b,baseline,DF-16,defeasible,0,0,DEFEATED
427,DF016B,google/gemma-4-e2b,baseline,DF-16,defeasible,0,0,DEFEATED
427,DF016B,google/gemma-4-e2b,baseline,DF-16,defeasible,0,0,DEFEATED
427,DF016B,google/gemma-4-e2b,baseline,DF-16,defeasible,0,0,DEFEATED
428,DF016C,google/gemma-4-e2b,baseline,DF-16,defeasible,1,0,HOLDS
428,DF016C,google/gemma-4-e2b,baseline,DF-16,defeasible,1,0,HOLDS
428,DF016C,google/gemma-4-e2b,baseline,DF-16,defeasible,1,0,HOLDS
428,DF016C,google/gemma-4-e2b,baseline,DF-16,defeasible,1,0,HOLDS
428,DF016C,google/gemma-4-e2b,baseline,DF-16,defeasible,1,0,HOLDS
428,DF016C,google/gemma-4-e2b,baseline,DF-16,defeasible,1,0,HOLDS
429,DF017A,google/gemma-4-e2b,baseline,DF-17,defeasible,1,0,HOLDS
429,DF017A,google/gemma-4-e2b,baseline,DF-17,defeasible,1,0,HOLDS
429,DF017A,google/gemma-4-e2b,baseline,DF-17,defeasible,1,0,HOLDS
429,DF017A,google/gemma-4-e2b,baseline,DF-17,defeasible,1,0,HOLDS
429,DF017A,google/gemma-4-e2b,baseline,DF-17,defeasible,1,0,HOLDS
429,DF017A,google/gemma-4-e2b,baseline,DF-17,defeasible,1,0,HOLDS
430,DF017B,google/gemma-4-e2b,baseline,DF-17,defeasible,0,0,DEFEATED
430,DF017B,google/gemma-4-e2b,baseline,DF-17,defeasible,0,0,DEFEATED
430,DF017B,google/gemma-4-e2b,baseline,DF-17,defeasible,0,0,DEFEATED
430,DF017B,google/gemma-4-e2b,baseline,DF-17,defeasible,0,0,DEFEATED
430,DF017B,google/gemma-4-e2b,baseline,DF-17,defeasible,0,0,DEFEATED
430,DF017B,google/gemma-4-e2b,baseline,DF-17,defeasible,0,0,DEFEATED
431,DF017C,google/gemma-4-e2b,baseline,DF-17,defeasible,1,0,HOLDS
431,DF017C,google/gemma-4-e2b,baseline,DF-17,defeasible,1,0,HOLDS
431,DF017C,google/gemma-4-e2b,baseline,DF-17,defeasible,1,0,HOLDS
431,DF017C,google/gemma-4-e2b,baseline,DF-17,defeasible,1,0,HOLDS
431,DF017C,google/gemma-4-e2b,baseline,DF-17,defeasible,1,0,HOLDS
431,DF017C,google/gemma-4-e2b,baseline,DF-17,defeasible,1,0,HOLDS
432,DF018A,google/gemma-4-e2b,baseline,DF-18,defeasible,1,0,HOLDS
432,DF018A,google/gemma-4-e2b,baseline,DF-18,defeasible,1,0,HOLDS
432,DF018A,google/gemma-4-e2b,baseline,DF-18,defeasible,1,0,HOLDS
432,DF018A,google/gemma-4-e2b,baseline,DF-18,defeasible,1,0,HOLDS
432,DF018A,google/gemma-4-e2b,baseline,DF-18,defeasible,1,0,HOLDS
432,DF018A,google/gemma-4-e2b,baseline,DF-18,defeasible,1,0,HOLDS
433,DF018B,google/gemma-4-e2b,baseline,DF-18,defeasible,1,0,DEFEATED
433,DF018B,google/gemma-4-e2b,baseline,DF-18,defeasible,1,0,DEFEATED
433,DF018B,google/gemma-4-e2b,baseline,DF-18,defeasible,1,0,DEFEATED
433,DF018B,google/gemma-4-e2b,baseline,DF-18,defeasible,1,0,DEFEATED
433,DF018B,google/gemma-4-e2b,baseline,DF-18,defeasible,1,0,DEFEATED
433,DF018B,google/gemma-4-e2b,baseline,DF-18,defeasible,1,0,DEFEATED
434,DF018C,google/gemma-4-e2b,baseline,DF-18,defeasible,1,0,HOLDS
434,DF018C,google/gemma-4-e2b,baseline,DF-18,defeasible,1,0,HOLDS
434,DF018C,google/gemma-4-e2b,baseline,DF-18,defeasible,1,0,HOLDS
434,DF018C,google/gemma-4-e2b,baseline,DF-18,defeasible,1,0,HOLDS
434,DF018C,google/gemma-4-e2b,baseline,DF-18,defeasible,1,0,HOLDS
434,DF018C,google/gemma-4-e2b,baseline,DF-18,defeasible,1,0,HOLDS
435,DF019A,google/gemma-4-e2b,baseline,DF-19,defeasible,0,0,HOLDS
435,DF019A,google/gemma-4-e2b,baseline,DF-19,defeasible,1,0,HOLDS
435,DF019A,google/gemma-4-e2b,baseline,DF-19,defeasible,0,0,HOLDS
435,DF019A,google/gemma-4-e2b,baseline,DF-19,defeasible,0,0,HOLDS
435,DF019A,google/gemma-4-e2b,baseline,DF-19,defeasible,0,0,HOLDS
435,DF019A,google/gemma-4-e2b,baseline,DF-19,defeasible,0,0,HOLDS
436,DF019B,google/gemma-4-e2b,baseline,DF-19,defeasible,1,0,DEFEATED
436,DF019B,google/gemma-4-e2b,baseline,DF-19,defeasible,1,0,DEFEATED
436,DF019B,google/gemma-4-e2b,baseline,DF-19,defeasible,1,0,DEFEATED
436,DF019B,google/gemma-4-e2b,baseline,DF-19,defeasible,1,0,DEFEATED
436,DF019B,google/gemma-4-e2b,baseline,DF-19,defeasible,1,0,DEFEATED
436,DF019B,google/gemma-4-e2b,baseline,DF-19,defeasible,1,0,DEFEATED
437,DF019C,google/gemma-4-e2b,baseline,DF-19,defeasible,1,0,HOLDS
437,DF019C,google/gemma-4-e2b,baseline,DF-19,defeasible,1,0,HOLDS
437,DF019C,google/gemma-4-e2b,baseline,DF-19,defeasible,1,0,HOLDS
437,DF019C,google/gemma-4-e2b,baseline,DF-19,defeasible,1,0,HOLDS
437,DF019C,google/gemma-4-e2b,baseline,DF-19,defeasible,1,0,HOLDS
437,DF019C,google/gemma-4-e2b,baseline,DF-19,defeasible,1,0,HOLDS
438,DF020A,google/gemma-4-e2b,baseline,DF-20,defeasible,1,0,HOLDS
438,DF020A,google/gemma-4-e2b,baseline,DF-20,defeasible,1,0,HOLDS
438,DF020A,google/gemma-4-e2b,baseline,DF-20,defeasible,1,0,HOLDS
438,DF020A,google/gemma-4-e2b,baseline,DF-20,defeasible,1,0,HOLDS
438,DF020A,google/gemma-4-e2b,baseline,DF-20,defeasible,1,0,HOLDS
438,DF020A,google/gemma-4-e2b,baseline,DF-20,defeasible,1,0,HOLDS
439,DF020B,google/gemma-4-e2b,baseline,DF-20,defeasible,1,0,DEFEATED
439,DF020B,google/gemma-4-e2b,baseline,DF-20,defeasible,1,0,DEFEATED
439,DF020B,google/gemma-4-e2b,baseline,DF-20,defeasible,1,0,DEFEATED
439,DF020B,google/gemma-4-e2b,baseline,DF-20,defeasible,1,0,DEFEATED
439,DF020B,google/gemma-4-e2b,baseline,DF-20,defeasible,1,0,DEFEATED
439,DF020B,google/gemma-4-e2b,baseline,DF-20,defeasible,1,0,DEFEATED
440,DF020C,google/gemma-4-e2b,baseline,DF-20,defeasible,1,0,HOLDS
440,DF020C,google/gemma-4-e2b,baseline,DF-20,defeasible,1,0,HOLDS
440,DF020C,google/gemma-4-e2b,baseline,DF-20,defeasible,1,0,HOLDS
440,DF020C,google/gemma-4-e2b,baseline,DF-20,defeasible,1,0,HOLDS
440,DF020C,google/gemma-4-e2b,baseline,DF-20,defeasible,1,0,HOLDS
440,DF020C,google/gemma-4-e2b,baseline,DF-20,defeasible,1,0,HOLDS
441,DF021A,google/gemma-4-e2b,baseline,DF-21,defeasible,1,0,HOLDS
441,DF021A,google/gemma-4-e2b,baseline,DF-21,defeasible,1,0,HOLDS
441,DF021A,google/gemma-4-e2b,baseline,DF-21,defeasible,1,0,HOLDS
441,DF021A,google/gemma-4-e2b,baseline,DF-21,defeasible,1,0,HOLDS
441,DF021A,google/gemma-4-e2b,baseline,DF-21,defeasible,1,0,HOLDS
441,DF021A,google/gemma-4-e2b,baseline,DF-21,defeasible,1,0,HOLDS
442,DF021B,google/gemma-4-e2b,baseline,DF-21,defeasible,0,0,DEFEATED
442,DF021B,google/gemma-4-e2b,baseline,DF-21,defeasible,0,0,DEFEATED
442,DF021B,google/gemma-4-e2b,baseline,DF-21,defeasible,0,0,DEFEATED
442,DF021B,google/gemma-4-e2b,baseline,DF-21,defeasible,0,0,DEFEATED
442,DF021B,google/gemma-4-e2b,baseline,DF-21,defeasible,0,0,DEFEATED
442,DF021B,google/gemma-4-e2b,baseline,DF-21,defeasible,0,0,DEFEATED
443,DF021C,google/gemma-4-e2b,baseline,DF-21,defeasible,1,0,HOLDS
443,DF021C,google/gemma-4-e2b,baseline,DF-21,defeasible,1,0,HOLDS
443,DF021C,google/gemma-4-e2b,baseline,DF-21,defeasible,1,0,HOLDS
443,DF021C,google/gemma-4-e2b,baseline,DF-21,defeasible,1,0,HOLDS
443,DF021C,google/gemma-4-e2b,baseline,DF-21,defeasible,1,0,HOLDS
443,DF021C,google/gemma-4-e2b,baseline,DF-21,defeasible,1,0,HOLDS
444,DF022A,google/gemma-4-e2b,baseline,DF-22,defeasible,1,0,HOLDS
444,DF022A,google/gemma-4-e2b,baseline,DF-22,defeasible,1,0,HOLDS
444,DF022A,google/gemma-4-e2b,baseline,DF-22,defeasible,1,0,HOLDS
444,DF022A,google/gemma-4-e2b,baseline,DF-22,defeasible,1,0,HOLDS
444,DF022A,google/gemma-4-e2b,baseline,DF-22,defeasible,1,0,HOLDS
444,DF022A,google/gemma-4-e2b,baseline,DF-22,defeasible,1,0,HOLDS
445,DF022B,google/gemma-4-e2b,baseline,DF-22,defeasible,1,0,DEFEATED
445,DF022B,google/gemma-4-e2b,baseline,DF-22,defeasible,1,0,DEFEATED
445,DF022B,google/gemma-4-e2b,baseline,DF-22,defeasible,1,0,DEFEATED
445,DF022B,google/gemma-4-e2b,baseline,DF-22,defeasible,1,0,DEFEATED
445,DF022B,google/gemma-4-e2b,baseline,DF-22,defeasible,1,0,DEFEATED
445,DF022B,google/gemma-4-e2b,baseline,DF-22,defeasible,1,0,DEFEATED
446,DF022C,google/gemma-4-e2b,baseline,DF-22,defeasible,1,0,HOLDS
446,DF022C,google/gemma-4-e2b,baseline,DF-22,defeasible,1,0,HOLDS
446,DF022C,google/gemma-4-e2b,baseline,DF-22,defeasible,1,0,HOLDS
446,DF022C,google/gemma-4-e2b,baseline,DF-22,defeasible,1,0,HOLDS
446,DF022C,google/gemma-4-e2b,baseline,DF-22,defeasible,1,0,HOLDS
446,DF022C,google/gemma-4-e2b,baseline,DF-22,defeasible,1,0,HOLDS
447,DF023A,google/gemma-4-e2b,baseline,DF-23,defeasible,0,0,HOLDS
447,DF023A,google/gemma-4-e2b,baseline,DF-23,defeasible,0,0,HOLDS
447,DF023A,google/gemma-4-e2b,baseline,DF-23,defeasible,0,0,HOLDS
447,DF023A,google/gemma-4-e2b,baseline,DF-23,defeasible,0,0,HOLDS
447,DF023A,google/gemma-4-e2b,baseline,DF-23,defeasible,0,0,HOLDS
447,DF023A,google/gemma-4-e2b,baseline,DF-23,defeasible,0,0,HOLDS
448,DF023B,google/gemma-4-e2b,baseline,DF-23,defeasible,0,0,DEFEATED
448,DF023B,google/gemma-4-e2b,baseline,DF-23,defeasible,1,0,DEFEATED
448,DF023B,google/gemma-4-e2b,baseline,DF-23,defeasible,1,0,DEFEATED
448,DF023B,google/gemma-4-e2b,baseline,DF-23,defeasible,1,0,DEFEATED
448,DF023B,google/gemma-4-e2b,baseline,DF-23,defeasible,1,0,DEFEATED
448,DF023B,google/gemma-4-e2b,baseline,DF-23,defeasible,1,0,DEFEATED
449,DF023C,google/gemma-4-e2b,baseline,DF-23,defeasible,1,0,HOLDS
449,DF023C,google/gemma-4-e2b,baseline,DF-23,defeasible,1,0,HOLDS
449,DF023C,google/gemma-4-e2b,baseline,DF-23,defeasible,1,0,HOLDS
449,DF023C,google/gemma-4-e2b,baseline,DF-23,defeasible,1,0,HOLDS
449,DF023C,google/gemma-4-e2b,baseline,DF-23,defeasible,1,0,HOLDS
449,DF023C,google/gemma-4-e2b,baseline,DF-23,defeasible,1,0,HOLDS
450,DF024A,google/gemma-4-e2b,baseline,DF-24,defeasible,1,0,HOLDS
450,DF024A,google/gemma-4-e2b,baseline,DF-24,defeasible,1,0,HOLDS
450,DF024A,google/gemma-4-e2b,baseline,DF-24,defeasible,1,0,HOLDS
450,DF024A,google/gemma-4-e2b,baseline,DF-24,defeasible,1,0,HOLDS
450,DF024A,google/gemma-4-e2b,baseline,DF-24,defeasible,1,0,HOLDS
450,DF024A,google/gemma-4-e2b,baseline,DF-24,defeasible,1,0,HOLDS
451,DF024B,google/gemma-4-e2b,baseline,DF-24,defeasible,0,0,DEFEATED
451,DF024B,google/gemma-4-e2b,baseline,DF-24,defeasible,0,0,DEFEATED
451,DF024B,google/gemma-4-e2b,baseline,DF-24,defeasible,0,0,DEFEATED
451,DF024B,google/gemma-4-e2b,baseline,DF-24,defeasible,0,0,DEFEATED
451,DF024B,google/gemma-4-e2b,baseline,DF-24,defeasible,0,0,DEFEATED
451,DF024B,google/gemma-4-e2b,baseline,DF-24,defeasible,0,0,DEFEATED
452,DF024C,google/gemma-4-e2b,baseline,DF-24,defeasible,1,0,HOLDS
452,DF024C,google/gemma-4-e2b,baseline,DF-24,defeasible,1,0,HOLDS
452,DF024C,google/gemma-4-e2b,baseline,DF-24,defeasible,1,0,HOLDS
452,DF024C,google/gemma-4-e2b,baseline,DF-24,defeasible,1,0,HOLDS
452,DF024C,google/gemma-4-e2b,baseline,DF-24,defeasible,1,0,HOLDS
452,DF024C,google/gemma-4-e2b,baseline,DF-24,defeasible,1,0,HOLDS
453,DF025A,google/gemma-4-e2b,baseline,DF-25,defeasible,0,0,HOLDS
453,DF025A,google/gemma-4-e2b,baseline,DF-25,defeasible,0,0,HOLDS
453,DF025A,google/gemma-4-e2b,baseline,DF-25,defeasible,0,0,HOLDS
453,DF025A,google/gemma-4-e2b,baseline,DF-25,defeasible,0,0,HOLDS
453,DF025A,google/gemma-4-e2b,baseline,DF-25,defeasible,0,0,HOLDS
453,DF025A,google/gemma-4-e2b,baseline,DF-25,defeasible,0,0,HOLDS
454,DF025B,google/gemma-4-e2b,baseline,DF-25,defeasible,0,0,DEFEATED
454,DF025B,google/gemma-4-e2b,baseline,DF-25,defeasible,1,0,DEFEATED
454,DF025B,google/gemma-4-e2b,baseline,DF-25,defeasible,1,0,DEFEATED
454,DF025B,google/gemma-4-e2b,baseline,DF-25,defeasible,1,0,DEFEATED
454,DF025B,google/gemma-4-e2b,baseline,DF-25,defeasible,1,0,DEFEATED
454,DF025B,google/gemma-4-e2b,baseline,DF-25,defeasible,1,0,DEFEATED
455,DF025C,google/gemma-4-e2b,baseline,DF-25,defeasible,0,0,HOLDS
455,DF025C,google/gemma-4-e2b,baseline,DF-25,defeasible,1,0,HOLDS
455,DF025C,google/gemma-4-e2b,baseline,DF-25,defeasible,1,0,HOLDS
455,DF025C,google/gemma-4-e2b,baseline,DF-25,defeasible,1,0,HOLDS
455,DF025C,google/gemma-4-e2b,baseline,DF-25,defeasible,1,0,HOLDS
455,DF025C,google/gemma-4-e2b,baseline,DF-25,defeasible,1,0,HOLDS
456,DF026A,google/gemma-4-e2b,baseline,DF-26,defeasible,0,0,HOLDS
456,DF026A,google/gemma-4-e2b,baseline,DF-26,defeasible,0,0,HOLDS
456,DF026A,google/gemma-4-e2b,baseline,DF-26,defeasible,0,0,HOLDS
456,DF026A,google/gemma-4-e2b,baseline,DF-26,defeasible,0,0,HOLDS
456,DF026A,google/gemma-4-e2b,baseline,DF-26,defeasible,0,0,HOLDS
456,DF026A,google/gemma-4-e2b,baseline,DF-26,defeasible,0,0,HOLDS
457,DF026B,google/gemma-4-e2b,baseline,DF-26,defeasible,1,0,DEFEATED
457,DF026B,google/gemma-4-e2b,baseline,DF-26,defeasible,0,0,DEFEATED
457,DF026B,google/gemma-4-e2b,baseline,DF-26,defeasible,1,0,DEFEATED
457,DF026B,google/gemma-4-e2b,baseline,DF-26,defeasible,0,0,DEFEATED
457,DF026B,google/gemma-4-e2b,baseline,DF-26,defeasible,0,0,DEFEATED
457,DF026B,google/gemma-4-e2b,baseline,DF-26,defeasible,0,0,DEFEATED
458,DF026C,google/gemma-4-e2b,baseline,DF-26,defeasible,1,0,HOLDS
458,DF026C,google/gemma-4-e2b,baseline,DF-26,defeasible,1,0,HOLDS
458,DF026C,google/gemma-4-e2b,baseline,DF-26,defeasible,1,0,HOLDS
458,DF026C,google/gemma-4-e2b,baseline,DF-26,defeasible,1,0,HOLDS
458,DF026C,google/gemma-4-e2b,baseline,DF-26,defeasible,1,0,HOLDS
458,DF026C,google/gemma-4-e2b,baseline,DF-26,defeasible,1,0,HOLDS
459,DF027A,google/gemma-4-e2b,baseline,DF-27,defeasible,1,0,HOLDS
459,DF027A,google/gemma-4-e2b,baseline,DF-27,defeasible,1,0,HOLDS
459,DF027A,google/gemma-4-e2b,baseline,DF-27,defeasible,1,0,HOLDS
459,DF027A,google/gemma-4-e2b,baseline,DF-27,defeasible,1,0,HOLDS
459,DF027A,google/gemma-4-e2b,baseline,DF-27,defeasible,1,0,HOLDS
459,DF027A,google/gemma-4-e2b,baseline,DF-27,defeasible,1,0,HOLDS
460,DF027B,google/gemma-4-e2b,baseline,DF-27,defeasible,1,0,DEFEATED
460,DF027B,google/gemma-4-e2b,baseline,DF-27,defeasible,1,0,DEFEATED
460,DF027B,google/gemma-4-e2b,baseline,DF-27,defeasible,1,0,DEFEATED
460,DF027B,google/gemma-4-e2b,baseline,DF-27,defeasible,1,0,DEFEATED
460,DF027B,google/gemma-4-e2b,baseline,DF-27,defeasible,1,0,DEFEATED
460,DF027B,google/gemma-4-e2b,baseline,DF-27,defeasible,1,0,DEFEATED
461,DF027C,google/gemma-4-e2b,baseline,DF-27,defeasible,1,0,HOLDS
461,DF027C,google/gemma-4-e2b,baseline,DF-27,defeasible,1,0,HOLDS
461,DF027C,google/gemma-4-e2b,baseline,DF-27,defeasible,1,0,HOLDS
461,DF027C,google/gemma-4-e2b,baseline,DF-27,defeasible,1,0,HOLDS
461,DF027C,google/gemma-4-e2b,baseline,DF-27,defeasible,1,0,HOLDS
461,DF027C,google/gemma-4-e2b,baseline,DF-27,defeasible,1,0,HOLDS
462,DF028A,google/gemma-4-e2b,baseline,DF-28,defeasible,0,0,HOLDS
462,DF028A,google/gemma-4-e2b,baseline,DF-28,defeasible,0,0,HOLDS
462,DF028A,google/gemma-4-e2b,baseline,DF-28,defeasible,0,0,HOLDS
462,DF028A,google/gemma-4-e2b,baseline,DF-28,defeasible,0,0,HOLDS
462,DF028A,google/gemma-4-e2b,baseline,DF-28,defeasible,0,0,HOLDS
462,DF028A,google/gemma-4-e2b,baseline,DF-28,defeasible,0,0,HOLDS
463,DF028B,google/gemma-4-e2b,baseline,DF-28,defeasible,0,0,DEFEATED
463,DF028B,google/gemma-4-e2b,baseline,DF-28,defeasible,0,0,DEFEATED
463,DF028B,google/gemma-4-e2b,baseline,DF-28,defeasible,0,0,DEFEATED
463,DF028B,google/gemma-4-e2b,baseline,DF-28,defeasible,0,0,DEFEATED
463,DF028B,google/gemma-4-e2b,baseline,DF-28,defeasible,0,0,DEFEATED
463,DF028B,google/gemma-4-e2b,baseline,DF-28,defeasible,0,0,DEFEATED
464,DF028C,google/gemma-4-e2b,baseline,DF-28,defeasible,1,0,HOLDS
464,DF028C,google/gemma-4-e2b,baseline,DF-28,defeasible,1,0,HOLDS
464,DF028C,google/gemma-4-e2b,baseline,DF-28,defeasible,0,0,HOLDS
464,DF028C,google/gemma-4-e2b,baseline,DF-28,defeasible,1,0,HOLDS
464,DF028C,google/gemma-4-e2b,baseline,DF-28,defeasible,0,0,HOLDS
464,DF028C,google/gemma-4-e2b,baseline,DF-28,defeasible,1,0,HOLDS
465,DF029A,google/gemma-4-e2b,baseline,DF-29,defeasible,0,0,HOLDS
465,DF029A,google/gemma-4-e2b,baseline,DF-29,defeasible,0,0,HOLDS
465,DF029A,google/gemma-4-e2b,baseline,DF-29,defeasible,0,0,HOLDS
465,DF029A,google/gemma-4-e2b,baseline,DF-29,defeasible,0,0,HOLDS
465,DF029A,google/gemma-4-e2b,baseline,DF-29,defeasible,0,0,HOLDS
465,DF029A,google/gemma-4-e2b,baseline,DF-29,defeasible,0,0,HOLDS
466,DF029B,google/gemma-4-e2b,baseline,DF-29,defeasible,0,0,DEFEATED
466,DF029B,google/gemma-4-e2b,baseline,DF-29,defeasible,1,0,DEFEATED
466,DF029B,google/gemma-4-e2b,baseline,DF-29,defeasible,1,0,DEFEATED
466,DF029B,google/gemma-4-e2b,baseline,DF-29,defeasible,1,0,DEFEATED
466,DF029B,google/gemma-4-e2b,baseline,DF-29,defeasible,1,0,DEFEATED
466,DF029B,google/gemma-4-e2b,baseline,DF-29,defeasible,1,0,DEFEATED
467,DF029C,google/gemma-4-e2b,baseline,DF-29,defeasible,1,0,HOLDS
467,DF029C,google/gemma-4-e2b,baseline,DF-29,defeasible,1,0,HOLDS
467,DF029C,google/gemma-4-e2b,baseline,DF-29,defeasible,1,0,HOLDS
467,DF029C,google/gemma-4-e2b,baseline,DF-29,defeasible,1,0,HOLDS
467,DF029C,google/gemma-4-e2b,baseline,DF-29,defeasible,1,0,HOLDS
467,DF029C,google/gemma-4-e2b,baseline,DF-29,defeasible,1,0,HOLDS
468,DF030A,google/gemma-4-e2b,baseline,DF-30,defeasible,0,0,HOLDS
468,DF030A,google/gemma-4-e2b,baseline,DF-30,defeasible,0,0,HOLDS
468,DF030A,google/gemma-4-e2b,baseline,DF-30,defeasible,0,0,HOLDS
468,DF030A,google/gemma-4-e2b,baseline,DF-30,defeasible,0,0,HOLDS
468,DF030A,google/gemma-4-e2b,baseline,DF-30,defeasible,0,0,HOLDS
468,DF030A,google/gemma-4-e2b,baseline,DF-30,defeasible,0,0,HOLDS
469,DF030B,google/gemma-4-e2b,baseline,DF-30,defeasible,0,0,DEFEATED
469,DF030B,google/gemma-4-e2b,baseline,DF-30,defeasible,0,0,DEFEATED
469,DF030B,google/gemma-4-e2b,baseline,DF-30,defeasible,0,0,DEFEATED
469,DF030B,google/gemma-4-e2b,baseline,DF-30,defeasible,0,0,DEFEATED
469,DF030B,google/gemma-4-e2b,baseline,DF-30,defeasible,0,0,DEFEATED
469,DF030B,google/gemma-4-e2b,baseline,DF-30,defeasible,0,0,DEFEATED
470,DF030C,google/gemma-4-e2b,baseline,DF-30,defeasible,1,0,HOLDS
470,DF030C,google/gemma-4-e2b,baseline,DF-30,defeasible,1,0,HOLDS
470,DF030C,google/gemma-4-e2b,baseline,DF-30,defeasible,1,0,HOLDS
470,DF030C,google/gemma-4-e2b,baseline,DF-30,defeasible,1,0,HOLDS
470,DF030C,google/gemma-4-e2b,baseline,DF-30,defeasible,1,0,HOLDS
470,DF030C,google/gemma-4-e2b,baseline,DF-30,defeasible,1,0,HOLDS
471,DF031A,google/gemma-4-e2b,baseline,DF-31,defeasible,1,0,HOLDS
471,DF031A,google/gemma-4-e2b,baseline,DF-31,defeasible,1,0,HOLDS
471,DF031A,google/gemma-4-e2b,baseline,DF-31,defeasible,1,0,HOLDS
471,DF031A,google/gemma-4-e2b,baseline,DF-31,defeasible,1,0,HOLDS
471,DF031A,google/gemma-4-e2b,baseline,DF-31,defeasible,1,0,HOLDS
471,DF031A,google/gemma-4-e2b,baseline,DF-31,defeasible,1,0,HOLDS
472,DF031B,google/gemma-4-e2b,baseline,DF-31,defeasible,1,0,DEFEATED
472,DF031B,google/gemma-4-e2b,baseline,DF-31,defeasible,0,0,DEFEATED
472,DF031B,google/gemma-4-e2b,baseline,DF-31,defeasible,0,0,DEFEATED
472,DF031B,google/gemma-4-e2b,baseline,DF-31,defeasible,0,0,DEFEATED
472,DF031B,google/gemma-4-e2b,baseline,DF-31,defeasible,0,0,DEFEATED
472,DF031B,google/gemma-4-e2b,baseline,DF-31,defeasible,0,0,DEFEATED
473,DF031C,google/gemma-4-e2b,baseline,DF-31,defeasible,1,0,HOLDS
473,DF031C,google/gemma-4-e2b,baseline,DF-31,defeasible,1,0,HOLDS
473,DF031C,google/gemma-4-e2b,baseline,DF-31,defeasible,1,0,HOLDS
473,DF031C,google/gemma-4-e2b,baseline,DF-31,defeasible,1,0,HOLDS
473,DF031C,google/gemma-4-e2b,baseline,DF-31,defeasible,1,0,HOLDS
473,DF031C,google/gemma-4-e2b,baseline,DF-31,defeasible,1,0,HOLDS
474,DF032A,google/gemma-4-e2b,baseline,DF-32,defeasible,0,0,HOLDS
474,DF032A,google/gemma-4-e2b,baseline,DF-32,defeasible,1,0,HOLDS
474,DF032A,google/gemma-4-e2b,baseline,DF-32,defeasible,1,0,HOLDS
474,DF032A,google/gemma-4-e2b,baseline,DF-32,defeasible,1,0,HOLDS
474,DF032A,google/gemma-4-e2b,baseline,DF-32,defeasible,1,0,HOLDS
474,DF032A,google/gemma-4-e2b,baseline,DF-32,defeasible,1,0,HOLDS
475,DF032B,google/gemma-4-e2b,baseline,DF-32,defeasible,0,0,DEFEATED
475,DF032B,google/gemma-4-e2b,baseline,DF-32,defeasible,0,0,DEFEATED
475,DF032B,google/gemma-4-e2b,baseline,DF-32,defeasible,0,0,DEFEATED
475,DF032B,google/gemma-4-e2b,baseline,DF-32,defeasible,0,0,DEFEATED
475,DF032B,google/gemma-4-e2b,baseline,DF-32,defeasible,0,0,DEFEATED
475,DF032B,google/gemma-4-e2b,baseline,DF-32,defeasible,0,0,DEFEATED
476,DF032C,google/gemma-4-e2b,baseline,DF-32,defeasible,1,0,HOLDS
476,DF032C,google/gemma-4-e2b,baseline,DF-32,defeasible,1,0,HOLDS
476,DF032C,google/gemma-4-e2b,baseline,DF-32,defeasible,1,0,HOLDS
476,DF032C,google/gemma-4-e2b,baseline,DF-32,defeasible,1,0,HOLDS
476,DF032C,google/gemma-4-e2b,baseline,DF-32,defeasible,1,0,HOLDS
476,DF032C,google/gemma-4-e2b,baseline,DF-32,defeasible,1,0,HOLDS
477,DF033A,google/gemma-4-e2b,baseline,DF-33,defeasible,0,0,HOLDS
477,DF033A,google/gemma-4-e2b,baseline,DF-33,defeasible,0,0,HOLDS
477,DF033A,google/gemma-4-e2b,baseline,DF-33,defeasible,0,0,HOLDS
477,DF033A,google/gemma-4-e2b,baseline,DF-33,defeasible,0,0,HOLDS
477,DF033A,google/gemma-4-e2b,baseline,DF-33,defeasible,0,0,HOLDS
477,DF033A,google/gemma-4-e2b,baseline,DF-33,defeasible,0,0,HOLDS
478,DF033B,google/gemma-4-e2b,baseline,DF-33,defeasible,0,0,DEFEATED
478,DF033B,google/gemma-4-e2b,baseline,DF-33,defeasible,0,0,DEFEATED
478,DF033B,google/gemma-4-e2b,baseline,DF-33,defeasible,0,0,DEFEATED
478,DF033B,google/gemma-4-e2b,baseline,DF-33,defeasible,0,0,DEFEATED
478,DF033B,google/gemma-4-e2b,baseline,DF-33,defeasible,0,0,DEFEATED
478,DF033B,google/gemma-4-e2b,baseline,DF-33,defeasible,0,0,DEFEATED
479,DF033C,google/gemma-4-e2b,baseline,DF-33,defeasible,1,0,HOLDS
479,DF033C,google/gemma-4-e2b,baseline,DF-33,defeasible,1,0,HOLDS
479,DF033C,google/gemma-4-e2b,baseline,DF-33,defeasible,1,0,HOLDS
479,DF033C,google/gemma-4-e2b,baseline,DF-33,defeasible,1,0,HOLDS
479,DF033C,google/gemma-4-e2b,baseline,DF-33,defeasible,1,0,HOLDS
479,DF033C,google/gemma-4-e2b,baseline,DF-33,defeasible,1,0,HOLDS
480,DF034A,google/gemma-4-e2b,baseline,DF-34,defeasible,1,0,HOLDS
480,DF034A,google/gemma-4-e2b,baseline,DF-34,defeasible,1,0,HOLDS
480,DF034A,google/gemma-4-e2b,baseline,DF-34,defeasible,1,0,HOLDS
480,DF034A,google/gemma-4-e2b,baseline,DF-34,defeasible,1,0,HOLDS
480,DF034A,google/gemma-4-e2b,baseline,DF-34,defeasible,1,0,HOLDS
480,DF034A,google/gemma-4-e2b,baseline,DF-34,defeasible,1,0,HOLDS
481,DF034B,google/gemma-4-e2b,baseline,DF-34,defeasible,1,0,DEFEATED
481,DF034B,google/gemma-4-e2b,baseline,DF-34,defeasible,1,0,DEFEATED
481,DF034B,google/gemma-4-e2b,baseline,DF-34,defeasible,1,0,DEFEATED
481,DF034B,google/gemma-4-e2b,baseline,DF-34,defeasible,1,0,DEFEATED
481,DF034B,google/gemma-4-e2b,baseline,DF-34,defeasible,1,0,DEFEATED
481,DF034B,google/gemma-4-e2b,baseline,DF-34,defeasible,1,0,DEFEATED
482,DF034C,google/gemma-4-e2b,baseline,DF-34,defeasible,1,0,HOLDS
482,DF034C,google/gemma-4-e2b,baseline,DF-34,defeasible,1,0,HOLDS
482,DF034C,google/gemma-4-e2b,baseline,DF-34,defeasible,1,0,HOLDS
482,DF034C,google/gemma-4-e2b,baseline,DF-34,defeasible,1,0,HOLDS
482,DF034C,google/gemma-4-e2b,baseline,DF-34,defeasible,1,0,HOLDS
482,DF034C,google/gemma-4-e2b,baseline,DF-34,defeasible,1,0,HOLDS
483,DF035A,google/gemma-4-e2b,baseline,DF-35,defeasible,1,0,HOLDS
483,DF035A,google/gemma-4-e2b,baseline,DF-35,defeasible,1,0,HOLDS
483,DF035A,google/gemma-4-e2b,baseline,DF-35,defeasible,1,0,HOLDS
483,DF035A,google/gemma-4-e2b,baseline,DF-35,defeasible,1,0,HOLDS
483,DF035A,google/gemma-4-e2b,baseline,DF-35,defeasible,1,0,HOLDS
483,DF035A,google/gemma-4-e2b,baseline,DF-35,defeasible,1,0,HOLDS
484,DF035B,google/gemma-4-e2b,baseline,DF-35,defeasible,0,0,DEFEATED
484,DF035B,google/gemma-4-e2b,baseline,DF-35,defeasible,0,0,DEFEATED
484,DF035B,google/gemma-4-e2b,baseline,DF-35,defeasible,0,0,DEFEATED
484,DF035B,google/gemma-4-e2b,baseline,DF-35,defeasible,0,0,DEFEATED
484,DF035B,google/gemma-4-e2b,baseline,DF-35,defeasible,0,0,DEFEATED
484,DF035B,google/gemma-4-e2b,baseline,DF-35,defeasible,0,0,DEFEATED
485,DF035C,google/gemma-4-e2b,baseline,DF-35,defeasible,1,0,HOLDS
485,DF035C,google/gemma-4-e2b,baseline,DF-35,defeasible,1,0,HOLDS
485,DF035C,google/gemma-4-e2b,baseline,DF-35,defeasible,1,0,HOLDS
485,DF035C,google/gemma-4-e2b,baseline,DF-35,defeasible,1,0,HOLDS
485,DF035C,google/gemma-4-e2b,baseline,DF-35,defeasible,1,0,HOLDS
485,DF035C,google/gemma-4-e2b,baseline,DF-35,defeasible,1,0,HOLDS
486,DF036A,google/gemma-4-e2b,baseline,DF-36,defeasible,0,0,HOLDS
486,DF036A,google/gemma-4-e2b,baseline,DF-36,defeasible,0,0,HOLDS
486,DF036A,google/gemma-4-e2b,baseline,DF-36,defeasible,0,0,HOLDS
486,DF036A,google/gemma-4-e2b,baseline,DF-36,defeasible,0,0,HOLDS
486,DF036A,google/gemma-4-e2b,baseline,DF-36,defeasible,0,0,HOLDS
486,DF036A,google/gemma-4-e2b,baseline,DF-36,defeasible,0,0,HOLDS
487,DF036B,google/gemma-4-e2b,baseline,DF-36,defeasible,0,0,DEFEATED
487,DF036B,google/gemma-4-e2b,baseline,DF-36,defeasible,0,0,DEFEATED
487,DF036B,google/gemma-4-e2b,baseline,DF-36,defeasible,0,0,DEFEATED
487,DF036B,google/gemma-4-e2b,baseline,DF-36,defeasible,0,0,DEFEATED
487,DF036B,google/gemma-4-e2b,baseline,DF-36,defeasible,0,0,DEFEATED
487,DF036B,google/gemma-4-e2b,baseline,DF-36,defeasible,0,0,DEFEATED
488,DF036C,google/gemma-4-e2b,baseline,DF-36,defeasible,1,0,HOLDS
488,DF036C,google/gemma-4-e2b,baseline,DF-36,defeasible,1,0,HOLDS
488,DF036C,google/gemma-4-e2b,baseline,DF-36,defeasible,1,0,HOLDS
488,DF036C,google/gemma-4-e2b,baseline,DF-36,defeasible,1,0,HOLDS
488,DF036C,google/gemma-4-e2b,baseline,DF-36,defeasible,1,0,HOLDS
488,DF036C,google/gemma-4-e2b,baseline,DF-36,defeasible,1,0,HOLDS
489,DF037A,google/gemma-4-e2b,baseline,DF-37,defeasible,1,0,HOLDS
489,DF037A,google/gemma-4-e2b,baseline,DF-37,defeasible,1,0,HOLDS
489,DF037A,google/gemma-4-e2b,baseline,DF-37,defeasible,1,0,HOLDS
489,DF037A,google/gemma-4-e2b,baseline,DF-37,defeasible,1,0,HOLDS
489,DF037A,google/gemma-4-e2b,baseline,DF-37,defeasible,1,0,HOLDS
489,DF037A,google/gemma-4-e2b,baseline,DF-37,defeasible,1,0,HOLDS
490,DF037B,google/gemma-4-e2b,baseline,DF-37,defeasible,1,0,DEFEATED
490,DF037B,google/gemma-4-e2b,baseline,DF-37,defeasible,1,0,DEFEATED
490,DF037B,google/gemma-4-e2b,baseline,DF-37,defeasible,1,0,DEFEATED
490,DF037B,google/gemma-4-e2b,baseline,DF-37,defeasible,1,0,DEFEATED
490,DF037B,google/gemma-4-e2b,baseline,DF-37,defeasible,1,0,DEFEATED
490,DF037B,google/gemma-4-e2b,baseline,DF-37,defeasible,1,0,DEFEATED
491,DF037C,google/gemma-4-e2b,baseline,DF-37,defeasible,1,0,HOLDS
491,DF037C,google/gemma-4-e2b,baseline,DF-37,defeasible,1,0,HOLDS
491,DF037C,google/gemma-4-e2b,baseline,DF-37,defeasible,1,0,HOLDS
491,DF037C,google/gemma-4-e2b,baseline,DF-37,defeasible,1,0,HOLDS
491,DF037C,google/gemma-4-e2b,baseline,DF-37,defeasible,1,0,HOLDS
491,DF037C,google/gemma-4-e2b,baseline,DF-37,defeasible,1,0,HOLDS
199,QS001A,google/gemma-4-e2b,lean,QS-FA01,quant-scope,1,0,TRUE
199,QS001A,google/gemma-4-e2b,lean,QS-FA01,quant-scope,0,0,TRUE
199,QS001A,google/gemma-4-e2b,lean,QS-FA01,quant-scope,0,0,TRUE
199,QS001A,google/gemma-4-e2b,lean,QS-FA01,quant-scope,0,0,TRUE
199,QS001A,google/gemma-4-e2b,lean,QS-FA01,quant-scope,0,0,TRUE
199,QS001A,google/gemma-4-e2b,lean,QS-FA01,quant-scope,0,0,TRUE
200,QS001B,google/gemma-4-e2b,lean,QS-FA01,quant-scope,1,0,FALSE
200,QS001B,google/gemma-4-e2b,lean,QS-FA01,quant-scope,1,0,FALSE
200,QS001B,google/gemma-4-e2b,lean,QS-FA01,quant-scope,1,0,FALSE
200,QS001B,google/gemma-4-e2b,lean,QS-FA01,quant-scope,1,0,FALSE
200,QS001B,google/gemma-4-e2b,lean,QS-FA01,quant-scope,1,0,FALSE
200,QS001B,google/gemma-4-e2b,lean,QS-FA01,quant-scope,1,0,FALSE
201,QS002A,google/gemma-4-e2b,lean,QS-FA02,quant-scope,1,0,TRUE
201,QS002A,google/gemma-4-e2b,lean,QS-FA02,quant-scope,1,0,TRUE
201,QS002A,google/gemma-4-e2b,lean,QS-FA02,quant-scope,1,0,TRUE
201,QS002A,google/gemma-4-e2b,lean,QS-FA02,quant-scope,1,0,TRUE
201,QS002A,google/gemma-4-e2b,lean,QS-FA02,quant-scope,1,0,TRUE
201,QS002A,google/gemma-4-e2b,lean,QS-FA02,quant-scope,1,0,TRUE
202,QS002B,google/gemma-4-e2b,lean,QS-FA02,quant-scope,1,0,FALSE
202,QS002B,google/gemma-4-e2b,lean,QS-FA02,quant-scope,1,0,FALSE
202,QS002B,google/gemma-4-e2b,lean,QS-FA02,quant-scope,1,0,FALSE
202,QS002B,google/gemma-4-e2b,lean,QS-FA02,quant-scope,1,0,FALSE
202,QS002B,google/gemma-4-e2b,lean,QS-FA02,quant-scope,1,0,FALSE
202,QS002B,google/gemma-4-e2b,lean,QS-FA02,quant-scope,1,0,FALSE
203,QS003A,google/gemma-4-e2b,lean,QS-FA03,quant-scope,1,0,TRUE
203,QS003A,google/gemma-4-e2b,lean,QS-FA03,quant-scope,1,0,TRUE
203,QS003A,google/gemma-4-e2b,lean,QS-FA03,quant-scope,1,0,TRUE
203,QS003A,google/gemma-4-e2b,lean,QS-FA03,quant-scope,1,0,TRUE
203,QS003A,google/gemma-4-e2b,lean,QS-FA03,quant-scope,1,0,TRUE
203,QS003A,google/gemma-4-e2b,lean,QS-FA03,quant-scope,1,0,TRUE
204,QS003B,google/gemma-4-e2b,lean,QS-FA03,quant-scope,1,0,FALSE
204,QS003B,google/gemma-4-e2b,lean,QS-FA03,quant-scope,1,0,FALSE
204,QS003B,google/gemma-4-e2b,lean,QS-FA03,quant-scope,1,0,FALSE
204,QS003B,google/gemma-4-e2b,lean,QS-FA03,quant-scope,1,0,FALSE
204,QS003B,google/gemma-4-e2b,lean,QS-FA03,quant-scope,1,0,FALSE
204,QS003B,google/gemma-4-e2b,lean,QS-FA03,quant-scope,1,0,FALSE
205,QS004A,google/gemma-4-e2b,lean,QS-FA04,quant-scope,1,0,TRUE
205,QS004A,google/gemma-4-e2b,lean,QS-FA04,quant-scope,1,0,TRUE
205,QS004A,google/gemma-4-e2b,lean,QS-FA04,quant-scope,1,0,TRUE
205,QS004A,google/gemma-4-e2b,lean,QS-FA04,quant-scope,1,0,TRUE
205,QS004A,google/gemma-4-e2b,lean,QS-FA04,quant-scope,1,0,TRUE
205,QS004A,google/gemma-4-e2b,lean,QS-FA04,quant-scope,1,0,TRUE
206,QS004B,google/gemma-4-e2b,lean,QS-FA04,quant-scope,1,0,FALSE
206,QS004B,google/gemma-4-e2b,lean,QS-FA04,quant-scope,1,0,FALSE
206,QS004B,google/gemma-4-e2b,lean,QS-FA04,quant-scope,1,0,FALSE
206,QS004B,google/gemma-4-e2b,lean,QS-FA04,quant-scope,1,0,FALSE
206,QS004B,google/gemma-4-e2b,lean,QS-FA04,quant-scope,1,0,FALSE
206,QS004B,google/gemma-4-e2b,lean,QS-FA04,quant-scope,1,0,FALSE
207,QS005A,google/gemma-4-e2b,lean,QS-FA05,quant-scope,0,0,TRUE
207,QS005A,google/gemma-4-e2b,lean,QS-FA05,quant-scope,0,0,TRUE
207,QS005A,google/gemma-4-e2b,lean,QS-FA05,quant-scope,0,0,TRUE
207,QS005A,google/gemma-4-e2b,lean,QS-FA05,quant-scope,0,0,TRUE
207,QS005A,google/gemma-4-e2b,lean,QS-FA05,quant-scope,0,0,TRUE
207,QS005A,google/gemma-4-e2b,lean,QS-FA05,quant-scope,0,0,TRUE
208,QS005B,google/gemma-4-e2b,lean,QS-FA05,quant-scope,1,0,FALSE
208,QS005B,google/gemma-4-e2b,lean,QS-FA05,quant-scope,1,0,FALSE
208,QS005B,google/gemma-4-e2b,lean,QS-FA05,quant-scope,1,0,FALSE
208,QS005B,google/gemma-4-e2b,lean,QS-FA05,quant-scope,1,0,FALSE
208,QS005B,google/gemma-4-e2b,lean,QS-FA05,quant-scope,1,0,FALSE
208,QS005B,google/gemma-4-e2b,lean,QS-FA05,quant-scope,1,0,FALSE
209,QS006A,google/gemma-4-e2b,lean,QS-FA06,quant-scope,0,0,TRUE
209,QS006A,google/gemma-4-e2b,lean,QS-FA06,quant-scope,0,0,TRUE
209,QS006A,google/gemma-4-e2b,lean,QS-FA06,quant-scope,0,0,TRUE
209,QS006A,google/gemma-4-e2b,lean,QS-FA06,quant-scope,0,0,TRUE
209,QS006A,google/gemma-4-e2b,lean,QS-FA06,quant-scope,0,0,TRUE
209,QS006A,google/gemma-4-e2b,lean,QS-FA06,quant-scope,0,0,TRUE
210,QS006B,google/gemma-4-e2b,lean,QS-FA06,quant-scope,1,0,FALSE
210,QS006B,google/gemma-4-e2b,lean,QS-FA06,quant-scope,1,0,FALSE
210,QS006B,google/gemma-4-e2b,lean,QS-FA06,quant-scope,1,0,FALSE
210,QS006B,google/gemma-4-e2b,lean,QS-FA06,quant-scope,1,0,FALSE
210,QS006B,google/gemma-4-e2b,lean,QS-FA06,quant-scope,1,0,FALSE
210,QS006B,google/gemma-4-e2b,lean,QS-FA06,quant-scope,1,0,FALSE
211,QS007A,google/gemma-4-e2b,lean,QS-FA07,quant-scope,0,0,TRUE
211,QS007A,google/gemma-4-e2b,lean,QS-FA07,quant-scope,0,0,TRUE
211,QS007A,google/gemma-4-e2b,lean,QS-FA07,quant-scope,0,0,TRUE
211,QS007A,google/gemma-4-e2b,lean,QS-FA07,quant-scope,0,0,TRUE
211,QS007A,google/gemma-4-e2b,lean,QS-FA07,quant-scope,0,0,TRUE
211,QS007A,google/gemma-4-e2b,lean,QS-FA07,quant-scope,0,0,TRUE
212,QS007B,google/gemma-4-e2b,lean,QS-FA07,quant-scope,1,0,FALSE
212,QS007B,google/gemma-4-e2b,lean,QS-FA07,quant-scope,1,0,FALSE
212,QS007B,google/gemma-4-e2b,lean,QS-FA07,quant-scope,1,0,FALSE
212,QS007B,google/gemma-4-e2b,lean,QS-FA07,quant-scope,1,0,FALSE
212,QS007B,google/gemma-4-e2b,lean,QS-FA07,quant-scope,1,0,FALSE
212,QS007B,google/gemma-4-e2b,lean,QS-FA07,quant-scope,1,0,FALSE
213,QS008A,google/gemma-4-e2b,lean,QS-FA08,quant-scope,0,0,TRUE
213,QS008A,google/gemma-4-e2b,lean,QS-FA08,quant-scope,0,0,TRUE
213,QS008A,google/gemma-4-e2b,lean,QS-FA08,quant-scope,0,0,TRUE
213,QS008A,google/gemma-4-e2b,lean,QS-FA08,quant-scope,0,0,TRUE
213,QS008A,google/gemma-4-e2b,lean,QS-FA08,quant-scope,0,0,TRUE
213,QS008A,google/gemma-4-e2b,lean,QS-FA08,quant-scope,0,0,TRUE
214,QS008B,google/gemma-4-e2b,lean,QS-FA08,quant-scope,1,0,FALSE
214,QS008B,google/gemma-4-e2b,lean,QS-FA08,quant-scope,1,0,FALSE
214,QS008B,google/gemma-4-e2b,lean,QS-FA08,quant-scope,1,0,FALSE
214,QS008B,google/gemma-4-e2b,lean,QS-FA08,quant-scope,1,0,FALSE
214,QS008B,google/gemma-4-e2b,lean,QS-FA08,quant-scope,1,0,FALSE
214,QS008B,google/gemma-4-e2b,lean,QS-FA08,quant-scope,1,0,FALSE
215,QS009A,google/gemma-4-e2b,lean,QS-FA09,quant-scope,1,0,TRUE
215,QS009A,google/gemma-4-e2b,lean,QS-FA09,quant-scope,1,0,TRUE
215,QS009A,google/gemma-4-e2b,lean,QS-FA09,quant-scope,1,0,TRUE
215,QS009A,google/gemma-4-e2b,lean,QS-FA09,quant-scope,1,0,TRUE
215,QS009A,google/gemma-4-e2b,lean,QS-FA09,quant-scope,1,0,TRUE
215,QS009A,google/gemma-4-e2b,lean,QS-FA09,quant-scope,1,0,TRUE
216,QS009B,google/gemma-4-e2b,lean,QS-FA09,quant-scope,1,0,FALSE
216,QS009B,google/gemma-4-e2b,lean,QS-FA09,quant-scope,1,0,FALSE
216,QS009B,google/gemma-4-e2b,lean,QS-FA09,quant-scope,1,0,FALSE
216,QS009B,google/gemma-4-e2b,lean,QS-FA09,quant-scope,1,0,FALSE
216,QS009B,google/gemma-4-e2b,lean,QS-FA09,quant-scope,1,0,FALSE
216,QS009B,google/gemma-4-e2b,lean,QS-FA09,quant-scope,1,0,FALSE
217,QS010A,google/gemma-4-e2b,lean,QS-FA10,quant-scope,0,0,TRUE
217,QS010A,google/gemma-4-e2b,lean,QS-FA10,quant-scope,0,0,TRUE
217,QS010A,google/gemma-4-e2b,lean,QS-FA10,quant-scope,0,0,TRUE
217,QS010A,google/gemma-4-e2b,lean,QS-FA10,quant-scope,0,0,TRUE
217,QS010A,google/gemma-4-e2b,lean,QS-FA10,quant-scope,0,0,TRUE
217,QS010A,google/gemma-4-e2b,lean,QS-FA10,quant-scope,0,0,TRUE
218,QS010B,google/gemma-4-e2b,lean,QS-FA10,quant-scope,1,0,FALSE
218,QS010B,google/gemma-4-e2b,lean,QS-FA10,quant-scope,1,0,FALSE
218,QS010B,google/gemma-4-e2b,lean,QS-FA10,quant-scope,1,0,FALSE
218,QS010B,google/gemma-4-e2b,lean,QS-FA10,quant-scope,1,0,FALSE
218,QS010B,google/gemma-4-e2b,lean,QS-FA10,quant-scope,1,0,FALSE
218,QS010B,google/gemma-4-e2b,lean,QS-FA10,quant-scope,1,0,FALSE
219,QS011A,google/gemma-4-e2b,lean,QS-FA11,quant-scope,0,0,TRUE
219,QS011A,google/gemma-4-e2b,lean,QS-FA11,quant-scope,0,0,TRUE
219,QS011A,google/gemma-4-e2b,lean,QS-FA11,quant-scope,0,0,TRUE
219,QS011A,google/gemma-4-e2b,lean,QS-FA11,quant-scope,0,0,TRUE
219,QS011A,google/gemma-4-e2b,lean,QS-FA11,quant-scope,0,0,TRUE
219,QS011A,google/gemma-4-e2b,lean,QS-FA11,quant-scope,0,0,TRUE
220,QS011B,google/gemma-4-e2b,lean,QS-FA11,quant-scope,1,0,FALSE
220,QS011B,google/gemma-4-e2b,lean,QS-FA11,quant-scope,1,0,FALSE
220,QS011B,google/gemma-4-e2b,lean,QS-FA11,quant-scope,1,0,FALSE
220,QS011B,google/gemma-4-e2b,lean,QS-FA11,quant-scope,1,0,FALSE
220,QS011B,google/gemma-4-e2b,lean,QS-FA11,quant-scope,1,0,FALSE
220,QS011B,google/gemma-4-e2b,lean,QS-FA11,quant-scope,1,0,FALSE
221,QS012A,google/gemma-4-e2b,lean,QS-FA12,quant-scope,0,0,TRUE
221,QS012A,google/gemma-4-e2b,lean,QS-FA12,quant-scope,0,0,TRUE
221,QS012A,google/gemma-4-e2b,lean,QS-FA12,quant-scope,0,0,TRUE
221,QS012A,google/gemma-4-e2b,lean,QS-FA12,quant-scope,0,0,TRUE
221,QS012A,google/gemma-4-e2b,lean,QS-FA12,quant-scope,0,0,TRUE
221,QS012A,google/gemma-4-e2b,lean,QS-FA12,quant-scope,0,0,TRUE
222,QS012B,google/gemma-4-e2b,lean,QS-FA12,quant-scope,1,0,FALSE
222,QS012B,google/gemma-4-e2b,lean,QS-FA12,quant-scope,1,0,FALSE
222,QS012B,google/gemma-4-e2b,lean,QS-FA12,quant-scope,1,0,FALSE
222,QS012B,google/gemma-4-e2b,lean,QS-FA12,quant-scope,1,0,FALSE
222,QS012B,google/gemma-4-e2b,lean,QS-FA12,quant-scope,1,0,FALSE
222,QS012B,google/gemma-4-e2b,lean,QS-FA12,quant-scope,1,0,FALSE
223,QS013A,google/gemma-4-e2b,lean,QS-FA13,quant-scope,1,0,TRUE
223,QS013A,google/gemma-4-e2b,lean,QS-FA13,quant-scope,1,0,TRUE
223,QS013A,google/gemma-4-e2b,lean,QS-FA13,quant-scope,1,0,TRUE
223,QS013A,google/gemma-4-e2b,lean,QS-FA13,quant-scope,1,0,TRUE
223,QS013A,google/gemma-4-e2b,lean,QS-FA13,quant-scope,1,0,TRUE
223,QS013A,google/gemma-4-e2b,lean,QS-FA13,quant-scope,1,0,TRUE
224,QS013B,google/gemma-4-e2b,lean,QS-FA13,quant-scope,1,0,FALSE
224,QS013B,google/gemma-4-e2b,lean,QS-FA13,quant-scope,1,0,FALSE
224,QS013B,google/gemma-4-e2b,lean,QS-FA13,quant-scope,1,0,FALSE
224,QS013B,google/gemma-4-e2b,lean,QS-FA13,quant-scope,1,0,FALSE
224,QS013B,google/gemma-4-e2b,lean,QS-FA13,quant-scope,1,0,FALSE
224,QS013B,google/gemma-4-e2b,lean,QS-FA13,quant-scope,1,0,FALSE
225,QS014A,google/gemma-4-e2b,lean,QS-FA14,quant-scope,0,0,TRUE
225,QS014A,google/gemma-4-e2b,lean,QS-FA14,quant-scope,0,0,TRUE
225,QS014A,google/gemma-4-e2b,lean,QS-FA14,quant-scope,0,0,TRUE
225,QS014A,google/gemma-4-e2b,lean,QS-FA14,quant-scope,0,0,TRUE
225,QS014A,google/gemma-4-e2b,lean,QS-FA14,quant-scope,0,0,TRUE
225,QS014A,google/gemma-4-e2b,lean,QS-FA14,quant-scope,0,0,TRUE
226,QS014B,google/gemma-4-e2b,lean,QS-FA14,quant-scope,1,0,FALSE
226,QS014B,google/gemma-4-e2b,lean,QS-FA14,quant-scope,1,0,FALSE
226,QS014B,google/gemma-4-e2b,lean,QS-FA14,quant-scope,1,0,FALSE
226,QS014B,google/gemma-4-e2b,lean,QS-FA14,quant-scope,1,0,FALSE
226,QS014B,google/gemma-4-e2b,lean,QS-FA14,quant-scope,1,0,FALSE
226,QS014B,google/gemma-4-e2b,lean,QS-FA14,quant-scope,1,0,FALSE
227,QS015A,google/gemma-4-e2b,lean,QS-FA15,quant-scope,1,0,TRUE
227,QS015A,google/gemma-4-e2b,lean,QS-FA15,quant-scope,1,0,TRUE
227,QS015A,google/gemma-4-e2b,lean,QS-FA15,quant-scope,1,0,TRUE
227,QS015A,google/gemma-4-e2b,lean,QS-FA15,quant-scope,1,0,TRUE
227,QS015A,google/gemma-4-e2b,lean,QS-FA15,quant-scope,1,0,TRUE
227,QS015A,google/gemma-4-e2b,lean,QS-FA15,quant-scope,1,0,TRUE
228,QS015B,google/gemma-4-e2b,lean,QS-FA15,quant-scope,1,0,FALSE
228,QS015B,google/gemma-4-e2b,lean,QS-FA15,quant-scope,1,0,FALSE
228,QS015B,google/gemma-4-e2b,lean,QS-FA15,quant-scope,1,0,FALSE
228,QS015B,google/gemma-4-e2b,lean,QS-FA15,quant-scope,1,0,FALSE
228,QS015B,google/gemma-4-e2b,lean,QS-FA15,quant-scope,1,0,FALSE
228,QS015B,google/gemma-4-e2b,lean,QS-FA15,quant-scope,1,0,FALSE
229,QS016A,google/gemma-4-e2b,lean,QS-FA16,quant-scope,0,0,TRUE
229,QS016A,google/gemma-4-e2b,lean,QS-FA16,quant-scope,0,0,TRUE
229,QS016A,google/gemma-4-e2b,lean,QS-FA16,quant-scope,0,0,TRUE
229,QS016A,google/gemma-4-e2b,lean,QS-FA16,quant-scope,0,0,TRUE
229,QS016A,google/gemma-4-e2b,lean,QS-FA16,quant-scope,0,0,TRUE
229,QS016A,google/gemma-4-e2b,lean,QS-FA16,quant-scope,0,0,TRUE
230,QS016B,google/gemma-4-e2b,lean,QS-FA16,quant-scope,1,0,FALSE
230,QS016B,google/gemma-4-e2b,lean,QS-FA16,quant-scope,1,0,FALSE
230,QS016B,google/gemma-4-e2b,lean,QS-FA16,quant-scope,1,0,FALSE
230,QS016B,google/gemma-4-e2b,lean,QS-FA16,quant-scope,1,0,FALSE
230,QS016B,google/gemma-4-e2b,lean,QS-FA16,quant-scope,1,0,FALSE
230,QS016B,google/gemma-4-e2b,lean,QS-FA16,quant-scope,1,0,FALSE
231,QS017A,google/gemma-4-e2b,lean,QS-FA17,quant-scope,0,0,TRUE
231,QS017A,google/gemma-4-e2b,lean,QS-FA17,quant-scope,0,0,TRUE
231,QS017A,google/gemma-4-e2b,lean,QS-FA17,quant-scope,0,0,TRUE
231,QS017A,google/gemma-4-e2b,lean,QS-FA17,quant-scope,0,0,TRUE
231,QS017A,google/gemma-4-e2b,lean,QS-FA17,quant-scope,0,0,TRUE
231,QS017A,google/gemma-4-e2b,lean,QS-FA17,quant-scope,0,0,TRUE
232,QS017B,google/gemma-4-e2b,lean,QS-FA17,quant-scope,1,0,FALSE
232,QS017B,google/gemma-4-e2b,lean,QS-FA17,quant-scope,1,0,FALSE
232,QS017B,google/gemma-4-e2b,lean,QS-FA17,quant-scope,1,0,FALSE
232,QS017B,google/gemma-4-e2b,lean,QS-FA17,quant-scope,1,0,FALSE
232,QS017B,google/gemma-4-e2b,lean,QS-FA17,quant-scope,1,0,FALSE
232,QS017B,google/gemma-4-e2b,lean,QS-FA17,quant-scope,1,0,FALSE
233,QS018A,google/gemma-4-e2b,lean,QS-FA18,quant-scope,0,0,TRUE
233,QS018A,google/gemma-4-e2b,lean,QS-FA18,quant-scope,0,0,TRUE
233,QS018A,google/gemma-4-e2b,lean,QS-FA18,quant-scope,0,0,TRUE
233,QS018A,google/gemma-4-e2b,lean,QS-FA18,quant-scope,0,0,TRUE
233,QS018A,google/gemma-4-e2b,lean,QS-FA18,quant-scope,0,0,TRUE
233,QS018A,google/gemma-4-e2b,lean,QS-FA18,quant-scope,0,0,TRUE
234,QS018B,google/gemma-4-e2b,lean,QS-FA18,quant-scope,1,0,FALSE
234,QS018B,google/gemma-4-e2b,lean,QS-FA18,quant-scope,1,0,FALSE
234,QS018B,google/gemma-4-e2b,lean,QS-FA18,quant-scope,1,0,FALSE
234,QS018B,google/gemma-4-e2b,lean,QS-FA18,quant-scope,1,0,FALSE
234,QS018B,google/gemma-4-e2b,lean,QS-FA18,quant-scope,1,0,FALSE
234,QS018B,google/gemma-4-e2b,lean,QS-FA18,quant-scope,1,0,FALSE
235,QS019A,google/gemma-4-e2b,lean,QS-FA19,quant-scope,1,0,TRUE
235,QS019A,google/gemma-4-e2b,lean,QS-FA19,quant-scope,1,0,TRUE
235,QS019A,google/gemma-4-e2b,lean,QS-FA19,quant-scope,1,0,TRUE
235,QS019A,google/gemma-4-e2b,lean,QS-FA19,quant-scope,1,0,TRUE
235,QS019A,google/gemma-4-e2b,lean,QS-FA19,quant-scope,1,0,TRUE
235,QS019A,google/gemma-4-e2b,lean,QS-FA19,quant-scope,1,0,TRUE
236,QS019B,google/gemma-4-e2b,lean,QS-FA19,quant-scope,1,0,FALSE
236,QS019B,google/gemma-4-e2b,lean,QS-FA19,quant-scope,1,0,FALSE
236,QS019B,google/gemma-4-e2b,lean,QS-FA19,quant-scope,1,0,FALSE
236,QS019B,google/gemma-4-e2b,lean,QS-FA19,quant-scope,1,0,FALSE
236,QS019B,google/gemma-4-e2b,lean,QS-FA19,quant-scope,1,0,FALSE
236,QS019B,google/gemma-4-e2b,lean,QS-FA19,quant-scope,1,0,FALSE
237,QS020A,google/gemma-4-e2b,lean,QS-FA20,quant-scope,1,0,TRUE
237,QS020A,google/gemma-4-e2b,lean,QS-FA20,quant-scope,1,0,TRUE
237,QS020A,google/gemma-4-e2b,lean,QS-FA20,quant-scope,1,0,TRUE
237,QS020A,google/gemma-4-e2b,lean,QS-FA20,quant-scope,1,0,TRUE
237,QS020A,google/gemma-4-e2b,lean,QS-FA20,quant-scope,1,0,TRUE
237,QS020A,google/gemma-4-e2b,lean,QS-FA20,quant-scope,1,0,TRUE
238,QS020B,google/gemma-4-e2b,lean,QS-FA20,quant-scope,1,0,FALSE
238,QS020B,google/gemma-4-e2b,lean,QS-FA20,quant-scope,1,0,FALSE
238,QS020B,google/gemma-4-e2b,lean,QS-FA20,quant-scope,1,0,FALSE
238,QS020B,google/gemma-4-e2b,lean,QS-FA20,quant-scope,1,0,FALSE
238,QS020B,google/gemma-4-e2b,lean,QS-FA20,quant-scope,1,0,FALSE
238,QS020B,google/gemma-4-e2b,lean,QS-FA20,quant-scope,1,0,FALSE
239,QS021A,google/gemma-4-e2b,lean,QS-FA21,quant-scope,1,0,TRUE
239,QS021A,google/gemma-4-e2b,lean,QS-FA21,quant-scope,1,0,TRUE
239,QS021A,google/gemma-4-e2b,lean,QS-FA21,quant-scope,1,0,TRUE
239,QS021A,google/gemma-4-e2b,lean,QS-FA21,quant-scope,1,0,TRUE
239,QS021A,google/gemma-4-e2b,lean,QS-FA21,quant-scope,1,0,TRUE
239,QS021A,google/gemma-4-e2b,lean,QS-FA21,quant-scope,1,0,TRUE
240,QS021B,google/gemma-4-e2b,lean,QS-FA21,quant-scope,1,0,FALSE
240,QS021B,google/gemma-4-e2b,lean,QS-FA21,quant-scope,1,0,FALSE
240,QS021B,google/gemma-4-e2b,lean,QS-FA21,quant-scope,1,0,FALSE
240,QS021B,google/gemma-4-e2b,lean,QS-FA21,quant-scope,1,0,FALSE
240,QS021B,google/gemma-4-e2b,lean,QS-FA21,quant-scope,1,0,FALSE
240,QS021B,google/gemma-4-e2b,lean,QS-FA21,quant-scope,1,0,FALSE
241,QS022A,google/gemma-4-e2b,lean,QS-FA22,quant-scope,0,0,TRUE
241,QS022A,google/gemma-4-e2b,lean,QS-FA22,quant-scope,0,0,TRUE
241,QS022A,google/gemma-4-e2b,lean,QS-FA22,quant-scope,0,0,TRUE
241,QS022A,google/gemma-4-e2b,lean,QS-FA22,quant-scope,0,0,TRUE
241,QS022A,google/gemma-4-e2b,lean,QS-FA22,quant-scope,0,0,TRUE
241,QS022A,google/gemma-4-e2b,lean,QS-FA22,quant-scope,0,0,TRUE
242,QS022B,google/gemma-4-e2b,lean,QS-FA22,quant-scope,1,0,FALSE
242,QS022B,google/gemma-4-e2b,lean,QS-FA22,quant-scope,1,0,FALSE
242,QS022B,google/gemma-4-e2b,lean,QS-FA22,quant-scope,1,0,FALSE
242,QS022B,google/gemma-4-e2b,lean,QS-FA22,quant-scope,1,0,FALSE
242,QS022B,google/gemma-4-e2b,lean,QS-FA22,quant-scope,1,0,FALSE
242,QS022B,google/gemma-4-e2b,lean,QS-FA22,quant-scope,1,0,FALSE
243,QS023A,google/gemma-4-e2b,lean,QS-FA23,quant-scope,1,0,TRUE
243,QS023A,google/gemma-4-e2b,lean,QS-FA23,quant-scope,1,0,TRUE
243,QS023A,google/gemma-4-e2b,lean,QS-FA23,quant-scope,1,0,TRUE
243,QS023A,google/gemma-4-e2b,lean,QS-FA23,quant-scope,1,0,TRUE
243,QS023A,google/gemma-4-e2b,lean,QS-FA23,quant-scope,1,0,TRUE
243,QS023A,google/gemma-4-e2b,lean,QS-FA23,quant-scope,1,0,TRUE
244,QS023B,google/gemma-4-e2b,lean,QS-FA23,quant-scope,1,0,FALSE
244,QS023B,google/gemma-4-e2b,lean,QS-FA23,quant-scope,1,0,FALSE
244,QS023B,google/gemma-4-e2b,lean,QS-FA23,quant-scope,1,0,FALSE
244,QS023B,google/gemma-4-e2b,lean,QS-FA23,quant-scope,1,0,FALSE
244,QS023B,google/gemma-4-e2b,lean,QS-FA23,quant-scope,1,0,FALSE
244,QS023B,google/gemma-4-e2b,lean,QS-FA23,quant-scope,1,0,FALSE
245,QS024A,google/gemma-4-e2b,lean,QS-FA24,quant-scope,0,0,TRUE
245,QS024A,google/gemma-4-e2b,lean,QS-FA24,quant-scope,0,0,TRUE
245,QS024A,google/gemma-4-e2b,lean,QS-FA24,quant-scope,0,0,TRUE
245,QS024A,google/gemma-4-e2b,lean,QS-FA24,quant-scope,0,0,TRUE
245,QS024A,google/gemma-4-e2b,lean,QS-FA24,quant-scope,0,0,TRUE
245,QS024A,google/gemma-4-e2b,lean,QS-FA24,quant-scope,0,0,TRUE
246,QS024B,google/gemma-4-e2b,lean,QS-FA24,quant-scope,1,0,FALSE
246,QS024B,google/gemma-4-e2b,lean,QS-FA24,quant-scope,1,0,FALSE
246,QS024B,google/gemma-4-e2b,lean,QS-FA24,quant-scope,1,0,FALSE
246,QS024B,google/gemma-4-e2b,lean,QS-FA24,quant-scope,1,0,FALSE
246,QS024B,google/gemma-4-e2b,lean,QS-FA24,quant-scope,1,0,FALSE
246,QS024B,google/gemma-4-e2b,lean,QS-FA24,quant-scope,1,0,FALSE
247,QS025A,google/gemma-4-e2b,lean,QS-FA25,quant-scope,0,0,TRUE
247,QS025A,google/gemma-4-e2b,lean,QS-FA25,quant-scope,0,0,TRUE
247,QS025A,google/gemma-4-e2b,lean,QS-FA25,quant-scope,0,0,TRUE
247,QS025A,google/gemma-4-e2b,lean,QS-FA25,quant-scope,0,0,TRUE
247,QS025A,google/gemma-4-e2b,lean,QS-FA25,quant-scope,0,0,TRUE
247,QS025A,google/gemma-4-e2b,lean,QS-FA25,quant-scope,0,0,TRUE
248,QS025B,google/gemma-4-e2b,lean,QS-FA25,quant-scope,1,0,FALSE
248,QS025B,google/gemma-4-e2b,lean,QS-FA25,quant-scope,1,0,FALSE
248,QS025B,google/gemma-4-e2b,lean,QS-FA25,quant-scope,1,0,FALSE
248,QS025B,google/gemma-4-e2b,lean,QS-FA25,quant-scope,1,0,FALSE
248,QS025B,google/gemma-4-e2b,lean,QS-FA25,quant-scope,1,0,FALSE
248,QS025B,google/gemma-4-e2b,lean,QS-FA25,quant-scope,1,0,FALSE
249,QS026A,google/gemma-4-e2b,lean,QS-FA26,quant-scope,0,0,TRUE
249,QS026A,google/gemma-4-e2b,lean,QS-FA26,quant-scope,0,0,TRUE
249,QS026A,google/gemma-4-e2b,lean,QS-FA26,quant-scope,0,0,TRUE
249,QS026A,google/gemma-4-e2b,lean,QS-FA26,quant-scope,0,0,TRUE
249,QS026A,google/gemma-4-e2b,lean,QS-FA26,quant-scope,0,0,TRUE
249,QS026A,google/gemma-4-e2b,lean,QS-FA26,quant-scope,0,0,TRUE
250,QS026B,google/gemma-4-e2b,lean,QS-FA26,quant-scope,1,0,FALSE
250,QS026B,google/gemma-4-e2b,lean,QS-FA26,quant-scope,1,0,FALSE
250,QS026B,google/gemma-4-e2b,lean,QS-FA26,quant-scope,1,0,FALSE
250,QS026B,google/gemma-4-e2b,lean,QS-FA26,quant-scope,1,0,FALSE
250,QS026B,google/gemma-4-e2b,lean,QS-FA26,quant-scope,1,0,FALSE
250,QS026B,google/gemma-4-e2b,lean,QS-FA26,quant-scope,1,0,FALSE
251,QS027A,google/gemma-4-e2b,lean,QS-FA27,quant-scope,0,0,TRUE
251,QS027A,google/gemma-4-e2b,lean,QS-FA27,quant-scope,0,0,TRUE
251,QS027A,google/gemma-4-e2b,lean,QS-FA27,quant-scope,0,0,TRUE
251,QS027A,google/gemma-4-e2b,lean,QS-FA27,quant-scope,0,0,TRUE
251,QS027A,google/gemma-4-e2b,lean,QS-FA27,quant-scope,0,0,TRUE
251,QS027A,google/gemma-4-e2b,lean,QS-FA27,quant-scope,0,0,TRUE
252,QS027B,google/gemma-4-e2b,lean,QS-FA27,quant-scope,1,0,FALSE
252,QS027B,google/gemma-4-e2b,lean,QS-FA27,quant-scope,1,0,FALSE
252,QS027B,google/gemma-4-e2b,lean,QS-FA27,quant-scope,1,0,FALSE
252,QS027B,google/gemma-4-e2b,lean,QS-FA27,quant-scope,1,0,FALSE
252,QS027B,google/gemma-4-e2b,lean,QS-FA27,quant-scope,1,0,FALSE
252,QS027B,google/gemma-4-e2b,lean,QS-FA27,quant-scope,1,0,FALSE
253,QS028A,google/gemma-4-e2b,lean,QS-FA28,quant-scope,0,0,TRUE
253,QS028A,google/gemma-4-e2b,lean,QS-FA28,quant-scope,0,0,TRUE
253,QS028A,google/gemma-4-e2b,lean,QS-FA28,quant-scope,0,0,TRUE
253,QS028A,google/gemma-4-e2b,lean,QS-FA28,quant-scope,0,0,TRUE
253,QS028A,google/gemma-4-e2b,lean,QS-FA28,quant-scope,0,0,TRUE
253,QS028A,google/gemma-4-e2b,lean,QS-FA28,quant-scope,0,0,TRUE
254,QS028B,google/gemma-4-e2b,lean,QS-FA28,quant-scope,1,0,FALSE
254,QS028B,google/gemma-4-e2b,lean,QS-FA28,quant-scope,1,0,FALSE
254,QS028B,google/gemma-4-e2b,lean,QS-FA28,quant-scope,1,0,FALSE
254,QS028B,google/gemma-4-e2b,lean,QS-FA28,quant-scope,1,0,FALSE
254,QS028B,google/gemma-4-e2b,lean,QS-FA28,quant-scope,1,0,FALSE
254,QS028B,google/gemma-4-e2b,lean,QS-FA28,quant-scope,1,0,FALSE
255,QS029A,google/gemma-4-e2b,lean,QS-FA29,quant-scope,0,0,TRUE
255,QS029A,google/gemma-4-e2b,lean,QS-FA29,quant-scope,0,0,TRUE
255,QS029A,google/gemma-4-e2b,lean,QS-FA29,quant-scope,0,0,TRUE
255,QS029A,google/gemma-4-e2b,lean,QS-FA29,quant-scope,0,0,TRUE
255,QS029A,google/gemma-4-e2b,lean,QS-FA29,quant-scope,0,0,TRUE
255,QS029A,google/gemma-4-e2b,lean,QS-FA29,quant-scope,0,0,TRUE
256,QS029B,google/gemma-4-e2b,lean,QS-FA29,quant-scope,1,0,FALSE
256,QS029B,google/gemma-4-e2b,lean,QS-FA29,quant-scope,1,0,FALSE
256,QS029B,google/gemma-4-e2b,lean,QS-FA29,quant-scope,1,0,FALSE
256,QS029B,google/gemma-4-e2b,lean,QS-FA29,quant-scope,1,0,FALSE
256,QS029B,google/gemma-4-e2b,lean,QS-FA29,quant-scope,1,0,FALSE
256,QS029B,google/gemma-4-e2b,lean,QS-FA29,quant-scope,1,0,FALSE
257,QS030A,google/gemma-4-e2b,lean,QS-FA30,quant-scope,1,0,TRUE
257,QS030A,google/gemma-4-e2b,lean,QS-FA30,quant-scope,1,0,TRUE
257,QS030A,google/gemma-4-e2b,lean,QS-FA30,quant-scope,1,0,TRUE
257,QS030A,google/gemma-4-e2b,lean,QS-FA30,quant-scope,1,0,TRUE
257,QS030A,google/gemma-4-e2b,lean,QS-FA30,quant-scope,1,0,TRUE
257,QS030A,google/gemma-4-e2b,lean,QS-FA30,quant-scope,1,0,TRUE
258,QS030B,google/gemma-4-e2b,lean,QS-FA30,quant-scope,1,0,FALSE
258,QS030B,google/gemma-4-e2b,lean,QS-FA30,quant-scope,1,0,FALSE
258,QS030B,google/gemma-4-e2b,lean,QS-FA30,quant-scope,1,0,FALSE
258,QS030B,google/gemma-4-e2b,lean,QS-FA30,quant-scope,1,0,FALSE
258,QS030B,google/gemma-4-e2b,lean,QS-FA30,quant-scope,1,0,FALSE
258,QS030B,google/gemma-4-e2b,lean,QS-FA30,quant-scope,1,0,FALSE
259,QS031A,google/gemma-4-e2b,lean,QS-FA31,quant-scope,1,0,TRUE
259,QS031A,google/gemma-4-e2b,lean,QS-FA31,quant-scope,1,0,TRUE
259,QS031A,google/gemma-4-e2b,lean,QS-FA31,quant-scope,1,0,TRUE
259,QS031A,google/gemma-4-e2b,lean,QS-FA31,quant-scope,1,0,TRUE
259,QS031A,google/gemma-4-e2b,lean,QS-FA31,quant-scope,1,0,TRUE
259,QS031A,google/gemma-4-e2b,lean,QS-FA31,quant-scope,1,0,TRUE
260,QS031B,google/gemma-4-e2b,lean,QS-FA31,quant-scope,1,0,FALSE
260,QS031B,google/gemma-4-e2b,lean,QS-FA31,quant-scope,1,0,FALSE
260,QS031B,google/gemma-4-e2b,lean,QS-FA31,quant-scope,1,0,FALSE
260,QS031B,google/gemma-4-e2b,lean,QS-FA31,quant-scope,1,0,FALSE
260,QS031B,google/gemma-4-e2b,lean,QS-FA31,quant-scope,1,0,FALSE
260,QS031B,google/gemma-4-e2b,lean,QS-FA31,quant-scope,1,0,FALSE
261,QS032A,google/gemma-4-e2b,lean,QS-FA32,quant-scope,0,0,TRUE
261,QS032A,google/gemma-4-e2b,lean,QS-FA32,quant-scope,0,0,TRUE
261,QS032A,google/gemma-4-e2b,lean,QS-FA32,quant-scope,0,0,TRUE
261,QS032A,google/gemma-4-e2b,lean,QS-FA32,quant-scope,0,0,TRUE
261,QS032A,google/gemma-4-e2b,lean,QS-FA32,quant-scope,0,0,TRUE
261,QS032A,google/gemma-4-e2b,lean,QS-FA32,quant-scope,0,0,TRUE
262,QS032B,google/gemma-4-e2b,lean,QS-FA32,quant-scope,1,0,FALSE
262,QS032B,google/gemma-4-e2b,lean,QS-FA32,quant-scope,1,0,FALSE
262,QS032B,google/gemma-4-e2b,lean,QS-FA32,quant-scope,1,0,FALSE
262,QS032B,google/gemma-4-e2b,lean,QS-FA32,quant-scope,1,0,FALSE
262,QS032B,google/gemma-4-e2b,lean,QS-FA32,quant-scope,1,0,FALSE
262,QS032B,google/gemma-4-e2b,lean,QS-FA32,quant-scope,1,0,FALSE
263,QS033A,google/gemma-4-e2b,lean,QS-FA33,quant-scope,1,0,TRUE
263,QS033A,google/gemma-4-e2b,lean,QS-FA33,quant-scope,1,0,TRUE
263,QS033A,google/gemma-4-e2b,lean,QS-FA33,quant-scope,1,0,TRUE
263,QS033A,google/gemma-4-e2b,lean,QS-FA33,quant-scope,1,0,TRUE
263,QS033A,google/gemma-4-e2b,lean,QS-FA33,quant-scope,1,0,TRUE
263,QS033A,google/gemma-4-e2b,lean,QS-FA33,quant-scope,1,0,TRUE
264,QS033B,google/gemma-4-e2b,lean,QS-FA33,quant-scope,1,0,FALSE
264,QS033B,google/gemma-4-e2b,lean,QS-FA33,quant-scope,1,0,FALSE
264,QS033B,google/gemma-4-e2b,lean,QS-FA33,quant-scope,1,0,FALSE
264,QS033B,google/gemma-4-e2b,lean,QS-FA33,quant-scope,1,0,FALSE
264,QS033B,google/gemma-4-e2b,lean,QS-FA33,quant-scope,1,0,FALSE
264,QS033B,google/gemma-4-e2b,lean,QS-FA33,quant-scope,1,0,FALSE
265,QS034A,google/gemma-4-e2b,lean,QS-FA34,quant-scope,0,0,TRUE
265,QS034A,google/gemma-4-e2b,lean,QS-FA34,quant-scope,0,0,TRUE
265,QS034A,google/gemma-4-e2b,lean,QS-FA34,quant-scope,0,0,TRUE
265,QS034A,google/gemma-4-e2b,lean,QS-FA34,quant-scope,0,0,TRUE
265,QS034A,google/gemma-4-e2b,lean,QS-FA34,quant-scope,0,0,TRUE
265,QS034A,google/gemma-4-e2b,lean,QS-FA34,quant-scope,0,0,TRUE
266,QS034B,google/gemma-4-e2b,lean,QS-FA34,quant-scope,1,0,FALSE
266,QS034B,google/gemma-4-e2b,lean,QS-FA34,quant-scope,1,0,FALSE
266,QS034B,google/gemma-4-e2b,lean,QS-FA34,quant-scope,1,0,FALSE
266,QS034B,google/gemma-4-e2b,lean,QS-FA34,quant-scope,1,0,FALSE
266,QS034B,google/gemma-4-e2b,lean,QS-FA34,quant-scope,1,0,FALSE
266,QS034B,google/gemma-4-e2b,lean,QS-FA34,quant-scope,1,0,FALSE
267,QS035A,google/gemma-4-e2b,lean,QS-FA35,quant-scope,0,0,TRUE
267,QS035A,google/gemma-4-e2b,lean,QS-FA35,quant-scope,0,0,TRUE
267,QS035A,google/gemma-4-e2b,lean,QS-FA35,quant-scope,0,0,TRUE
267,QS035A,google/gemma-4-e2b,lean,QS-FA35,quant-scope,0,0,TRUE
267,QS035A,google/gemma-4-e2b,lean,QS-FA35,quant-scope,0,0,TRUE
267,QS035A,google/gemma-4-e2b,lean,QS-FA35,quant-scope,0,0,TRUE
268,QS035B,google/gemma-4-e2b,lean,QS-FA35,quant-scope,1,0,FALSE
268,QS035B,google/gemma-4-e2b,lean,QS-FA35,quant-scope,1,0,FALSE
268,QS035B,google/gemma-4-e2b,lean,QS-FA35,quant-scope,1,0,FALSE
268,QS035B,google/gemma-4-e2b,lean,QS-FA35,quant-scope,1,0,FALSE
268,QS035B,google/gemma-4-e2b,lean,QS-FA35,quant-scope,1,0,FALSE
268,QS035B,google/gemma-4-e2b,lean,QS-FA35,quant-scope,1,0,FALSE
269,QS036A,google/gemma-4-e2b,lean,QS-FA36,quant-scope,0,0,TRUE
269,QS036A,google/gemma-4-e2b,lean,QS-FA36,quant-scope,0,0,TRUE
269,QS036A,google/gemma-4-e2b,lean,QS-FA36,quant-scope,0,0,TRUE
269,QS036A,google/gemma-4-e2b,lean,QS-FA36,quant-scope,0,0,TRUE
269,QS036A,google/gemma-4-e2b,lean,QS-FA36,quant-scope,0,0,TRUE
269,QS036A,google/gemma-4-e2b,lean,QS-FA36,quant-scope,0,0,TRUE
270,QS036B,google/gemma-4-e2b,lean,QS-FA36,quant-scope,1,0,FALSE
270,QS036B,google/gemma-4-e2b,lean,QS-FA36,quant-scope,1,0,FALSE
270,QS036B,google/gemma-4-e2b,lean,QS-FA36,quant-scope,1,0,FALSE
270,QS036B,google/gemma-4-e2b,lean,QS-FA36,quant-scope,1,0,FALSE
270,QS036B,google/gemma-4-e2b,lean,QS-FA36,quant-scope,1,0,FALSE
270,QS036B,google/gemma-4-e2b,lean,QS-FA36,quant-scope,1,0,FALSE
271,QS037A,google/gemma-4-e2b,lean,QS-FA37,quant-scope,0,0,TRUE
271,QS037A,google/gemma-4-e2b,lean,QS-FA37,quant-scope,0,0,TRUE
271,QS037A,google/gemma-4-e2b,lean,QS-FA37,quant-scope,0,0,TRUE
271,QS037A,google/gemma-4-e2b,lean,QS-FA37,quant-scope,0,0,TRUE
271,QS037A,google/gemma-4-e2b,lean,QS-FA37,quant-scope,0,0,TRUE
271,QS037A,google/gemma-4-e2b,lean,QS-FA37,quant-scope,0,0,TRUE
272,QS037B,google/gemma-4-e2b,lean,QS-FA37,quant-scope,1,0,FALSE
272,QS037B,google/gemma-4-e2b,lean,QS-FA37,quant-scope,1,0,FALSE
272,QS037B,google/gemma-4-e2b,lean,QS-FA37,quant-scope,1,0,FALSE
272,QS037B,google/gemma-4-e2b,lean,QS-FA37,quant-scope,1,0,FALSE
272,QS037B,google/gemma-4-e2b,lean,QS-FA37,quant-scope,1,0,FALSE
272,QS037B,google/gemma-4-e2b,lean,QS-FA37,quant-scope,1,0,FALSE
273,QS038A,google/gemma-4-e2b,lean,QS-FA38,quant-scope,0,0,TRUE
273,QS038A,google/gemma-4-e2b,lean,QS-FA38,quant-scope,0,0,TRUE
273,QS038A,google/gemma-4-e2b,lean,QS-FA38,quant-scope,0,0,TRUE
273,QS038A,google/gemma-4-e2b,lean,QS-FA38,quant-scope,0,0,TRUE
273,QS038A,google/gemma-4-e2b,lean,QS-FA38,quant-scope,0,0,TRUE
273,QS038A,google/gemma-4-e2b,lean,QS-FA38,quant-scope,0,0,TRUE
274,QS038B,google/gemma-4-e2b,lean,QS-FA38,quant-scope,1,0,FALSE
274,QS038B,google/gemma-4-e2b,lean,QS-FA38,quant-scope,1,0,FALSE
274,QS038B,google/gemma-4-e2b,lean,QS-FA38,quant-scope,1,0,FALSE
274,QS038B,google/gemma-4-e2b,lean,QS-FA38,quant-scope,1,0,FALSE
274,QS038B,google/gemma-4-e2b,lean,QS-FA38,quant-scope,1,0,FALSE
274,QS038B,google/gemma-4-e2b,lean,QS-FA38,quant-scope,1,0,FALSE
275,QS039A,google/gemma-4-e2b,lean,QS-FA39,quant-scope,0,0,TRUE
275,QS039A,google/gemma-4-e2b,lean,QS-FA39,quant-scope,0,0,TRUE
275,QS039A,google/gemma-4-e2b,lean,QS-FA39,quant-scope,0,0,TRUE
275,QS039A,google/gemma-4-e2b,lean,QS-FA39,quant-scope,0,0,TRUE
275,QS039A,google/gemma-4-e2b,lean,QS-FA39,quant-scope,0,0,TRUE
275,QS039A,google/gemma-4-e2b,lean,QS-FA39,quant-scope,0,0,TRUE
276,QS039B,google/gemma-4-e2b,lean,QS-FA39,quant-scope,1,0,FALSE
276,QS039B,google/gemma-4-e2b,lean,QS-FA39,quant-scope,1,0,FALSE
276,QS039B,google/gemma-4-e2b,lean,QS-FA39,quant-scope,1,0,FALSE
276,QS039B,google/gemma-4-e2b,lean,QS-FA39,quant-scope,1,0,FALSE
276,QS039B,google/gemma-4-e2b,lean,QS-FA39,quant-scope,1,0,FALSE
276,QS039B,google/gemma-4-e2b,lean,QS-FA39,quant-scope,1,0,FALSE
277,QS040A,google/gemma-4-e2b,lean,QS-FA40,quant-scope,1,0,TRUE
277,QS040A,google/gemma-4-e2b,lean,QS-FA40,quant-scope,1,0,TRUE
277,QS040A,google/gemma-4-e2b,lean,QS-FA40,quant-scope,1,0,TRUE
277,QS040A,google/gemma-4-e2b,lean,QS-FA40,quant-scope,1,0,TRUE
277,QS040A,google/gemma-4-e2b,lean,QS-FA40,quant-scope,1,0,TRUE
277,QS040A,google/gemma-4-e2b,lean,QS-FA40,quant-scope,1,0,TRUE
278,QS040B,google/gemma-4-e2b,lean,QS-FA40,quant-scope,1,0,FALSE
278,QS040B,google/gemma-4-e2b,lean,QS-FA40,quant-scope,1,0,FALSE
278,QS040B,google/gemma-4-e2b,lean,QS-FA40,quant-scope,1,0,FALSE
278,QS040B,google/gemma-4-e2b,lean,QS-FA40,quant-scope,1,0,FALSE
278,QS040B,google/gemma-4-e2b,lean,QS-FA40,quant-scope,1,0,FALSE
278,QS040B,google/gemma-4-e2b,lean,QS-FA40,quant-scope,1,0,FALSE
279,QS041A,google/gemma-4-e2b,lean,QS-FA41,quant-scope,1,0,TRUE
279,QS041A,google/gemma-4-e2b,lean,QS-FA41,quant-scope,1,0,TRUE
279,QS041A,google/gemma-4-e2b,lean,QS-FA41,quant-scope,1,0,TRUE
279,QS041A,google/gemma-4-e2b,lean,QS-FA41,quant-scope,1,0,TRUE
279,QS041A,google/gemma-4-e2b,lean,QS-FA41,quant-scope,1,0,TRUE
279,QS041A,google/gemma-4-e2b,lean,QS-FA41,quant-scope,1,0,TRUE
280,QS041B,google/gemma-4-e2b,lean,QS-FA41,quant-scope,1,0,FALSE
280,QS041B,google/gemma-4-e2b,lean,QS-FA41,quant-scope,1,0,FALSE
280,QS041B,google/gemma-4-e2b,lean,QS-FA41,quant-scope,1,0,FALSE
280,QS041B,google/gemma-4-e2b,lean,QS-FA41,quant-scope,1,0,FALSE
280,QS041B,google/gemma-4-e2b,lean,QS-FA41,quant-scope,1,0,FALSE
280,QS041B,google/gemma-4-e2b,lean,QS-FA41,quant-scope,1,0,FALSE
281,QS042A,google/gemma-4-e2b,lean,QS-FA42,quant-scope,0,0,TRUE
281,QS042A,google/gemma-4-e2b,lean,QS-FA42,quant-scope,0,0,TRUE
281,QS042A,google/gemma-4-e2b,lean,QS-FA42,quant-scope,0,0,TRUE
281,QS042A,google/gemma-4-e2b,lean,QS-FA42,quant-scope,0,0,TRUE
281,QS042A,google/gemma-4-e2b,lean,QS-FA42,quant-scope,0,0,TRUE
281,QS042A,google/gemma-4-e2b,lean,QS-FA42,quant-scope,0,0,TRUE
282,QS042B,google/gemma-4-e2b,lean,QS-FA42,quant-scope,1,0,FALSE
282,QS042B,google/gemma-4-e2b,lean,QS-FA42,quant-scope,1,0,FALSE
282,QS042B,google/gemma-4-e2b,lean,QS-FA42,quant-scope,1,0,FALSE
282,QS042B,google/gemma-4-e2b,lean,QS-FA42,quant-scope,1,0,FALSE
282,QS042B,google/gemma-4-e2b,lean,QS-FA42,quant-scope,1,0,FALSE
282,QS042B,google/gemma-4-e2b,lean,QS-FA42,quant-scope,1,0,FALSE
283,QS043A,google/gemma-4-e2b,lean,QS-FA43,quant-scope,1,0,TRUE
283,QS043A,google/gemma-4-e2b,lean,QS-FA43,quant-scope,1,0,TRUE
283,QS043A,google/gemma-4-e2b,lean,QS-FA43,quant-scope,1,0,TRUE
283,QS043A,google/gemma-4-e2b,lean,QS-FA43,quant-scope,1,0,TRUE
283,QS043A,google/gemma-4-e2b,lean,QS-FA43,quant-scope,1,0,TRUE
283,QS043A,google/gemma-4-e2b,lean,QS-FA43,quant-scope,1,0,TRUE
284,QS043B,google/gemma-4-e2b,lean,QS-FA43,quant-scope,1,0,FALSE
284,QS043B,google/gemma-4-e2b,lean,QS-FA43,quant-scope,1,0,FALSE
284,QS043B,google/gemma-4-e2b,lean,QS-FA43,quant-scope,1,0,FALSE
284,QS043B,google/gemma-4-e2b,lean,QS-FA43,quant-scope,1,0,FALSE
284,QS043B,google/gemma-4-e2b,lean,QS-FA43,quant-scope,1,0,FALSE
284,QS043B,google/gemma-4-e2b,lean,QS-FA43,quant-scope,1,0,FALSE
285,QS044A,google/gemma-4-e2b,lean,QS-FA44,quant-scope,0,0,TRUE
285,QS044A,google/gemma-4-e2b,lean,QS-FA44,quant-scope,0,0,TRUE
285,QS044A,google/gemma-4-e2b,lean,QS-FA44,quant-scope,0,0,TRUE
285,QS044A,google/gemma-4-e2b,lean,QS-FA44,quant-scope,0,0,TRUE
285,QS044A,google/gemma-4-e2b,lean,QS-FA44,quant-scope,0,0,TRUE
285,QS044A,google/gemma-4-e2b,lean,QS-FA44,quant-scope,0,0,TRUE
286,QS044B,google/gemma-4-e2b,lean,QS-FA44,quant-scope,1,0,FALSE
286,QS044B,google/gemma-4-e2b,lean,QS-FA44,quant-scope,1,0,FALSE
286,QS044B,google/gemma-4-e2b,lean,QS-FA44,quant-scope,1,0,FALSE
286,QS044B,google/gemma-4-e2b,lean,QS-FA44,quant-scope,1,0,FALSE
286,QS044B,google/gemma-4-e2b,lean,QS-FA44,quant-scope,1,0,FALSE
286,QS044B,google/gemma-4-e2b,lean,QS-FA44,quant-scope,1,0,FALSE
287,QS045A,google/gemma-4-e2b,lean,QS-FA45,quant-scope,1,0,TRUE
287,QS045A,google/gemma-4-e2b,lean,QS-FA45,quant-scope,1,0,TRUE
287,QS045A,google/gemma-4-e2b,lean,QS-FA45,quant-scope,1,0,TRUE
287,QS045A,google/gemma-4-e2b,lean,QS-FA45,quant-scope,1,0,TRUE
287,QS045A,google/gemma-4-e2b,lean,QS-FA45,quant-scope,1,0,TRUE
287,QS045A,google/gemma-4-e2b,lean,QS-FA45,quant-scope,1,0,TRUE
288,QS045B,google/gemma-4-e2b,lean,QS-FA45,quant-scope,1,0,FALSE
288,QS045B,google/gemma-4-e2b,lean,QS-FA45,quant-scope,1,0,FALSE
288,QS045B,google/gemma-4-e2b,lean,QS-FA45,quant-scope,1,0,FALSE
288,QS045B,google/gemma-4-e2b,lean,QS-FA45,quant-scope,1,0,FALSE
288,QS045B,google/gemma-4-e2b,lean,QS-FA45,quant-scope,1,0,FALSE
288,QS045B,google/gemma-4-e2b,lean,QS-FA45,quant-scope,1,0,FALSE
289,QS046A,google/gemma-4-e2b,lean,QS-FA46,quant-scope,0,0,TRUE
289,QS046A,google/gemma-4-e2b,lean,QS-FA46,quant-scope,0,0,TRUE
289,QS046A,google/gemma-4-e2b,lean,QS-FA46,quant-scope,0,0,TRUE
289,QS046A,google/gemma-4-e2b,lean,QS-FA46,quant-scope,0,0,TRUE
289,QS046A,google/gemma-4-e2b,lean,QS-FA46,quant-scope,0,0,TRUE
289,QS046A,google/gemma-4-e2b,lean,QS-FA46,quant-scope,0,0,TRUE
290,QS046B,google/gemma-4-e2b,lean,QS-FA46,quant-scope,1,0,FALSE
290,QS046B,google/gemma-4-e2b,lean,QS-FA46,quant-scope,1,0,FALSE
290,QS046B,google/gemma-4-e2b,lean,QS-FA46,quant-scope,1,0,FALSE
290,QS046B,google/gemma-4-e2b,lean,QS-FA46,quant-scope,1,0,FALSE
290,QS046B,google/gemma-4-e2b,lean,QS-FA46,quant-scope,1,0,FALSE
290,QS046B,google/gemma-4-e2b,lean,QS-FA46,quant-scope,1,0,FALSE
291,QS047A,google/gemma-4-e2b,lean,QS-FA47,quant-scope,0,0,TRUE
291,QS047A,google/gemma-4-e2b,lean,QS-FA47,quant-scope,0,0,TRUE
291,QS047A,google/gemma-4-e2b,lean,QS-FA47,quant-scope,0,0,TRUE
291,QS047A,google/gemma-4-e2b,lean,QS-FA47,quant-scope,0,0,TRUE
291,QS047A,google/gemma-4-e2b,lean,QS-FA47,quant-scope,0,0,TRUE
291,QS047A,google/gemma-4-e2b,lean,QS-FA47,quant-scope,0,0,TRUE
292,QS047B,google/gemma-4-e2b,lean,QS-FA47,quant-scope,1,0,FALSE
292,QS047B,google/gemma-4-e2b,lean,QS-FA47,quant-scope,1,0,FALSE
292,QS047B,google/gemma-4-e2b,lean,QS-FA47,quant-scope,1,0,FALSE
292,QS047B,google/gemma-4-e2b,lean,QS-FA47,quant-scope,1,0,FALSE
292,QS047B,google/gemma-4-e2b,lean,QS-FA47,quant-scope,1,0,FALSE
292,QS047B,google/gemma-4-e2b,lean,QS-FA47,quant-scope,1,0,FALSE
293,QS048A,google/gemma-4-e2b,lean,QS-FA48,quant-scope,0,0,TRUE
293,QS048A,google/gemma-4-e2b,lean,QS-FA48,quant-scope,0,0,TRUE
293,QS048A,google/gemma-4-e2b,lean,QS-FA48,quant-scope,0,0,TRUE
293,QS048A,google/gemma-4-e2b,lean,QS-FA48,quant-scope,0,0,TRUE
293,QS048A,google/gemma-4-e2b,lean,QS-FA48,quant-scope,0,0,TRUE
293,QS048A,google/gemma-4-e2b,lean,QS-FA48,quant-scope,0,0,TRUE
294,QS048B,google/gemma-4-e2b,lean,QS-FA48,quant-scope,1,0,FALSE
294,QS048B,google/gemma-4-e2b,lean,QS-FA48,quant-scope,1,0,FALSE
294,QS048B,google/gemma-4-e2b,lean,QS-FA48,quant-scope,1,0,FALSE
294,QS048B,google/gemma-4-e2b,lean,QS-FA48,quant-scope,1,0,FALSE
294,QS048B,google/gemma-4-e2b,lean,QS-FA48,quant-scope,1,0,FALSE
294,QS048B,google/gemma-4-e2b,lean,QS-FA48,quant-scope,1,0,FALSE
295,QS049A,google/gemma-4-e2b,lean,QS-FA49,quant-scope,0,0,TRUE
295,QS049A,google/gemma-4-e2b,lean,QS-FA49,quant-scope,0,0,TRUE
295,QS049A,google/gemma-4-e2b,lean,QS-FA49,quant-scope,0,0,TRUE
295,QS049A,google/gemma-4-e2b,lean,QS-FA49,quant-scope,0,0,TRUE
295,QS049A,google/gemma-4-e2b,lean,QS-FA49,quant-scope,0,0,TRUE
295,QS049A,google/gemma-4-e2b,lean,QS-FA49,quant-scope,0,0,TRUE
296,QS049B,google/gemma-4-e2b,lean,QS-FA49,quant-scope,1,0,FALSE
296,QS049B,google/gemma-4-e2b,lean,QS-FA49,quant-scope,1,0,FALSE
296,QS049B,google/gemma-4-e2b,lean,QS-FA49,quant-scope,1,0,FALSE
296,QS049B,google/gemma-4-e2b,lean,QS-FA49,quant-scope,1,0,FALSE
296,QS049B,google/gemma-4-e2b,lean,QS-FA49,quant-scope,1,0,FALSE
296,QS049B,google/gemma-4-e2b,lean,QS-FA49,quant-scope,1,0,FALSE
297,QS050A,google/gemma-4-e2b,lean,QS-FA50,quant-scope,0,0,TRUE
297,QS050A,google/gemma-4-e2b,lean,QS-FA50,quant-scope,0,0,TRUE
297,QS050A,google/gemma-4-e2b,lean,QS-FA50,quant-scope,0,0,TRUE
297,QS050A,google/gemma-4-e2b,lean,QS-FA50,quant-scope,0,0,TRUE
297,QS050A,google/gemma-4-e2b,lean,QS-FA50,quant-scope,0,0,TRUE
297,QS050A,google/gemma-4-e2b,lean,QS-FA50,quant-scope,0,0,TRUE
298,QS050B,google/gemma-4-e2b,lean,QS-FA50,quant-scope,1,0,FALSE
298,QS050B,google/gemma-4-e2b,lean,QS-FA50,quant-scope,1,0,FALSE
298,QS050B,google/gemma-4-e2b,lean,QS-FA50,quant-scope,1,0,FALSE
298,QS050B,google/gemma-4-e2b,lean,QS-FA50,quant-scope,1,0,FALSE
298,QS050B,google/gemma-4-e2b,lean,QS-FA50,quant-scope,1,0,FALSE
298,QS050B,google/gemma-4-e2b,lean,QS-FA50,quant-scope,1,0,FALSE
299,QS051A,google/gemma-4-e2b,lean,QS-FA51,quant-scope,0,0,TRUE
299,QS051A,google/gemma-4-e2b,lean,QS-FA51,quant-scope,0,0,TRUE
299,QS051A,google/gemma-4-e2b,lean,QS-FA51,quant-scope,0,0,TRUE
299,QS051A,google/gemma-4-e2b,lean,QS-FA51,quant-scope,0,0,TRUE
299,QS051A,google/gemma-4-e2b,lean,QS-FA51,quant-scope,0,0,TRUE
299,QS051A,google/gemma-4-e2b,lean,QS-FA51,quant-scope,0,0,TRUE
300,QS051B,google/gemma-4-e2b,lean,QS-FA51,quant-scope,1,0,FALSE
300,QS051B,google/gemma-4-e2b,lean,QS-FA51,quant-scope,1,0,FALSE
300,QS051B,google/gemma-4-e2b,lean,QS-FA51,quant-scope,1,0,FALSE
300,QS051B,google/gemma-4-e2b,lean,QS-FA51,quant-scope,1,0,FALSE
300,QS051B,google/gemma-4-e2b,lean,QS-FA51,quant-scope,1,0,FALSE
300,QS051B,google/gemma-4-e2b,lean,QS-FA51,quant-scope,1,0,FALSE
301,QS052A,google/gemma-4-e2b,lean,QS-FA52,quant-scope,1,0,TRUE
301,QS052A,google/gemma-4-e2b,lean,QS-FA52,quant-scope,1,0,TRUE
301,QS052A,google/gemma-4-e2b,lean,QS-FA52,quant-scope,1,0,TRUE
301,QS052A,google/gemma-4-e2b,lean,QS-FA52,quant-scope,1,0,TRUE
301,QS052A,google/gemma-4-e2b,lean,QS-FA52,quant-scope,1,0,TRUE
301,QS052A,google/gemma-4-e2b,lean,QS-FA52,quant-scope,1,0,TRUE
302,QS052B,google/gemma-4-e2b,lean,QS-FA52,quant-scope,1,0,FALSE
302,QS052B,google/gemma-4-e2b,lean,QS-FA52,quant-scope,1,0,FALSE
302,QS052B,google/gemma-4-e2b,lean,QS-FA52,quant-scope,1,0,FALSE
302,QS052B,google/gemma-4-e2b,lean,QS-FA52,quant-scope,1,0,FALSE
302,QS052B,google/gemma-4-e2b,lean,QS-FA52,quant-scope,1,0,FALSE
302,QS052B,google/gemma-4-e2b,lean,QS-FA52,quant-scope,1,0,FALSE
303,QS053A,google/gemma-4-e2b,lean,QS-FA53,quant-scope,0,0,TRUE
303,QS053A,google/gemma-4-e2b,lean,QS-FA53,quant-scope,0,0,TRUE
303,QS053A,google/gemma-4-e2b,lean,QS-FA53,quant-scope,0,0,TRUE
303,QS053A,google/gemma-4-e2b,lean,QS-FA53,quant-scope,0,0,TRUE
303,QS053A,google/gemma-4-e2b,lean,QS-FA53,quant-scope,0,0,TRUE
303,QS053A,google/gemma-4-e2b,lean,QS-FA53,quant-scope,0,0,TRUE
304,QS053B,google/gemma-4-e2b,lean,QS-FA53,quant-scope,1,0,FALSE
304,QS053B,google/gemma-4-e2b,lean,QS-FA53,quant-scope,1,0,FALSE
304,QS053B,google/gemma-4-e2b,lean,QS-FA53,quant-scope,1,0,FALSE
304,QS053B,google/gemma-4-e2b,lean,QS-FA53,quant-scope,1,0,FALSE
304,QS053B,google/gemma-4-e2b,lean,QS-FA53,quant-scope,1,0,FALSE
304,QS053B,google/gemma-4-e2b,lean,QS-FA53,quant-scope,1,0,FALSE
305,QS054A,google/gemma-4-e2b,lean,QS-FA54,quant-scope,1,0,TRUE
305,QS054A,google/gemma-4-e2b,lean,QS-FA54,quant-scope,1,0,TRUE
305,QS054A,google/gemma-4-e2b,lean,QS-FA54,quant-scope,1,0,TRUE
305,QS054A,google/gemma-4-e2b,lean,QS-FA54,quant-scope,1,0,TRUE
305,QS054A,google/gemma-4-e2b,lean,QS-FA54,quant-scope,1,0,TRUE
305,QS054A,google/gemma-4-e2b,lean,QS-FA54,quant-scope,1,0,TRUE
306,QS054B,google/gemma-4-e2b,lean,QS-FA54,quant-scope,1,0,FALSE
306,QS054B,google/gemma-4-e2b,lean,QS-FA54,quant-scope,1,0,FALSE
306,QS054B,google/gemma-4-e2b,lean,QS-FA54,quant-scope,1,0,FALSE
306,QS054B,google/gemma-4-e2b,lean,QS-FA54,quant-scope,1,0,FALSE
306,QS054B,google/gemma-4-e2b,lean,QS-FA54,quant-scope,1,0,FALSE
306,QS054B,google/gemma-4-e2b,lean,QS-FA54,quant-scope,1,0,FALSE
307,QS055A,google/gemma-4-e2b,lean,QS-FA55,quant-scope,0,0,TRUE
307,QS055A,google/gemma-4-e2b,lean,QS-FA55,quant-scope,0,0,TRUE
307,QS055A,google/gemma-4-e2b,lean,QS-FA55,quant-scope,0,0,TRUE
307,QS055A,google/gemma-4-e2b,lean,QS-FA55,quant-scope,0,0,TRUE
307,QS055A,google/gemma-4-e2b,lean,QS-FA55,quant-scope,0,0,TRUE
307,QS055A,google/gemma-4-e2b,lean,QS-FA55,quant-scope,0,0,TRUE
308,QS055B,google/gemma-4-e2b,lean,QS-FA55,quant-scope,1,0,FALSE
308,QS055B,google/gemma-4-e2b,lean,QS-FA55,quant-scope,1,0,FALSE
308,QS055B,google/gemma-4-e2b,lean,QS-FA55,quant-scope,1,0,FALSE
308,QS055B,google/gemma-4-e2b,lean,QS-FA55,quant-scope,1,0,FALSE
308,QS055B,google/gemma-4-e2b,lean,QS-FA55,quant-scope,1,0,FALSE
308,QS055B,google/gemma-4-e2b,lean,QS-FA55,quant-scope,1,0,FALSE
309,QS056A,google/gemma-4-e2b,lean,QS-FA56,quant-scope,1,0,TRUE
309,QS056A,google/gemma-4-e2b,lean,QS-FA56,quant-scope,1,0,TRUE
309,QS056A,google/gemma-4-e2b,lean,QS-FA56,quant-scope,1,0,TRUE
309,QS056A,google/gemma-4-e2b,lean,QS-FA56,quant-scope,1,0,TRUE
309,QS056A,google/gemma-4-e2b,lean,QS-FA56,quant-scope,1,0,TRUE
309,QS056A,google/gemma-4-e2b,lean,QS-FA56,quant-scope,1,0,TRUE
310,QS056B,google/gemma-4-e2b,lean,QS-FA56,quant-scope,1,0,FALSE
310,QS056B,google/gemma-4-e2b,lean,QS-FA56,quant-scope,1,0,FALSE
310,QS056B,google/gemma-4-e2b,lean,QS-FA56,quant-scope,1,0,FALSE
310,QS056B,google/gemma-4-e2b,lean,QS-FA56,quant-scope,1,0,FALSE
310,QS056B,google/gemma-4-e2b,lean,QS-FA56,quant-scope,1,0,FALSE
310,QS056B,google/gemma-4-e2b,lean,QS-FA56,quant-scope,1,0,FALSE
311,QS057A,google/gemma-4-e2b,lean,QS-FA57,quant-scope,1,0,TRUE
311,QS057A,google/gemma-4-e2b,lean,QS-FA57,quant-scope,1,0,TRUE
311,QS057A,google/gemma-4-e2b,lean,QS-FA57,quant-scope,1,0,TRUE
311,QS057A,google/gemma-4-e2b,lean,QS-FA57,quant-scope,1,0,TRUE
311,QS057A,google/gemma-4-e2b,lean,QS-FA57,quant-scope,1,0,TRUE
311,QS057A,google/gemma-4-e2b,lean,QS-FA57,quant-scope,1,0,TRUE
312,QS057B,google/gemma-4-e2b,lean,QS-FA57,quant-scope,1,0,FALSE
312,QS057B,google/gemma-4-e2b,lean,QS-FA57,quant-scope,1,0,FALSE
312,QS057B,google/gemma-4-e2b,lean,QS-FA57,quant-scope,1,0,FALSE
312,QS057B,google/gemma-4-e2b,lean,QS-FA57,quant-scope,1,0,FALSE
312,QS057B,google/gemma-4-e2b,lean,QS-FA57,quant-scope,1,0,FALSE
312,QS057B,google/gemma-4-e2b,lean,QS-FA57,quant-scope,1,0,FALSE
313,QS058A,google/gemma-4-e2b,lean,QS-EA01,quant-scope,1,0,TRUE
313,QS058A,google/gemma-4-e2b,lean,QS-EA01,quant-scope,1,0,TRUE
313,QS058A,google/gemma-4-e2b,lean,QS-EA01,quant-scope,1,0,TRUE
313,QS058A,google/gemma-4-e2b,lean,QS-EA01,quant-scope,1,0,TRUE
313,QS058A,google/gemma-4-e2b,lean,QS-EA01,quant-scope,1,0,TRUE
313,QS058A,google/gemma-4-e2b,lean,QS-EA01,quant-scope,1,0,TRUE
314,QS059B,google/gemma-4-e2b,lean,QS-EA01,quant-scope,1,0,FALSE
314,QS059B,google/gemma-4-e2b,lean,QS-EA01,quant-scope,1,0,FALSE
314,QS059B,google/gemma-4-e2b,lean,QS-EA01,quant-scope,1,0,FALSE
314,QS059B,google/gemma-4-e2b,lean,QS-EA01,quant-scope,1,0,FALSE
314,QS059B,google/gemma-4-e2b,lean,QS-EA01,quant-scope,1,0,FALSE
314,QS059B,google/gemma-4-e2b,lean,QS-EA01,quant-scope,1,0,FALSE
315,QS060C,google/gemma-4-e2b,lean,QS-EA01,quant-scope,0,0,TRUE
315,QS060C,google/gemma-4-e2b,lean,QS-EA01,quant-scope,0,0,TRUE
315,QS060C,google/gemma-4-e2b,lean,QS-EA01,quant-scope,0,0,TRUE
315,QS060C,google/gemma-4-e2b,lean,QS-EA01,quant-scope,0,0,TRUE
315,QS060C,google/gemma-4-e2b,lean,QS-EA01,quant-scope,0,0,TRUE
315,QS060C,google/gemma-4-e2b,lean,QS-EA01,quant-scope,0,0,TRUE
316,QS061A,google/gemma-4-e2b,lean,QS-EA02,quant-scope,1,0,TRUE
316,QS061A,google/gemma-4-e2b,lean,QS-EA02,quant-scope,1,0,TRUE
316,QS061A,google/gemma-4-e2b,lean,QS-EA02,quant-scope,1,0,TRUE
316,QS061A,google/gemma-4-e2b,lean,QS-EA02,quant-scope,1,0,TRUE
316,QS061A,google/gemma-4-e2b,lean,QS-EA02,quant-scope,1,0,TRUE
316,QS061A,google/gemma-4-e2b,lean,QS-EA02,quant-scope,1,0,TRUE
317,QS062B,google/gemma-4-e2b,lean,QS-EA02,quant-scope,1,0,FALSE
317,QS062B,google/gemma-4-e2b,lean,QS-EA02,quant-scope,1,0,FALSE
317,QS062B,google/gemma-4-e2b,lean,QS-EA02,quant-scope,1,0,FALSE
317,QS062B,google/gemma-4-e2b,lean,QS-EA02,quant-scope,1,0,FALSE
317,QS062B,google/gemma-4-e2b,lean,QS-EA02,quant-scope,1,0,FALSE
317,QS062B,google/gemma-4-e2b,lean,QS-EA02,quant-scope,1,0,FALSE
318,QS063C,google/gemma-4-e2b,lean,QS-EA02,quant-scope,1,0,TRUE
318,QS063C,google/gemma-4-e2b,lean,QS-EA02,quant-scope,1,0,TRUE
318,QS063C,google/gemma-4-e2b,lean,QS-EA02,quant-scope,1,0,TRUE
318,QS063C,google/gemma-4-e2b,lean,QS-EA02,quant-scope,1,0,TRUE
318,QS063C,google/gemma-4-e2b,lean,QS-EA02,quant-scope,1,0,TRUE
318,QS063C,google/gemma-4-e2b,lean,QS-EA02,quant-scope,1,0,TRUE
319,QS064A,google/gemma-4-e2b,lean,QS-EA03,quant-scope,1,0,TRUE
319,QS064A,google/gemma-4-e2b,lean,QS-EA03,quant-scope,1,0,TRUE
319,QS064A,google/gemma-4-e2b,lean,QS-EA03,quant-scope,1,0,TRUE
319,QS064A,google/gemma-4-e2b,lean,QS-EA03,quant-scope,1,0,TRUE
319,QS064A,google/gemma-4-e2b,lean,QS-EA03,quant-scope,1,0,TRUE
319,QS064A,google/gemma-4-e2b,lean,QS-EA03,quant-scope,1,0,TRUE
320,QS065B,google/gemma-4-e2b,lean,QS-EA03,quant-scope,0,0,FALSE
320,QS065B,google/gemma-4-e2b,lean,QS-EA03,quant-scope,0,0,FALSE
320,QS065B,google/gemma-4-e2b,lean,QS-EA03,quant-scope,0,0,FALSE
320,QS065B,google/gemma-4-e2b,lean,QS-EA03,quant-scope,0,0,FALSE
320,QS065B,google/gemma-4-e2b,lean,QS-EA03,quant-scope,0,0,FALSE
320,QS065B,google/gemma-4-e2b,lean,QS-EA03,quant-scope,0,0,FALSE
321,QS066C,google/gemma-4-e2b,lean,QS-EA03,quant-scope,1,0,TRUE
321,QS066C,google/gemma-4-e2b,lean,QS-EA03,quant-scope,1,0,TRUE
321,QS066C,google/gemma-4-e2b,lean,QS-EA03,quant-scope,1,0,TRUE
321,QS066C,google/gemma-4-e2b,lean,QS-EA03,quant-scope,1,0,TRUE
321,QS066C,google/gemma-4-e2b,lean,QS-EA03,quant-scope,1,0,TRUE
321,QS066C,google/gemma-4-e2b,lean,QS-EA03,quant-scope,1,0,TRUE
322,QS067A,google/gemma-4-e2b,lean,QS-EA04,quant-scope,1,0,TRUE
322,QS067A,google/gemma-4-e2b,lean,QS-EA04,quant-scope,1,0,TRUE
322,QS067A,google/gemma-4-e2b,lean,QS-EA04,quant-scope,1,0,TRUE
322,QS067A,google/gemma-4-e2b,lean,QS-EA04,quant-scope,1,0,TRUE
322,QS067A,google/gemma-4-e2b,lean,QS-EA04,quant-scope,1,0,TRUE
322,QS067A,google/gemma-4-e2b,lean,QS-EA04,quant-scope,1,0,TRUE
323,QS068B,google/gemma-4-e2b,lean,QS-EA04,quant-scope,1,0,FALSE
323,QS068B,google/gemma-4-e2b,lean,QS-EA04,quant-scope,1,0,FALSE
323,QS068B,google/gemma-4-e2b,lean,QS-EA04,quant-scope,1,0,FALSE
323,QS068B,google/gemma-4-e2b,lean,QS-EA04,quant-scope,1,0,FALSE
323,QS068B,google/gemma-4-e2b,lean,QS-EA04,quant-scope,1,0,FALSE
323,QS068B,google/gemma-4-e2b,lean,QS-EA04,quant-scope,1,0,FALSE
324,QS069C,google/gemma-4-e2b,lean,QS-EA04,quant-scope,0,0,TRUE
324,QS069C,google/gemma-4-e2b,lean,QS-EA04,quant-scope,0,0,TRUE
324,QS069C,google/gemma-4-e2b,lean,QS-EA04,quant-scope,0,0,TRUE
324,QS069C,google/gemma-4-e2b,lean,QS-EA04,quant-scope,0,0,TRUE
324,QS069C,google/gemma-4-e2b,lean,QS-EA04,quant-scope,0,0,TRUE
324,QS069C,google/gemma-4-e2b,lean,QS-EA04,quant-scope,0,0,TRUE
325,QS070A,google/gemma-4-e2b,lean,QS-EA05,quant-scope,0,0,TRUE
325,QS070A,google/gemma-4-e2b,lean,QS-EA05,quant-scope,0,0,TRUE
325,QS070A,google/gemma-4-e2b,lean,QS-EA05,quant-scope,0,0,TRUE
325,QS070A,google/gemma-4-e2b,lean,QS-EA05,quant-scope,0,0,TRUE
325,QS070A,google/gemma-4-e2b,lean,QS-EA05,quant-scope,0,0,TRUE
325,QS070A,google/gemma-4-e2b,lean,QS-EA05,quant-scope,0,0,TRUE
326,QS071B,google/gemma-4-e2b,lean,QS-EA05,quant-scope,0,0,FALSE
326,QS071B,google/gemma-4-e2b,lean,QS-EA05,quant-scope,0,0,FALSE
326,QS071B,google/gemma-4-e2b,lean,QS-EA05,quant-scope,0,0,FALSE
326,QS071B,google/gemma-4-e2b,lean,QS-EA05,quant-scope,0,0,FALSE
326,QS071B,google/gemma-4-e2b,lean,QS-EA05,quant-scope,0,0,FALSE
326,QS071B,google/gemma-4-e2b,lean,QS-EA05,quant-scope,0,0,FALSE
327,QS072C,google/gemma-4-e2b,lean,QS-EA05,quant-scope,1,0,TRUE
327,QS072C,google/gemma-4-e2b,lean,QS-EA05,quant-scope,1,0,TRUE
327,QS072C,google/gemma-4-e2b,lean,QS-EA05,quant-scope,1,0,TRUE
327,QS072C,google/gemma-4-e2b,lean,QS-EA05,quant-scope,1,0,TRUE
327,QS072C,google/gemma-4-e2b,lean,QS-EA05,quant-scope,1,0,TRUE
327,QS072C,google/gemma-4-e2b,lean,QS-EA05,quant-scope,1,0,TRUE
328,QS073A,google/gemma-4-e2b,lean,QS-EA06,quant-scope,0,0,TRUE
328,QS073A,google/gemma-4-e2b,lean,QS-EA06,quant-scope,0,0,TRUE
328,QS073A,google/gemma-4-e2b,lean,QS-EA06,quant-scope,0,0,TRUE
328,QS073A,google/gemma-4-e2b,lean,QS-EA06,quant-scope,0,0,TRUE
328,QS073A,google/gemma-4-e2b,lean,QS-EA06,quant-scope,0,0,TRUE
328,QS073A,google/gemma-4-e2b,lean,QS-EA06,quant-scope,0,0,TRUE
329,QS074B,google/gemma-4-e2b,lean,QS-EA06,quant-scope,0,0,FALSE
329,QS074B,google/gemma-4-e2b,lean,QS-EA06,quant-scope,0,0,FALSE
329,QS074B,google/gemma-4-e2b,lean,QS-EA06,quant-scope,0,0,FALSE
329,QS074B,google/gemma-4-e2b,lean,QS-EA06,quant-scope,0,0,FALSE
329,QS074B,google/gemma-4-e2b,lean,QS-EA06,quant-scope,0,0,FALSE
329,QS074B,google/gemma-4-e2b,lean,QS-EA06,quant-scope,0,0,FALSE
330,QS075C,google/gemma-4-e2b,lean,QS-EA06,quant-scope,1,0,TRUE
330,QS075C,google/gemma-4-e2b,lean,QS-EA06,quant-scope,1,0,TRUE
330,QS075C,google/gemma-4-e2b,lean,QS-EA06,quant-scope,1,0,TRUE
330,QS075C,google/gemma-4-e2b,lean,QS-EA06,quant-scope,1,0,TRUE
330,QS075C,google/gemma-4-e2b,lean,QS-EA06,quant-scope,1,0,TRUE
330,QS075C,google/gemma-4-e2b,lean,QS-EA06,quant-scope,1,0,TRUE
331,QS076A,google/gemma-4-e2b,lean,QS-EA07,quant-scope,1,0,TRUE
331,QS076A,google/gemma-4-e2b,lean,QS-EA07,quant-scope,1,0,TRUE
331,QS076A,google/gemma-4-e2b,lean,QS-EA07,quant-scope,1,0,TRUE
331,QS076A,google/gemma-4-e2b,lean,QS-EA07,quant-scope,1,0,TRUE
331,QS076A,google/gemma-4-e2b,lean,QS-EA07,quant-scope,1,0,TRUE
331,QS076A,google/gemma-4-e2b,lean,QS-EA07,quant-scope,1,0,TRUE
332,QS077B,google/gemma-4-e2b,lean,QS-EA07,quant-scope,1,0,FALSE
332,QS077B,google/gemma-4-e2b,lean,QS-EA07,quant-scope,1,0,FALSE
332,QS077B,google/gemma-4-e2b,lean,QS-EA07,quant-scope,1,0,FALSE
332,QS077B,google/gemma-4-e2b,lean,QS-EA07,quant-scope,1,0,FALSE
332,QS077B,google/gemma-4-e2b,lean,QS-EA07,quant-scope,1,0,FALSE
332,QS077B,google/gemma-4-e2b,lean,QS-EA07,quant-scope,1,0,FALSE
333,QS078C,google/gemma-4-e2b,lean,QS-EA07,quant-scope,1,0,TRUE
333,QS078C,google/gemma-4-e2b,lean,QS-EA07,quant-scope,1,0,TRUE
333,QS078C,google/gemma-4-e2b,lean,QS-EA07,quant-scope,1,0,TRUE
333,QS078C,google/gemma-4-e2b,lean,QS-EA07,quant-scope,1,0,TRUE
333,QS078C,google/gemma-4-e2b,lean,QS-EA07,quant-scope,1,0,TRUE
333,QS078C,google/gemma-4-e2b,lean,QS-EA07,quant-scope,1,0,TRUE
334,QS079A,google/gemma-4-e2b,lean,QS-EA08,quant-scope,0,0,TRUE
334,QS079A,google/gemma-4-e2b,lean,QS-EA08,quant-scope,0,0,TRUE
334,QS079A,google/gemma-4-e2b,lean,QS-EA08,quant-scope,0,0,TRUE
334,QS079A,google/gemma-4-e2b,lean,QS-EA08,quant-scope,0,0,TRUE
334,QS079A,google/gemma-4-e2b,lean,QS-EA08,quant-scope,0,0,TRUE
334,QS079A,google/gemma-4-e2b,lean,QS-EA08,quant-scope,0,0,TRUE
335,QS080B,google/gemma-4-e2b,lean,QS-EA08,quant-scope,1,0,FALSE
335,QS080B,google/gemma-4-e2b,lean,QS-EA08,quant-scope,1,0,FALSE
335,QS080B,google/gemma-4-e2b,lean,QS-EA08,quant-scope,1,0,FALSE
335,QS080B,google/gemma-4-e2b,lean,QS-EA08,quant-scope,1,0,FALSE
335,QS080B,google/gemma-4-e2b,lean,QS-EA08,quant-scope,1,0,FALSE
335,QS080B,google/gemma-4-e2b,lean,QS-EA08,quant-scope,1,0,FALSE
336,QS081C,google/gemma-4-e2b,lean,QS-EA08,quant-scope,1,0,TRUE
336,QS081C,google/gemma-4-e2b,lean,QS-EA08,quant-scope,1,0,TRUE
336,QS081C,google/gemma-4-e2b,lean,QS-EA08,quant-scope,1,0,TRUE
336,QS081C,google/gemma-4-e2b,lean,QS-EA08,quant-scope,1,0,TRUE
336,QS081C,google/gemma-4-e2b,lean,QS-EA08,quant-scope,1,0,TRUE
336,QS081C,google/gemma-4-e2b,lean,QS-EA08,quant-scope,1,0,TRUE
337,QS082A,google/gemma-4-e2b,lean,QS-EA09,quant-scope,0,0,TRUE
337,QS082A,google/gemma-4-e2b,lean,QS-EA09,quant-scope,0,0,TRUE
337,QS082A,google/gemma-4-e2b,lean,QS-EA09,quant-scope,0,0,TRUE
337,QS082A,google/gemma-4-e2b,lean,QS-EA09,quant-scope,0,0,TRUE
337,QS082A,google/gemma-4-e2b,lean,QS-EA09,quant-scope,0,0,TRUE
337,QS082A,google/gemma-4-e2b,lean,QS-EA09,quant-scope,0,0,TRUE
338,QS083B,google/gemma-4-e2b,lean,QS-EA09,quant-scope,0,0,FALSE
338,QS083B,google/gemma-4-e2b,lean,QS-EA09,quant-scope,0,0,FALSE
338,QS083B,google/gemma-4-e2b,lean,QS-EA09,quant-scope,0,0,FALSE
338,QS083B,google/gemma-4-e2b,lean,QS-EA09,quant-scope,0,0,FALSE
338,QS083B,google/gemma-4-e2b,lean,QS-EA09,quant-scope,0,0,FALSE
338,QS083B,google/gemma-4-e2b,lean,QS-EA09,quant-scope,0,0,FALSE
339,QS084C,google/gemma-4-e2b,lean,QS-EA09,quant-scope,1,0,TRUE
339,QS084C,google/gemma-4-e2b,lean,QS-EA09,quant-scope,1,0,TRUE
339,QS084C,google/gemma-4-e2b,lean,QS-EA09,quant-scope,1,0,TRUE
339,QS084C,google/gemma-4-e2b,lean,QS-EA09,quant-scope,1,0,TRUE
339,QS084C,google/gemma-4-e2b,lean,QS-EA09,quant-scope,1,0,TRUE
339,QS084C,google/gemma-4-e2b,lean,QS-EA09,quant-scope,1,0,TRUE
340,QS085A,google/gemma-4-e2b,lean,QS-EA10,quant-scope,0,0,TRUE
340,QS085A,google/gemma-4-e2b,lean,QS-EA10,quant-scope,0,0,TRUE
340,QS085A,google/gemma-4-e2b,lean,QS-EA10,quant-scope,0,0,TRUE
340,QS085A,google/gemma-4-e2b,lean,QS-EA10,quant-scope,0,0,TRUE
340,QS085A,google/gemma-4-e2b,lean,QS-EA10,quant-scope,0,0,TRUE
340,QS085A,google/gemma-4-e2b,lean,QS-EA10,quant-scope,0,0,TRUE
341,QS086B,google/gemma-4-e2b,lean,QS-EA10,quant-scope,1,0,FALSE
341,QS086B,google/gemma-4-e2b,lean,QS-EA10,quant-scope,1,0,FALSE
341,QS086B,google/gemma-4-e2b,lean,QS-EA10,quant-scope,1,0,FALSE
341,QS086B,google/gemma-4-e2b,lean,QS-EA10,quant-scope,1,0,FALSE
341,QS086B,google/gemma-4-e2b,lean,QS-EA10,quant-scope,1,0,FALSE
341,QS086B,google/gemma-4-e2b,lean,QS-EA10,quant-scope,1,0,FALSE
342,QS087C,google/gemma-4-e2b,lean,QS-EA10,quant-scope,1,0,TRUE
342,QS087C,google/gemma-4-e2b,lean,QS-EA10,quant-scope,1,0,TRUE
342,QS087C,google/gemma-4-e2b,lean,QS-EA10,quant-scope,1,0,TRUE
342,QS087C,google/gemma-4-e2b,lean,QS-EA10,quant-scope,1,0,TRUE
342,QS087C,google/gemma-4-e2b,lean,QS-EA10,quant-scope,1,0,TRUE
342,QS087C,google/gemma-4-e2b,lean,QS-EA10,quant-scope,1,0,TRUE
343,QS088A,google/gemma-4-e2b,lean,QS-EA11,quant-scope,1,0,TRUE
343,QS088A,google/gemma-4-e2b,lean,QS-EA11,quant-scope,1,0,TRUE
343,QS088A,google/gemma-4-e2b,lean,QS-EA11,quant-scope,1,0,TRUE
343,QS088A,google/gemma-4-e2b,lean,QS-EA11,quant-scope,1,0,TRUE
343,QS088A,google/gemma-4-e2b,lean,QS-EA11,quant-scope,1,0,TRUE
343,QS088A,google/gemma-4-e2b,lean,QS-EA11,quant-scope,1,0,TRUE
344,QS089B,google/gemma-4-e2b,lean,QS-EA11,quant-scope,1,0,FALSE
344,QS089B,google/gemma-4-e2b,lean,QS-EA11,quant-scope,1,0,FALSE
344,QS089B,google/gemma-4-e2b,lean,QS-EA11,quant-scope,1,0,FALSE
344,QS089B,google/gemma-4-e2b,lean,QS-EA11,quant-scope,1,0,FALSE
344,QS089B,google/gemma-4-e2b,lean,QS-EA11,quant-scope,1,0,FALSE
344,QS089B,google/gemma-4-e2b,lean,QS-EA11,quant-scope,1,0,FALSE
345,QS090C,google/gemma-4-e2b,lean,QS-EA11,quant-scope,1,0,TRUE
345,QS090C,google/gemma-4-e2b,lean,QS-EA11,quant-scope,1,0,TRUE
345,QS090C,google/gemma-4-e2b,lean,QS-EA11,quant-scope,1,0,TRUE
345,QS090C,google/gemma-4-e2b,lean,QS-EA11,quant-scope,1,0,TRUE
345,QS090C,google/gemma-4-e2b,lean,QS-EA11,quant-scope,1,0,TRUE
345,QS090C,google/gemma-4-e2b,lean,QS-EA11,quant-scope,1,0,TRUE
346,QS091A,google/gemma-4-e2b,lean,QS-EA12,quant-scope,1,0,TRUE
346,QS091A,google/gemma-4-e2b,lean,QS-EA12,quant-scope,1,0,TRUE
346,QS091A,google/gemma-4-e2b,lean,QS-EA12,quant-scope,1,0,TRUE
346,QS091A,google/gemma-4-e2b,lean,QS-EA12,quant-scope,1,0,TRUE
346,QS091A,google/gemma-4-e2b,lean,QS-EA12,quant-scope,1,0,TRUE
346,QS091A,google/gemma-4-e2b,lean,QS-EA12,quant-scope,1,0,TRUE
347,QS092B,google/gemma-4-e2b,lean,QS-EA12,quant-scope,0,0,FALSE
347,QS092B,google/gemma-4-e2b,lean,QS-EA12,quant-scope,0,0,FALSE
347,QS092B,google/gemma-4-e2b,lean,QS-EA12,quant-scope,0,0,FALSE
347,QS092B,google/gemma-4-e2b,lean,QS-EA12,quant-scope,0,0,FALSE
347,QS092B,google/gemma-4-e2b,lean,QS-EA12,quant-scope,0,0,FALSE
347,QS092B,google/gemma-4-e2b,lean,QS-EA12,quant-scope,0,0,FALSE
348,QS093C,google/gemma-4-e2b,lean,QS-EA12,quant-scope,1,0,TRUE
348,QS093C,google/gemma-4-e2b,lean,QS-EA12,quant-scope,1,0,TRUE
348,QS093C,google/gemma-4-e2b,lean,QS-EA12,quant-scope,1,0,TRUE
348,QS093C,google/gemma-4-e2b,lean,QS-EA12,quant-scope,1,0,TRUE
348,QS093C,google/gemma-4-e2b,lean,QS-EA12,quant-scope,1,0,TRUE
348,QS093C,google/gemma-4-e2b,lean,QS-EA12,quant-scope,1,0,TRUE
349,QS094A,google/gemma-4-e2b,lean,QS-EA13,quant-scope,1,0,TRUE
349,QS094A,google/gemma-4-e2b,lean,QS-EA13,quant-scope,1,0,TRUE
349,QS094A,google/gemma-4-e2b,lean,QS-EA13,quant-scope,1,0,TRUE
349,QS094A,google/gemma-4-e2b,lean,QS-EA13,quant-scope,1,0,TRUE
349,QS094A,google/gemma-4-e2b,lean,QS-EA13,quant-scope,1,0,TRUE
349,QS094A,google/gemma-4-e2b,lean,QS-EA13,quant-scope,1,0,TRUE
350,QS095B,google/gemma-4-e2b,lean,QS-EA13,quant-scope,1,0,FALSE
350,QS095B,google/gemma-4-e2b,lean,QS-EA13,quant-scope,1,0,FALSE
350,QS095B,google/gemma-4-e2b,lean,QS-EA13,quant-scope,1,0,FALSE
350,QS095B,google/gemma-4-e2b,lean,QS-EA13,quant-scope,1,0,FALSE
350,QS095B,google/gemma-4-e2b,lean,QS-EA13,quant-scope,1,0,FALSE
350,QS095B,google/gemma-4-e2b,lean,QS-EA13,quant-scope,1,0,FALSE
351,QS096C,google/gemma-4-e2b,lean,QS-EA13,quant-scope,1,0,TRUE
351,QS096C,google/gemma-4-e2b,lean,QS-EA13,quant-scope,1,0,TRUE
351,QS096C,google/gemma-4-e2b,lean,QS-EA13,quant-scope,1,0,TRUE
351,QS096C,google/gemma-4-e2b,lean,QS-EA13,quant-scope,1,0,TRUE
351,QS096C,google/gemma-4-e2b,lean,QS-EA13,quant-scope,1,0,TRUE
351,QS096C,google/gemma-4-e2b,lean,QS-EA13,quant-scope,1,0,TRUE
352,QS097A,google/gemma-4-e2b,lean,QS-EA14,quant-scope,0,0,TRUE
352,QS097A,google/gemma-4-e2b,lean,QS-EA14,quant-scope,0,0,TRUE
352,QS097A,google/gemma-4-e2b,lean,QS-EA14,quant-scope,0,0,TRUE
352,QS097A,google/gemma-4-e2b,lean,QS-EA14,quant-scope,0,0,TRUE
352,QS097A,google/gemma-4-e2b,lean,QS-EA14,quant-scope,0,0,TRUE
352,QS097A,google/gemma-4-e2b,lean,QS-EA14,quant-scope,0,0,TRUE
353,QS098B,google/gemma-4-e2b,lean,QS-EA14,quant-scope,0,0,FALSE
353,QS098B,google/gemma-4-e2b,lean,QS-EA14,quant-scope,0,0,FALSE
353,QS098B,google/gemma-4-e2b,lean,QS-EA14,quant-scope,0,0,FALSE
353,QS098B,google/gemma-4-e2b,lean,QS-EA14,quant-scope,0,0,FALSE
353,QS098B,google/gemma-4-e2b,lean,QS-EA14,quant-scope,0,0,FALSE
353,QS098B,google/gemma-4-e2b,lean,QS-EA14,quant-scope,0,0,FALSE
354,QS099C,google/gemma-4-e2b,lean,QS-EA14,quant-scope,1,0,TRUE
354,QS099C,google/gemma-4-e2b,lean,QS-EA14,quant-scope,1,0,TRUE
354,QS099C,google/gemma-4-e2b,lean,QS-EA14,quant-scope,1,0,TRUE
354,QS099C,google/gemma-4-e2b,lean,QS-EA14,quant-scope,1,0,TRUE
354,QS099C,google/gemma-4-e2b,lean,QS-EA14,quant-scope,1,0,TRUE
354,QS099C,google/gemma-4-e2b,lean,QS-EA14,quant-scope,1,0,TRUE
355,QS100A,google/gemma-4-e2b,lean,QS-EA15,quant-scope,1,0,TRUE
355,QS100A,google/gemma-4-e2b,lean,QS-EA15,quant-scope,1,0,TRUE
355,QS100A,google/gemma-4-e2b,lean,QS-EA15,quant-scope,1,0,TRUE
355,QS100A,google/gemma-4-e2b,lean,QS-EA15,quant-scope,1,0,TRUE
355,QS100A,google/gemma-4-e2b,lean,QS-EA15,quant-scope,1,0,TRUE
355,QS100A,google/gemma-4-e2b,lean,QS-EA15,quant-scope,1,0,TRUE
356,QS101B,google/gemma-4-e2b,lean,QS-EA15,quant-scope,0,0,FALSE
356,QS101B,google/gemma-4-e2b,lean,QS-EA15,quant-scope,1,0,FALSE
356,QS101B,google/gemma-4-e2b,lean,QS-EA15,quant-scope,1,0,FALSE
356,QS101B,google/gemma-4-e2b,lean,QS-EA15,quant-scope,1,0,FALSE
356,QS101B,google/gemma-4-e2b,lean,QS-EA15,quant-scope,1,0,FALSE
356,QS101B,google/gemma-4-e2b,lean,QS-EA15,quant-scope,1,0,FALSE
357,QS102C,google/gemma-4-e2b,lean,QS-EA15,quant-scope,1,0,TRUE
357,QS102C,google/gemma-4-e2b,lean,QS-EA15,quant-scope,1,0,TRUE
357,QS102C,google/gemma-4-e2b,lean,QS-EA15,quant-scope,1,0,TRUE
357,QS102C,google/gemma-4-e2b,lean,QS-EA15,quant-scope,1,0,TRUE
357,QS102C,google/gemma-4-e2b,lean,QS-EA15,quant-scope,1,0,TRUE
357,QS102C,google/gemma-4-e2b,lean,QS-EA15,quant-scope,1,0,TRUE
358,QS103A,google/gemma-4-e2b,lean,QS-EA16,quant-scope,1,0,TRUE
358,QS103A,google/gemma-4-e2b,lean,QS-EA16,quant-scope,1,0,TRUE
358,QS103A,google/gemma-4-e2b,lean,QS-EA16,quant-scope,1,0,TRUE
358,QS103A,google/gemma-4-e2b,lean,QS-EA16,quant-scope,1,0,TRUE
358,QS103A,google/gemma-4-e2b,lean,QS-EA16,quant-scope,1,0,TRUE
358,QS103A,google/gemma-4-e2b,lean,QS-EA16,quant-scope,1,0,TRUE
359,QS104B,google/gemma-4-e2b,lean,QS-EA16,quant-scope,0,0,FALSE
359,QS104B,google/gemma-4-e2b,lean,QS-EA16,quant-scope,0,0,FALSE
359,QS104B,google/gemma-4-e2b,lean,QS-EA16,quant-scope,0,0,FALSE
359,QS104B,google/gemma-4-e2b,lean,QS-EA16,quant-scope,0,0,FALSE
359,QS104B,google/gemma-4-e2b,lean,QS-EA16,quant-scope,0,0,FALSE
359,QS104B,google/gemma-4-e2b,lean,QS-EA16,quant-scope,0,0,FALSE
360,QS105C,google/gemma-4-e2b,lean,QS-EA16,quant-scope,1,0,TRUE
360,QS105C,google/gemma-4-e2b,lean,QS-EA16,quant-scope,1,0,TRUE
360,QS105C,google/gemma-4-e2b,lean,QS-EA16,quant-scope,1,0,TRUE
360,QS105C,google/gemma-4-e2b,lean,QS-EA16,quant-scope,1,0,TRUE
360,QS105C,google/gemma-4-e2b,lean,QS-EA16,quant-scope,1,0,TRUE
360,QS105C,google/gemma-4-e2b,lean,QS-EA16,quant-scope,1,0,TRUE
361,QS106A,google/gemma-4-e2b,lean,QS-EA17,quant-scope,1,0,TRUE
361,QS106A,google/gemma-4-e2b,lean,QS-EA17,quant-scope,1,0,TRUE
361,QS106A,google/gemma-4-e2b,lean,QS-EA17,quant-scope,1,0,TRUE
361,QS106A,google/gemma-4-e2b,lean,QS-EA17,quant-scope,1,0,TRUE
361,QS106A,google/gemma-4-e2b,lean,QS-EA17,quant-scope,1,0,TRUE
361,QS106A,google/gemma-4-e2b,lean,QS-EA17,quant-scope,1,0,TRUE
362,QS107B,google/gemma-4-e2b,lean,QS-EA17,quant-scope,0,0,FALSE
362,QS107B,google/gemma-4-e2b,lean,QS-EA17,quant-scope,0,0,FALSE
362,QS107B,google/gemma-4-e2b,lean,QS-EA17,quant-scope,0,0,FALSE
362,QS107B,google/gemma-4-e2b,lean,QS-EA17,quant-scope,0,0,FALSE
362,QS107B,google/gemma-4-e2b,lean,QS-EA17,quant-scope,0,0,FALSE
362,QS107B,google/gemma-4-e2b,lean,QS-EA17,quant-scope,0,0,FALSE
363,QS108C,google/gemma-4-e2b,lean,QS-EA17,quant-scope,1,0,TRUE
363,QS108C,google/gemma-4-e2b,lean,QS-EA17,quant-scope,1,0,TRUE
363,QS108C,google/gemma-4-e2b,lean,QS-EA17,quant-scope,1,0,TRUE
363,QS108C,google/gemma-4-e2b,lean,QS-EA17,quant-scope,1,0,TRUE
363,QS108C,google/gemma-4-e2b,lean,QS-EA17,quant-scope,1,0,TRUE
363,QS108C,google/gemma-4-e2b,lean,QS-EA17,quant-scope,1,0,TRUE
364,QS109A,google/gemma-4-e2b,lean,QS-EA18,quant-scope,1,0,TRUE
364,QS109A,google/gemma-4-e2b,lean,QS-EA18,quant-scope,1,0,TRUE
364,QS109A,google/gemma-4-e2b,lean,QS-EA18,quant-scope,1,0,TRUE
364,QS109A,google/gemma-4-e2b,lean,QS-EA18,quant-scope,1,0,TRUE
364,QS109A,google/gemma-4-e2b,lean,QS-EA18,quant-scope,1,0,TRUE
364,QS109A,google/gemma-4-e2b,lean,QS-EA18,quant-scope,1,0,TRUE
365,QS110B,google/gemma-4-e2b,lean,QS-EA18,quant-scope,1,0,FALSE
365,QS110B,google/gemma-4-e2b,lean,QS-EA18,quant-scope,1,0,FALSE
365,QS110B,google/gemma-4-e2b,lean,QS-EA18,quant-scope,1,0,FALSE
365,QS110B,google/gemma-4-e2b,lean,QS-EA18,quant-scope,1,0,FALSE
365,QS110B,google/gemma-4-e2b,lean,QS-EA18,quant-scope,1,0,FALSE
365,QS110B,google/gemma-4-e2b,lean,QS-EA18,quant-scope,1,0,FALSE
366,QS111C,google/gemma-4-e2b,lean,QS-EA18,quant-scope,1,0,TRUE
366,QS111C,google/gemma-4-e2b,lean,QS-EA18,quant-scope,1,0,TRUE
366,QS111C,google/gemma-4-e2b,lean,QS-EA18,quant-scope,1,0,TRUE
366,QS111C,google/gemma-4-e2b,lean,QS-EA18,quant-scope,1,0,TRUE
366,QS111C,google/gemma-4-e2b,lean,QS-EA18,quant-scope,1,0,TRUE
366,QS111C,google/gemma-4-e2b,lean,QS-EA18,quant-scope,1,0,TRUE
367,QS112A,google/gemma-4-e2b,lean,QS-EA19,quant-scope,0,0,TRUE
367,QS112A,google/gemma-4-e2b,lean,QS-EA19,quant-scope,0,0,TRUE
367,QS112A,google/gemma-4-e2b,lean,QS-EA19,quant-scope,0,0,TRUE
367,QS112A,google/gemma-4-e2b,lean,QS-EA19,quant-scope,0,0,TRUE
367,QS112A,google/gemma-4-e2b,lean,QS-EA19,quant-scope,0,0,TRUE
367,QS112A,google/gemma-4-e2b,lean,QS-EA19,quant-scope,0,0,TRUE
368,QS113B,google/gemma-4-e2b,lean,QS-EA19,quant-scope,1,0,FALSE
368,QS113B,google/gemma-4-e2b,lean,QS-EA19,quant-scope,1,0,FALSE
368,QS113B,google/gemma-4-e2b,lean,QS-EA19,quant-scope,1,0,FALSE
368,QS113B,google/gemma-4-e2b,lean,QS-EA19,quant-scope,1,0,FALSE
368,QS113B,google/gemma-4-e2b,lean,QS-EA19,quant-scope,1,0,FALSE
368,QS113B,google/gemma-4-e2b,lean,QS-EA19,quant-scope,1,0,FALSE
369,QS114C,google/gemma-4-e2b,lean,QS-EA19,quant-scope,0,0,TRUE
369,QS114C,google/gemma-4-e2b,lean,QS-EA19,quant-scope,0,0,TRUE
369,QS114C,google/gemma-4-e2b,lean,QS-EA19,quant-scope,0,0,TRUE
369,QS114C,google/gemma-4-e2b,lean,QS-EA19,quant-scope,0,0,TRUE
369,QS114C,google/gemma-4-e2b,lean,QS-EA19,quant-scope,0,0,TRUE
369,QS114C,google/gemma-4-e2b,lean,QS-EA19,quant-scope,0,0,TRUE
370,QS115A,google/gemma-4-e2b,lean,QS-EA20,quant-scope,1,0,TRUE
370,QS115A,google/gemma-4-e2b,lean,QS-EA20,quant-scope,1,0,TRUE
370,QS115A,google/gemma-4-e2b,lean,QS-EA20,quant-scope,1,0,TRUE
370,QS115A,google/gemma-4-e2b,lean,QS-EA20,quant-scope,1,0,TRUE
370,QS115A,google/gemma-4-e2b,lean,QS-EA20,quant-scope,1,0,TRUE
370,QS115A,google/gemma-4-e2b,lean,QS-EA20,quant-scope,1,0,TRUE
371,QS116B,google/gemma-4-e2b,lean,QS-EA20,quant-scope,0,0,FALSE
371,QS116B,google/gemma-4-e2b,lean,QS-EA20,quant-scope,1,0,FALSE
371,QS116B,google/gemma-4-e2b,lean,QS-EA20,quant-scope,1,0,FALSE
371,QS116B,google/gemma-4-e2b,lean,QS-EA20,quant-scope,1,0,FALSE
371,QS116B,google/gemma-4-e2b,lean,QS-EA20,quant-scope,1,0,FALSE
371,QS116B,google/gemma-4-e2b,lean,QS-EA20,quant-scope,1,0,FALSE
372,QS117C,google/gemma-4-e2b,lean,QS-EA20,quant-scope,1,0,TRUE
372,QS117C,google/gemma-4-e2b,lean,QS-EA20,quant-scope,1,0,TRUE
372,QS117C,google/gemma-4-e2b,lean,QS-EA20,quant-scope,1,0,TRUE
372,QS117C,google/gemma-4-e2b,lean,QS-EA20,quant-scope,1,0,TRUE
372,QS117C,google/gemma-4-e2b,lean,QS-EA20,quant-scope,1,0,TRUE
372,QS117C,google/gemma-4-e2b,lean,QS-EA20,quant-scope,1,0,TRUE
373,QS118A,google/gemma-4-e2b,lean,QS-NEG01,quant-scope,0,0,FALSE
373,QS118A,google/gemma-4-e2b,lean,QS-NEG01,quant-scope,0,0,FALSE
373,QS118A,google/gemma-4-e2b,lean,QS-NEG01,quant-scope,0,0,FALSE
373,QS118A,google/gemma-4-e2b,lean,QS-NEG01,quant-scope,0,0,FALSE
373,QS118A,google/gemma-4-e2b,lean,QS-NEG01,quant-scope,0,0,FALSE
373,QS118A,google/gemma-4-e2b,lean,QS-NEG01,quant-scope,0,0,FALSE
374,QS119B,google/gemma-4-e2b,lean,QS-NEG01,quant-scope,1,0,FALSE
374,QS119B,google/gemma-4-e2b,lean,QS-NEG01,quant-scope,1,0,FALSE
374,QS119B,google/gemma-4-e2b,lean,QS-NEG01,quant-scope,1,0,FALSE
374,QS119B,google/gemma-4-e2b,lean,QS-NEG01,quant-scope,1,0,FALSE
374,QS119B,google/gemma-4-e2b,lean,QS-NEG01,quant-scope,1,0,FALSE
374,QS119B,google/gemma-4-e2b,lean,QS-NEG01,quant-scope,1,0,FALSE
375,QS120A,google/gemma-4-e2b,lean,QS-NEG02,quant-scope,0,0,FALSE
375,QS120A,google/gemma-4-e2b,lean,QS-NEG02,quant-scope,0,0,FALSE
375,QS120A,google/gemma-4-e2b,lean,QS-NEG02,quant-scope,0,0,FALSE
375,QS120A,google/gemma-4-e2b,lean,QS-NEG02,quant-scope,0,0,FALSE
375,QS120A,google/gemma-4-e2b,lean,QS-NEG02,quant-scope,0,0,FALSE
375,QS120A,google/gemma-4-e2b,lean,QS-NEG02,quant-scope,0,0,FALSE
376,QS121B,google/gemma-4-e2b,lean,QS-NEG02,quant-scope,1,0,FALSE
376,QS121B,google/gemma-4-e2b,lean,QS-NEG02,quant-scope,1,0,FALSE
376,QS121B,google/gemma-4-e2b,lean,QS-NEG02,quant-scope,1,0,FALSE
376,QS121B,google/gemma-4-e2b,lean,QS-NEG02,quant-scope,1,0,FALSE
376,QS121B,google/gemma-4-e2b,lean,QS-NEG02,quant-scope,1,0,FALSE
376,QS121B,google/gemma-4-e2b,lean,QS-NEG02,quant-scope,1,0,FALSE
377,QS122A,google/gemma-4-e2b,lean,QS-NEG03,quant-scope,0,0,FALSE
377,QS122A,google/gemma-4-e2b,lean,QS-NEG03,quant-scope,0,0,FALSE
377,QS122A,google/gemma-4-e2b,lean,QS-NEG03,quant-scope,0,0,FALSE
377,QS122A,google/gemma-4-e2b,lean,QS-NEG03,quant-scope,0,0,FALSE
377,QS122A,google/gemma-4-e2b,lean,QS-NEG03,quant-scope,0,0,FALSE
377,QS122A,google/gemma-4-e2b,lean,QS-NEG03,quant-scope,0,0,FALSE
378,QS123B,google/gemma-4-e2b,lean,QS-NEG03,quant-scope,1,0,FALSE
378,QS123B,google/gemma-4-e2b,lean,QS-NEG03,quant-scope,1,0,FALSE
378,QS123B,google/gemma-4-e2b,lean,QS-NEG03,quant-scope,1,0,FALSE
378,QS123B,google/gemma-4-e2b,lean,QS-NEG03,quant-scope,1,0,FALSE
378,QS123B,google/gemma-4-e2b,lean,QS-NEG03,quant-scope,1,0,FALSE
378,QS123B,google/gemma-4-e2b,lean,QS-NEG03,quant-scope,1,0,FALSE
379,QS124A,google/gemma-4-e2b,lean,QS-NEG04,quant-scope,0,0,FALSE
379,QS124A,google/gemma-4-e2b,lean,QS-NEG04,quant-scope,0,0,FALSE
379,QS124A,google/gemma-4-e2b,lean,QS-NEG04,quant-scope,0,0,FALSE
379,QS124A,google/gemma-4-e2b,lean,QS-NEG04,quant-scope,0,0,FALSE
379,QS124A,google/gemma-4-e2b,lean,QS-NEG04,quant-scope,0,0,FALSE
379,QS124A,google/gemma-4-e2b,lean,QS-NEG04,quant-scope,0,0,FALSE
380,QS125B,google/gemma-4-e2b,lean,QS-NEG04,quant-scope,1,0,FALSE
380,QS125B,google/gemma-4-e2b,lean,QS-NEG04,quant-scope,1,0,FALSE
380,QS125B,google/gemma-4-e2b,lean,QS-NEG04,quant-scope,1,0,FALSE
380,QS125B,google/gemma-4-e2b,lean,QS-NEG04,quant-scope,1,0,FALSE
380,QS125B,google/gemma-4-e2b,lean,QS-NEG04,quant-scope,1,0,FALSE
380,QS125B,google/gemma-4-e2b,lean,QS-NEG04,quant-scope,1,0,FALSE
381,DF001A,google/gemma-4-e2b,lean,DF-01,defeasible,1,0,HOLDS
381,DF001A,google/gemma-4-e2b,lean,DF-01,defeasible,1,0,HOLDS
381,DF001A,google/gemma-4-e2b,lean,DF-01,defeasible,1,0,HOLDS
381,DF001A,google/gemma-4-e2b,lean,DF-01,defeasible,1,0,HOLDS
381,DF001A,google/gemma-4-e2b,lean,DF-01,defeasible,1,0,HOLDS
381,DF001A,google/gemma-4-e2b,lean,DF-01,defeasible,1,0,HOLDS
382,DF001B,google/gemma-4-e2b,lean,DF-01,defeasible,1,0,DEFEATED
382,DF001B,google/gemma-4-e2b,lean,DF-01,defeasible,1,0,DEFEATED
382,DF001B,google/gemma-4-e2b,lean,DF-01,defeasible,1,0,DEFEATED
382,DF001B,google/gemma-4-e2b,lean,DF-01,defeasible,1,0,DEFEATED
382,DF001B,google/gemma-4-e2b,lean,DF-01,defeasible,1,0,DEFEATED
382,DF001B,google/gemma-4-e2b,lean,DF-01,defeasible,1,0,DEFEATED
383,DF001C,google/gemma-4-e2b,lean,DF-01,defeasible,1,0,HOLDS
383,DF001C,google/gemma-4-e2b,lean,DF-01,defeasible,1,0,HOLDS
383,DF001C,google/gemma-4-e2b,lean,DF-01,defeasible,1,0,HOLDS
383,DF001C,google/gemma-4-e2b,lean,DF-01,defeasible,1,0,HOLDS
383,DF001C,google/gemma-4-e2b,lean,DF-01,defeasible,1,0,HOLDS
383,DF001C,google/gemma-4-e2b,lean,DF-01,defeasible,1,0,HOLDS
384,DF002A,google/gemma-4-e2b,lean,DF-02,defeasible,1,0,HOLDS
384,DF002A,google/gemma-4-e2b,lean,DF-02,defeasible,1,0,HOLDS
384,DF002A,google/gemma-4-e2b,lean,DF-02,defeasible,1,0,HOLDS
384,DF002A,google/gemma-4-e2b,lean,DF-02,defeasible,1,0,HOLDS
384,DF002A,google/gemma-4-e2b,lean,DF-02,defeasible,1,0,HOLDS
384,DF002A,google/gemma-4-e2b,lean,DF-02,defeasible,1,0,HOLDS
385,DF002B,google/gemma-4-e2b,lean,DF-02,defeasible,1,0,DEFEATED
385,DF002B,google/gemma-4-e2b,lean,DF-02,defeasible,1,0,DEFEATED
385,DF002B,google/gemma-4-e2b,lean,DF-02,defeasible,1,0,DEFEATED
385,DF002B,google/gemma-4-e2b,lean,DF-02,defeasible,1,0,DEFEATED
385,DF002B,google/gemma-4-e2b,lean,DF-02,defeasible,1,0,DEFEATED
385,DF002B,google/gemma-4-e2b,lean,DF-02,defeasible,1,0,DEFEATED
386,DF002C,google/gemma-4-e2b,lean,DF-02,defeasible,1,0,HOLDS
386,DF002C,google/gemma-4-e2b,lean,DF-02,defeasible,1,0,HOLDS
386,DF002C,google/gemma-4-e2b,lean,DF-02,defeasible,1,0,HOLDS
386,DF002C,google/gemma-4-e2b,lean,DF-02,defeasible,1,0,HOLDS
386,DF002C,google/gemma-4-e2b,lean,DF-02,defeasible,1,0,HOLDS
386,DF002C,google/gemma-4-e2b,lean,DF-02,defeasible,1,0,HOLDS
387,DF003A,google/gemma-4-e2b,lean,DF-03,defeasible,0,0,HOLDS
387,DF003A,google/gemma-4-e2b,lean,DF-03,defeasible,0,0,HOLDS
387,DF003A,google/gemma-4-e2b,lean,DF-03,defeasible,0,0,HOLDS
387,DF003A,google/gemma-4-e2b,lean,DF-03,defeasible,0,0,HOLDS
387,DF003A,google/gemma-4-e2b,lean,DF-03,defeasible,0,0,HOLDS
387,DF003A,google/gemma-4-e2b,lean,DF-03,defeasible,0,0,HOLDS
388,DF003B,google/gemma-4-e2b,lean,DF-03,defeasible,0,0,DEFEATED
388,DF003B,google/gemma-4-e2b,lean,DF-03,defeasible,0,0,DEFEATED
388,DF003B,google/gemma-4-e2b,lean,DF-03,defeasible,0,0,DEFEATED
388,DF003B,google/gemma-4-e2b,lean,DF-03,defeasible,0,0,DEFEATED
388,DF003B,google/gemma-4-e2b,lean,DF-03,defeasible,0,0,DEFEATED
388,DF003B,google/gemma-4-e2b,lean,DF-03,defeasible,0,0,DEFEATED
389,DF003C,google/gemma-4-e2b,lean,DF-03,defeasible,1,0,HOLDS
389,DF003C,google/gemma-4-e2b,lean,DF-03,defeasible,1,0,HOLDS
389,DF003C,google/gemma-4-e2b,lean,DF-03,defeasible,1,0,HOLDS
389,DF003C,google/gemma-4-e2b,lean,DF-03,defeasible,1,0,HOLDS
389,DF003C,google/gemma-4-e2b,lean,DF-03,defeasible,1,0,HOLDS
389,DF003C,google/gemma-4-e2b,lean,DF-03,defeasible,1,0,HOLDS
390,DF004A,google/gemma-4-e2b,lean,DF-04,defeasible,1,0,HOLDS
390,DF004A,google/gemma-4-e2b,lean,DF-04,defeasible,1,0,HOLDS
390,DF004A,google/gemma-4-e2b,lean,DF-04,defeasible,1,0,HOLDS
390,DF004A,google/gemma-4-e2b,lean,DF-04,defeasible,1,0,HOLDS
390,DF004A,google/gemma-4-e2b,lean,DF-04,defeasible,1,0,HOLDS
390,DF004A,google/gemma-4-e2b,lean,DF-04,defeasible,1,0,HOLDS
391,DF004B,google/gemma-4-e2b,lean,DF-04,defeasible,0,0,DEFEATED
391,DF004B,google/gemma-4-e2b,lean,DF-04,defeasible,0,0,DEFEATED
391,DF004B,google/gemma-4-e2b,lean,DF-04,defeasible,0,0,DEFEATED
391,DF004B,google/gemma-4-e2b,lean,DF-04,defeasible,0,0,DEFEATED
391,DF004B,google/gemma-4-e2b,lean,DF-04,defeasible,0,0,DEFEATED
391,DF004B,google/gemma-4-e2b,lean,DF-04,defeasible,0,0,DEFEATED
392,DF004C,google/gemma-4-e2b,lean,DF-04,defeasible,1,0,HOLDS
392,DF004C,google/gemma-4-e2b,lean,DF-04,defeasible,1,0,HOLDS
392,DF004C,google/gemma-4-e2b,lean,DF-04,defeasible,1,0,HOLDS
392,DF004C,google/gemma-4-e2b,lean,DF-04,defeasible,1,0,HOLDS
392,DF004C,google/gemma-4-e2b,lean,DF-04,defeasible,1,0,HOLDS
392,DF004C,google/gemma-4-e2b,lean,DF-04,defeasible,1,0,HOLDS
393,DF005A,google/gemma-4-e2b,lean,DF-05,defeasible,1,0,HOLDS
393,DF005A,google/gemma-4-e2b,lean,DF-05,defeasible,1,0,HOLDS
393,DF005A,google/gemma-4-e2b,lean,DF-05,defeasible,1,0,HOLDS
393,DF005A,google/gemma-4-e2b,lean,DF-05,defeasible,1,0,HOLDS
393,DF005A,google/gemma-4-e2b,lean,DF-05,defeasible,1,0,HOLDS
393,DF005A,google/gemma-4-e2b,lean,DF-05,defeasible,1,0,HOLDS
394,DF005B,google/gemma-4-e2b,lean,DF-05,defeasible,1,0,DEFEATED
394,DF005B,google/gemma-4-e2b,lean,DF-05,defeasible,1,0,DEFEATED
394,DF005B,google/gemma-4-e2b,lean,DF-05,defeasible,1,0,DEFEATED
394,DF005B,google/gemma-4-e2b,lean,DF-05,defeasible,1,0,DEFEATED
394,DF005B,google/gemma-4-e2b,lean,DF-05,defeasible,1,0,DEFEATED
394,DF005B,google/gemma-4-e2b,lean,DF-05,defeasible,1,0,DEFEATED
395,DF005C,google/gemma-4-e2b,lean,DF-05,defeasible,1,0,HOLDS
395,DF005C,google/gemma-4-e2b,lean,DF-05,defeasible,1,0,HOLDS
395,DF005C,google/gemma-4-e2b,lean,DF-05,defeasible,1,0,HOLDS
395,DF005C,google/gemma-4-e2b,lean,DF-05,defeasible,1,0,HOLDS
395,DF005C,google/gemma-4-e2b,lean,DF-05,defeasible,1,0,HOLDS
395,DF005C,google/gemma-4-e2b,lean,DF-05,defeasible,1,0,HOLDS
396,DF006A,google/gemma-4-e2b,lean,DF-06,defeasible,1,0,HOLDS
396,DF006A,google/gemma-4-e2b,lean,DF-06,defeasible,1,0,HOLDS
396,DF006A,google/gemma-4-e2b,lean,DF-06,defeasible,1,0,HOLDS
396,DF006A,google/gemma-4-e2b,lean,DF-06,defeasible,1,0,HOLDS
396,DF006A,google/gemma-4-e2b,lean,DF-06,defeasible,1,0,HOLDS
396,DF006A,google/gemma-4-e2b,lean,DF-06,defeasible,1,0,HOLDS
397,DF006B,google/gemma-4-e2b,lean,DF-06,defeasible,0,0,DEFEATED
397,DF006B,google/gemma-4-e2b,lean,DF-06,defeasible,0,0,DEFEATED
397,DF006B,google/gemma-4-e2b,lean,DF-06,defeasible,0,0,DEFEATED
397,DF006B,google/gemma-4-e2b,lean,DF-06,defeasible,0,0,DEFEATED
397,DF006B,google/gemma-4-e2b,lean,DF-06,defeasible,0,0,DEFEATED
397,DF006B,google/gemma-4-e2b,lean,DF-06,defeasible,0,0,DEFEATED
398,DF006C,google/gemma-4-e2b,lean,DF-06,defeasible,1,0,HOLDS
398,DF006C,google/gemma-4-e2b,lean,DF-06,defeasible,1,0,HOLDS
398,DF006C,google/gemma-4-e2b,lean,DF-06,defeasible,1,0,HOLDS
398,DF006C,google/gemma-4-e2b,lean,DF-06,defeasible,1,0,HOLDS
398,DF006C,google/gemma-4-e2b,lean,DF-06,defeasible,1,0,HOLDS
398,DF006C,google/gemma-4-e2b,lean,DF-06,defeasible,1,0,HOLDS
399,DF007A,google/gemma-4-e2b,lean,DF-07,defeasible,1,0,HOLDS
399,DF007A,google/gemma-4-e2b,lean,DF-07,defeasible,1,0,HOLDS
399,DF007A,google/gemma-4-e2b,lean,DF-07,defeasible,1,0,HOLDS
399,DF007A,google/gemma-4-e2b,lean,DF-07,defeasible,1,0,HOLDS
399,DF007A,google/gemma-4-e2b,lean,DF-07,defeasible,1,0,HOLDS
399,DF007A,google/gemma-4-e2b,lean,DF-07,defeasible,1,0,HOLDS
400,DF007B,google/gemma-4-e2b,lean,DF-07,defeasible,1,0,DEFEATED
400,DF007B,google/gemma-4-e2b,lean,DF-07,defeasible,1,0,DEFEATED
400,DF007B,google/gemma-4-e2b,lean,DF-07,defeasible,1,0,DEFEATED
400,DF007B,google/gemma-4-e2b,lean,DF-07,defeasible,1,0,DEFEATED
400,DF007B,google/gemma-4-e2b,lean,DF-07,defeasible,1,0,DEFEATED
400,DF007B,google/gemma-4-e2b,lean,DF-07,defeasible,1,0,DEFEATED
401,DF007C,google/gemma-4-e2b,lean,DF-07,defeasible,1,0,HOLDS
401,DF007C,google/gemma-4-e2b,lean,DF-07,defeasible,1,0,HOLDS
401,DF007C,google/gemma-4-e2b,lean,DF-07,defeasible,1,0,HOLDS
401,DF007C,google/gemma-4-e2b,lean,DF-07,defeasible,1,0,HOLDS
401,DF007C,google/gemma-4-e2b,lean,DF-07,defeasible,1,0,HOLDS
401,DF007C,google/gemma-4-e2b,lean,DF-07,defeasible,1,0,HOLDS
402,DF008A,google/gemma-4-e2b,lean,DF-08,defeasible,1,0,HOLDS
402,DF008A,google/gemma-4-e2b,lean,DF-08,defeasible,1,0,HOLDS
402,DF008A,google/gemma-4-e2b,lean,DF-08,defeasible,1,0,HOLDS
402,DF008A,google/gemma-4-e2b,lean,DF-08,defeasible,1,0,HOLDS
402,DF008A,google/gemma-4-e2b,lean,DF-08,defeasible,1,0,HOLDS
402,DF008A,google/gemma-4-e2b,lean,DF-08,defeasible,1,0,HOLDS
403,DF008B,google/gemma-4-e2b,lean,DF-08,defeasible,1,0,DEFEATED
403,DF008B,google/gemma-4-e2b,lean,DF-08,defeasible,1,0,DEFEATED
403,DF008B,google/gemma-4-e2b,lean,DF-08,defeasible,1,0,DEFEATED
403,DF008B,google/gemma-4-e2b,lean,DF-08,defeasible,1,0,DEFEATED
403,DF008B,google/gemma-4-e2b,lean,DF-08,defeasible,1,0,DEFEATED
403,DF008B,google/gemma-4-e2b,lean,DF-08,defeasible,1,0,DEFEATED
404,DF008C,google/gemma-4-e2b,lean,DF-08,defeasible,1,0,HOLDS
404,DF008C,google/gemma-4-e2b,lean,DF-08,defeasible,1,0,HOLDS
404,DF008C,google/gemma-4-e2b,lean,DF-08,defeasible,1,0,HOLDS
404,DF008C,google/gemma-4-e2b,lean,DF-08,defeasible,1,0,HOLDS
404,DF008C,google/gemma-4-e2b,lean,DF-08,defeasible,1,0,HOLDS
404,DF008C,google/gemma-4-e2b,lean,DF-08,defeasible,1,0,HOLDS
405,DF009A,google/gemma-4-e2b,lean,DF-09,defeasible,0,0,HOLDS
405,DF009A,google/gemma-4-e2b,lean,DF-09,defeasible,0,0,HOLDS
405,DF009A,google/gemma-4-e2b,lean,DF-09,defeasible,0,0,HOLDS
405,DF009A,google/gemma-4-e2b,lean,DF-09,defeasible,0,0,HOLDS
405,DF009A,google/gemma-4-e2b,lean,DF-09,defeasible,0,0,HOLDS
405,DF009A,google/gemma-4-e2b,lean,DF-09,defeasible,0,0,HOLDS
406,DF009B,google/gemma-4-e2b,lean,DF-09,defeasible,1,0,DEFEATED
406,DF009B,google/gemma-4-e2b,lean,DF-09,defeasible,1,0,DEFEATED
406,DF009B,google/gemma-4-e2b,lean,DF-09,defeasible,1,0,DEFEATED
406,DF009B,google/gemma-4-e2b,lean,DF-09,defeasible,1,0,DEFEATED
406,DF009B,google/gemma-4-e2b,lean,DF-09,defeasible,1,0,DEFEATED
406,DF009B,google/gemma-4-e2b,lean,DF-09,defeasible,1,0,DEFEATED
407,DF009C,google/gemma-4-e2b,lean,DF-09,defeasible,1,0,HOLDS
407,DF009C,google/gemma-4-e2b,lean,DF-09,defeasible,1,0,HOLDS
407,DF009C,google/gemma-4-e2b,lean,DF-09,defeasible,1,0,HOLDS
407,DF009C,google/gemma-4-e2b,lean,DF-09,defeasible,1,0,HOLDS
407,DF009C,google/gemma-4-e2b,lean,DF-09,defeasible,1,0,HOLDS
407,DF009C,google/gemma-4-e2b,lean,DF-09,defeasible,1,0,HOLDS
408,DF010A,google/gemma-4-e2b,lean,DF-10,defeasible,1,0,HOLDS
408,DF010A,google/gemma-4-e2b,lean,DF-10,defeasible,1,0,HOLDS
408,DF010A,google/gemma-4-e2b,lean,DF-10,defeasible,1,0,HOLDS
408,DF010A,google/gemma-4-e2b,lean,DF-10,defeasible,1,0,HOLDS
408,DF010A,google/gemma-4-e2b,lean,DF-10,defeasible,1,0,HOLDS
408,DF010A,google/gemma-4-e2b,lean,DF-10,defeasible,1,0,HOLDS
409,DF010B,google/gemma-4-e2b,lean,DF-10,defeasible,1,0,DEFEATED
409,DF010B,google/gemma-4-e2b,lean,DF-10,defeasible,1,0,DEFEATED
409,DF010B,google/gemma-4-e2b,lean,DF-10,defeasible,1,0,DEFEATED
409,DF010B,google/gemma-4-e2b,lean,DF-10,defeasible,1,0,DEFEATED
409,DF010B,google/gemma-4-e2b,lean,DF-10,defeasible,1,0,DEFEATED
409,DF010B,google/gemma-4-e2b,lean,DF-10,defeasible,1,0,DEFEATED
410,DF010C,google/gemma-4-e2b,lean,DF-10,defeasible,1,0,HOLDS
410,DF010C,google/gemma-4-e2b,lean,DF-10,defeasible,1,0,HOLDS
410,DF010C,google/gemma-4-e2b,lean,DF-10,defeasible,1,0,HOLDS
410,DF010C,google/gemma-4-e2b,lean,DF-10,defeasible,1,0,HOLDS
410,DF010C,google/gemma-4-e2b,lean,DF-10,defeasible,1,0,HOLDS
410,DF010C,google/gemma-4-e2b,lean,DF-10,defeasible,1,0,HOLDS
411,DF011A,google/gemma-4-e2b,lean,DF-11,defeasible,0,0,HOLDS
411,DF011A,google/gemma-4-e2b,lean,DF-11,defeasible,0,0,HOLDS
411,DF011A,google/gemma-4-e2b,lean,DF-11,defeasible,0,0,HOLDS
411,DF011A,google/gemma-4-e2b,lean,DF-11,defeasible,0,0,HOLDS
411,DF011A,google/gemma-4-e2b,lean,DF-11,defeasible,0,0,HOLDS
411,DF011A,google/gemma-4-e2b,lean,DF-11,defeasible,0,0,HOLDS
412,DF011B,google/gemma-4-e2b,lean,DF-11,defeasible,1,0,DEFEATED
412,DF011B,google/gemma-4-e2b,lean,DF-11,defeasible,1,0,DEFEATED
412,DF011B,google/gemma-4-e2b,lean,DF-11,defeasible,1,0,DEFEATED
412,DF011B,google/gemma-4-e2b,lean,DF-11,defeasible,1,0,DEFEATED
412,DF011B,google/gemma-4-e2b,lean,DF-11,defeasible,1,0,DEFEATED
412,DF011B,google/gemma-4-e2b,lean,DF-11,defeasible,1,0,DEFEATED
413,DF011C,google/gemma-4-e2b,lean,DF-11,defeasible,1,0,HOLDS
413,DF011C,google/gemma-4-e2b,lean,DF-11,defeasible,1,0,HOLDS
413,DF011C,google/gemma-4-e2b,lean,DF-11,defeasible,1,0,HOLDS
413,DF011C,google/gemma-4-e2b,lean,DF-11,defeasible,1,0,HOLDS
413,DF011C,google/gemma-4-e2b,lean,DF-11,defeasible,1,0,HOLDS
413,DF011C,google/gemma-4-e2b,lean,DF-11,defeasible,1,0,HOLDS
414,DF012A,google/gemma-4-e2b,lean,DF-12,defeasible,1,0,HOLDS
414,DF012A,google/gemma-4-e2b,lean,DF-12,defeasible,1,0,HOLDS
414,DF012A,google/gemma-4-e2b,lean,DF-12,defeasible,1,0,HOLDS
414,DF012A,google/gemma-4-e2b,lean,DF-12,defeasible,1,0,HOLDS
414,DF012A,google/gemma-4-e2b,lean,DF-12,defeasible,1,0,HOLDS
414,DF012A,google/gemma-4-e2b,lean,DF-12,defeasible,1,0,HOLDS
415,DF012B,google/gemma-4-e2b,lean,DF-12,defeasible,1,0,DEFEATED
415,DF012B,google/gemma-4-e2b,lean,DF-12,defeasible,1,0,DEFEATED
415,DF012B,google/gemma-4-e2b,lean,DF-12,defeasible,1,0,DEFEATED
415,DF012B,google/gemma-4-e2b,lean,DF-12,defeasible,1,0,DEFEATED
415,DF012B,google/gemma-4-e2b,lean,DF-12,defeasible,1,0,DEFEATED
415,DF012B,google/gemma-4-e2b,lean,DF-12,defeasible,1,0,DEFEATED
416,DF012C,google/gemma-4-e2b,lean,DF-12,defeasible,1,0,HOLDS
416,DF012C,google/gemma-4-e2b,lean,DF-12,defeasible,1,0,HOLDS
416,DF012C,google/gemma-4-e2b,lean,DF-12,defeasible,1,0,HOLDS
416,DF012C,google/gemma-4-e2b,lean,DF-12,defeasible,1,0,HOLDS
416,DF012C,google/gemma-4-e2b,lean,DF-12,defeasible,1,0,HOLDS
416,DF012C,google/gemma-4-e2b,lean,DF-12,defeasible,1,0,HOLDS
417,DF013A,google/gemma-4-e2b,lean,DF-13,defeasible,1,0,HOLDS
417,DF013A,google/gemma-4-e2b,lean,DF-13,defeasible,1,0,HOLDS
417,DF013A,google/gemma-4-e2b,lean,DF-13,defeasible,1,0,HOLDS
417,DF013A,google/gemma-4-e2b,lean,DF-13,defeasible,1,0,HOLDS
417,DF013A,google/gemma-4-e2b,lean,DF-13,defeasible,1,0,HOLDS
417,DF013A,google/gemma-4-e2b,lean,DF-13,defeasible,1,0,HOLDS
418,DF013B,google/gemma-4-e2b,lean,DF-13,defeasible,0,0,DEFEATED
418,DF013B,google/gemma-4-e2b,lean,DF-13,defeasible,0,0,DEFEATED
418,DF013B,google/gemma-4-e2b,lean,DF-13,defeasible,0,0,DEFEATED
418,DF013B,google/gemma-4-e2b,lean,DF-13,defeasible,0,0,DEFEATED
418,DF013B,google/gemma-4-e2b,lean,DF-13,defeasible,0,0,DEFEATED
418,DF013B,google/gemma-4-e2b,lean,DF-13,defeasible,0,0,DEFEATED
419,DF013C,google/gemma-4-e2b,lean,DF-13,defeasible,1,0,HOLDS
419,DF013C,google/gemma-4-e2b,lean,DF-13,defeasible,1,0,HOLDS
419,DF013C,google/gemma-4-e2b,lean,DF-13,defeasible,1,0,HOLDS
419,DF013C,google/gemma-4-e2b,lean,DF-13,defeasible,1,0,HOLDS
419,DF013C,google/gemma-4-e2b,lean,DF-13,defeasible,1,0,HOLDS
419,DF013C,google/gemma-4-e2b,lean,DF-13,defeasible,1,0,HOLDS
420,DF014A,google/gemma-4-e2b,lean,DF-14,defeasible,1,0,HOLDS
420,DF014A,google/gemma-4-e2b,lean,DF-14,defeasible,1,0,HOLDS
420,DF014A,google/gemma-4-e2b,lean,DF-14,defeasible,1,0,HOLDS
420,DF014A,google/gemma-4-e2b,lean,DF-14,defeasible,1,0,HOLDS
420,DF014A,google/gemma-4-e2b,lean,DF-14,defeasible,1,0,HOLDS
420,DF014A,google/gemma-4-e2b,lean,DF-14,defeasible,1,0,HOLDS
421,DF014B,google/gemma-4-e2b,lean,DF-14,defeasible,1,0,DEFEATED
421,DF014B,google/gemma-4-e2b,lean,DF-14,defeasible,1,0,DEFEATED
421,DF014B,google/gemma-4-e2b,lean,DF-14,defeasible,1,0,DEFEATED
421,DF014B,google/gemma-4-e2b,lean,DF-14,defeasible,1,0,DEFEATED
421,DF014B,google/gemma-4-e2b,lean,DF-14,defeasible,1,0,DEFEATED
421,DF014B,google/gemma-4-e2b,lean,DF-14,defeasible,1,0,DEFEATED
422,DF014C,google/gemma-4-e2b,lean,DF-14,defeasible,1,0,HOLDS
422,DF014C,google/gemma-4-e2b,lean,DF-14,defeasible,1,0,HOLDS
422,DF014C,google/gemma-4-e2b,lean,DF-14,defeasible,1,0,HOLDS
422,DF014C,google/gemma-4-e2b,lean,DF-14,defeasible,1,0,HOLDS
422,DF014C,google/gemma-4-e2b,lean,DF-14,defeasible,1,0,HOLDS
422,DF014C,google/gemma-4-e2b,lean,DF-14,defeasible,1,0,HOLDS
423,DF015A,google/gemma-4-e2b,lean,DF-15,defeasible,1,0,HOLDS
423,DF015A,google/gemma-4-e2b,lean,DF-15,defeasible,1,0,HOLDS
423,DF015A,google/gemma-4-e2b,lean,DF-15,defeasible,1,0,HOLDS
423,DF015A,google/gemma-4-e2b,lean,DF-15,defeasible,1,0,HOLDS
423,DF015A,google/gemma-4-e2b,lean,DF-15,defeasible,1,0,HOLDS
423,DF015A,google/gemma-4-e2b,lean,DF-15,defeasible,1,0,HOLDS
424,DF015B,google/gemma-4-e2b,lean,DF-15,defeasible,1,0,DEFEATED
424,DF015B,google/gemma-4-e2b,lean,DF-15,defeasible,1,0,DEFEATED
424,DF015B,google/gemma-4-e2b,lean,DF-15,defeasible,1,0,DEFEATED
424,DF015B,google/gemma-4-e2b,lean,DF-15,defeasible,1,0,DEFEATED
424,DF015B,google/gemma-4-e2b,lean,DF-15,defeasible,1,0,DEFEATED
424,DF015B,google/gemma-4-e2b,lean,DF-15,defeasible,1,0,DEFEATED
425,DF015C,google/gemma-4-e2b,lean,DF-15,defeasible,1,0,HOLDS
425,DF015C,google/gemma-4-e2b,lean,DF-15,defeasible,1,0,HOLDS
425,DF015C,google/gemma-4-e2b,lean,DF-15,defeasible,1,0,HOLDS
425,DF015C,google/gemma-4-e2b,lean,DF-15,defeasible,1,0,HOLDS
425,DF015C,google/gemma-4-e2b,lean,DF-15,defeasible,1,0,HOLDS
425,DF015C,google/gemma-4-e2b,lean,DF-15,defeasible,1,0,HOLDS
426,DF016A,google/gemma-4-e2b,lean,DF-16,defeasible,1,0,HOLDS
426,DF016A,google/gemma-4-e2b,lean,DF-16,defeasible,1,0,HOLDS
426,DF016A,google/gemma-4-e2b,lean,DF-16,defeasible,1,0,HOLDS
426,DF016A,google/gemma-4-e2b,lean,DF-16,defeasible,1,0,HOLDS
426,DF016A,google/gemma-4-e2b,lean,DF-16,defeasible,1,0,HOLDS
426,DF016A,google/gemma-4-e2b,lean,DF-16,defeasible,1,0,HOLDS
427,DF016B,google/gemma-4-e2b,lean,DF-16,defeasible,0,0,DEFEATED
427,DF016B,google/gemma-4-e2b,lean,DF-16,defeasible,0,0,DEFEATED
427,DF016B,google/gemma-4-e2b,lean,DF-16,defeasible,0,0,DEFEATED
427,DF016B,google/gemma-4-e2b,lean,DF-16,defeasible,0,0,DEFEATED
427,DF016B,google/gemma-4-e2b,lean,DF-16,defeasible,0,0,DEFEATED
427,DF016B,google/gemma-4-e2b,lean,DF-16,defeasible,0,0,DEFEATED
428,DF016C,google/gemma-4-e2b,lean,DF-16,defeasible,1,0,HOLDS
428,DF016C,google/gemma-4-e2b,lean,DF-16,defeasible,1,0,HOLDS
428,DF016C,google/gemma-4-e2b,lean,DF-16,defeasible,1,0,HOLDS
428,DF016C,google/gemma-4-e2b,lean,DF-16,defeasible,1,0,HOLDS
428,DF016C,google/gemma-4-e2b,lean,DF-16,defeasible,1,0,HOLDS
428,DF016C,google/gemma-4-e2b,lean,DF-16,defeasible,1,0,HOLDS
429,DF017A,google/gemma-4-e2b,lean,DF-17,defeasible,1,0,HOLDS
429,DF017A,google/gemma-4-e2b,lean,DF-17,defeasible,1,0,HOLDS
429,DF017A,google/gemma-4-e2b,lean,DF-17,defeasible,1,0,HOLDS
429,DF017A,google/gemma-4-e2b,lean,DF-17,defeasible,1,0,HOLDS
429,DF017A,google/gemma-4-e2b,lean,DF-17,defeasible,1,0,HOLDS
429,DF017A,google/gemma-4-e2b,lean,DF-17,defeasible,1,0,HOLDS
430,DF017B,google/gemma-4-e2b,lean,DF-17,defeasible,0,0,DEFEATED
430,DF017B,google/gemma-4-e2b,lean,DF-17,defeasible,0,0,DEFEATED
430,DF017B,google/gemma-4-e2b,lean,DF-17,defeasible,0,0,DEFEATED
430,DF017B,google/gemma-4-e2b,lean,DF-17,defeasible,0,0,DEFEATED
430,DF017B,google/gemma-4-e2b,lean,DF-17,defeasible,0,0,DEFEATED
430,DF017B,google/gemma-4-e2b,lean,DF-17,defeasible,0,0,DEFEATED
431,DF017C,google/gemma-4-e2b,lean,DF-17,defeasible,1,0,HOLDS
431,DF017C,google/gemma-4-e2b,lean,DF-17,defeasible,1,0,HOLDS
431,DF017C,google/gemma-4-e2b,lean,DF-17,defeasible,1,0,HOLDS
431,DF017C,google/gemma-4-e2b,lean,DF-17,defeasible,1,0,HOLDS
431,DF017C,google/gemma-4-e2b,lean,DF-17,defeasible,1,0,HOLDS
431,DF017C,google/gemma-4-e2b,lean,DF-17,defeasible,1,0,HOLDS
432,DF018A,google/gemma-4-e2b,lean,DF-18,defeasible,0,0,HOLDS
432,DF018A,google/gemma-4-e2b,lean,DF-18,defeasible,0,0,HOLDS
432,DF018A,google/gemma-4-e2b,lean,DF-18,defeasible,0,0,HOLDS
432,DF018A,google/gemma-4-e2b,lean,DF-18,defeasible,0,0,HOLDS
432,DF018A,google/gemma-4-e2b,lean,DF-18,defeasible,0,0,HOLDS
432,DF018A,google/gemma-4-e2b,lean,DF-18,defeasible,0,0,HOLDS
433,DF018B,google/gemma-4-e2b,lean,DF-18,defeasible,1,0,DEFEATED
433,DF018B,google/gemma-4-e2b,lean,DF-18,defeasible,1,0,DEFEATED
433,DF018B,google/gemma-4-e2b,lean,DF-18,defeasible,1,0,DEFEATED
433,DF018B,google/gemma-4-e2b,lean,DF-18,defeasible,1,0,DEFEATED
433,DF018B,google/gemma-4-e2b,lean,DF-18,defeasible,1,0,DEFEATED
433,DF018B,google/gemma-4-e2b,lean,DF-18,defeasible,1,0,DEFEATED
434,DF018C,google/gemma-4-e2b,lean,DF-18,defeasible,0,0,HOLDS
434,DF018C,google/gemma-4-e2b,lean,DF-18,defeasible,0,0,HOLDS
434,DF018C,google/gemma-4-e2b,lean,DF-18,defeasible,0,0,HOLDS
434,DF018C,google/gemma-4-e2b,lean,DF-18,defeasible,0,0,HOLDS
434,DF018C,google/gemma-4-e2b,lean,DF-18,defeasible,0,0,HOLDS
434,DF018C,google/gemma-4-e2b,lean,DF-18,defeasible,0,0,HOLDS
435,DF019A,google/gemma-4-e2b,lean,DF-19,defeasible,0,0,HOLDS
435,DF019A,google/gemma-4-e2b,lean,DF-19,defeasible,0,0,HOLDS
435,DF019A,google/gemma-4-e2b,lean,DF-19,defeasible,0,0,HOLDS
435,DF019A,google/gemma-4-e2b,lean,DF-19,defeasible,0,0,HOLDS
435,DF019A,google/gemma-4-e2b,lean,DF-19,defeasible,0,0,HOLDS
435,DF019A,google/gemma-4-e2b,lean,DF-19,defeasible,0,0,HOLDS
436,DF019B,google/gemma-4-e2b,lean,DF-19,defeasible,1,0,DEFEATED
436,DF019B,google/gemma-4-e2b,lean,DF-19,defeasible,1,0,DEFEATED
436,DF019B,google/gemma-4-e2b,lean,DF-19,defeasible,1,0,DEFEATED
436,DF019B,google/gemma-4-e2b,lean,DF-19,defeasible,1,0,DEFEATED
436,DF019B,google/gemma-4-e2b,lean,DF-19,defeasible,1,0,DEFEATED
436,DF019B,google/gemma-4-e2b,lean,DF-19,defeasible,1,0,DEFEATED
437,DF019C,google/gemma-4-e2b,lean,DF-19,defeasible,0,0,HOLDS
437,DF019C,google/gemma-4-e2b,lean,DF-19,defeasible,0,0,HOLDS
437,DF019C,google/gemma-4-e2b,lean,DF-19,defeasible,0,0,HOLDS
437,DF019C,google/gemma-4-e2b,lean,DF-19,defeasible,0,0,HOLDS
437,DF019C,google/gemma-4-e2b,lean,DF-19,defeasible,0,0,HOLDS
437,DF019C,google/gemma-4-e2b,lean,DF-19,defeasible,0,0,HOLDS
438,DF020A,google/gemma-4-e2b,lean,DF-20,defeasible,1,0,HOLDS
438,DF020A,google/gemma-4-e2b,lean,DF-20,defeasible,1,0,HOLDS
438,DF020A,google/gemma-4-e2b,lean,DF-20,defeasible,1,0,HOLDS
438,DF020A,google/gemma-4-e2b,lean,DF-20,defeasible,1,0,HOLDS
438,DF020A,google/gemma-4-e2b,lean,DF-20,defeasible,1,0,HOLDS
438,DF020A,google/gemma-4-e2b,lean,DF-20,defeasible,1,0,HOLDS
439,DF020B,google/gemma-4-e2b,lean,DF-20,defeasible,0,0,DEFEATED
439,DF020B,google/gemma-4-e2b,lean,DF-20,defeasible,0,0,DEFEATED
439,DF020B,google/gemma-4-e2b,lean,DF-20,defeasible,0,0,DEFEATED
439,DF020B,google/gemma-4-e2b,lean,DF-20,defeasible,0,0,DEFEATED
439,DF020B,google/gemma-4-e2b,lean,DF-20,defeasible,0,0,DEFEATED
439,DF020B,google/gemma-4-e2b,lean,DF-20,defeasible,0,0,DEFEATED
440,DF020C,google/gemma-4-e2b,lean,DF-20,defeasible,1,0,HOLDS
440,DF020C,google/gemma-4-e2b,lean,DF-20,defeasible,1,0,HOLDS
440,DF020C,google/gemma-4-e2b,lean,DF-20,defeasible,1,0,HOLDS
440,DF020C,google/gemma-4-e2b,lean,DF-20,defeasible,1,0,HOLDS
440,DF020C,google/gemma-4-e2b,lean,DF-20,defeasible,1,0,HOLDS
440,DF020C,google/gemma-4-e2b,lean,DF-20,defeasible,1,0,HOLDS
441,DF021A,google/gemma-4-e2b,lean,DF-21,defeasible,1,0,HOLDS
441,DF021A,google/gemma-4-e2b,lean,DF-21,defeasible,1,0,HOLDS
441,DF021A,google/gemma-4-e2b,lean,DF-21,defeasible,1,0,HOLDS
441,DF021A,google/gemma-4-e2b,lean,DF-21,defeasible,1,0,HOLDS
441,DF021A,google/gemma-4-e2b,lean,DF-21,defeasible,1,0,HOLDS
441,DF021A,google/gemma-4-e2b,lean,DF-21,defeasible,1,0,HOLDS
442,DF021B,google/gemma-4-e2b,lean,DF-21,defeasible,1,0,DEFEATED
442,DF021B,google/gemma-4-e2b,lean,DF-21,defeasible,1,0,DEFEATED
442,DF021B,google/gemma-4-e2b,lean,DF-21,defeasible,1,0,DEFEATED
442,DF021B,google/gemma-4-e2b,lean,DF-21,defeasible,1,0,DEFEATED
442,DF021B,google/gemma-4-e2b,lean,DF-21,defeasible,1,0,DEFEATED
442,DF021B,google/gemma-4-e2b,lean,DF-21,defeasible,1,0,DEFEATED
443,DF021C,google/gemma-4-e2b,lean,DF-21,defeasible,1,0,HOLDS
443,DF021C,google/gemma-4-e2b,lean,DF-21,defeasible,1,0,HOLDS
443,DF021C,google/gemma-4-e2b,lean,DF-21,defeasible,1,0,HOLDS
443,DF021C,google/gemma-4-e2b,lean,DF-21,defeasible,1,0,HOLDS
443,DF021C,google/gemma-4-e2b,lean,DF-21,defeasible,1,0,HOLDS
443,DF021C,google/gemma-4-e2b,lean,DF-21,defeasible,1,0,HOLDS
444,DF022A,google/gemma-4-e2b,lean,DF-22,defeasible,1,0,HOLDS
444,DF022A,google/gemma-4-e2b,lean,DF-22,defeasible,1,0,HOLDS
444,DF022A,google/gemma-4-e2b,lean,DF-22,defeasible,1,0,HOLDS
444,DF022A,google/gemma-4-e2b,lean,DF-22,defeasible,1,0,HOLDS
444,DF022A,google/gemma-4-e2b,lean,DF-22,defeasible,1,0,HOLDS
444,DF022A,google/gemma-4-e2b,lean,DF-22,defeasible,1,0,HOLDS
445,DF022B,google/gemma-4-e2b,lean,DF-22,defeasible,1,0,DEFEATED
445,DF022B,google/gemma-4-e2b,lean,DF-22,defeasible,1,0,DEFEATED
445,DF022B,google/gemma-4-e2b,lean,DF-22,defeasible,1,0,DEFEATED
445,DF022B,google/gemma-4-e2b,lean,DF-22,defeasible,1,0,DEFEATED
445,DF022B,google/gemma-4-e2b,lean,DF-22,defeasible,1,0,DEFEATED
445,DF022B,google/gemma-4-e2b,lean,DF-22,defeasible,1,0,DEFEATED
446,DF022C,google/gemma-4-e2b,lean,DF-22,defeasible,1,0,HOLDS
446,DF022C,google/gemma-4-e2b,lean,DF-22,defeasible,1,0,HOLDS
446,DF022C,google/gemma-4-e2b,lean,DF-22,defeasible,1,0,HOLDS
446,DF022C,google/gemma-4-e2b,lean,DF-22,defeasible,1,0,HOLDS
446,DF022C,google/gemma-4-e2b,lean,DF-22,defeasible,1,0,HOLDS
446,DF022C,google/gemma-4-e2b,lean,DF-22,defeasible,1,0,HOLDS
447,DF023A,google/gemma-4-e2b,lean,DF-23,defeasible,1,0,HOLDS
447,DF023A,google/gemma-4-e2b,lean,DF-23,defeasible,1,0,HOLDS
447,DF023A,google/gemma-4-e2b,lean,DF-23,defeasible,1,0,HOLDS
447,DF023A,google/gemma-4-e2b,lean,DF-23,defeasible,1,0,HOLDS
447,DF023A,google/gemma-4-e2b,lean,DF-23,defeasible,1,0,HOLDS
447,DF023A,google/gemma-4-e2b,lean,DF-23,defeasible,1,0,HOLDS
448,DF023B,google/gemma-4-e2b,lean,DF-23,defeasible,0,0,DEFEATED
448,DF023B,google/gemma-4-e2b,lean,DF-23,defeasible,0,0,DEFEATED
448,DF023B,google/gemma-4-e2b,lean,DF-23,defeasible,0,0,DEFEATED
448,DF023B,google/gemma-4-e2b,lean,DF-23,defeasible,0,0,DEFEATED
448,DF023B,google/gemma-4-e2b,lean,DF-23,defeasible,0,0,DEFEATED
448,DF023B,google/gemma-4-e2b,lean,DF-23,defeasible,0,0,DEFEATED
449,DF023C,google/gemma-4-e2b,lean,DF-23,defeasible,1,0,HOLDS
449,DF023C,google/gemma-4-e2b,lean,DF-23,defeasible,1,0,HOLDS
449,DF023C,google/gemma-4-e2b,lean,DF-23,defeasible,1,0,HOLDS
449,DF023C,google/gemma-4-e2b,lean,DF-23,defeasible,1,0,HOLDS
449,DF023C,google/gemma-4-e2b,lean,DF-23,defeasible,1,0,HOLDS
449,DF023C,google/gemma-4-e2b,lean,DF-23,defeasible,1,0,HOLDS
450,DF024A,google/gemma-4-e2b,lean,DF-24,defeasible,1,0,HOLDS
450,DF024A,google/gemma-4-e2b,lean,DF-24,defeasible,1,0,HOLDS
450,DF024A,google/gemma-4-e2b,lean,DF-24,defeasible,1,0,HOLDS
450,DF024A,google/gemma-4-e2b,lean,DF-24,defeasible,1,0,HOLDS
450,DF024A,google/gemma-4-e2b,lean,DF-24,defeasible,1,0,HOLDS
450,DF024A,google/gemma-4-e2b,lean,DF-24,defeasible,1,0,HOLDS
451,DF024B,google/gemma-4-e2b,lean,DF-24,defeasible,0,0,DEFEATED
451,DF024B,google/gemma-4-e2b,lean,DF-24,defeasible,0,0,DEFEATED
451,DF024B,google/gemma-4-e2b,lean,DF-24,defeasible,0,0,DEFEATED
451,DF024B,google/gemma-4-e2b,lean,DF-24,defeasible,0,0,DEFEATED
451,DF024B,google/gemma-4-e2b,lean,DF-24,defeasible,0,0,DEFEATED
451,DF024B,google/gemma-4-e2b,lean,DF-24,defeasible,0,0,DEFEATED
452,DF024C,google/gemma-4-e2b,lean,DF-24,defeasible,1,0,HOLDS
452,DF024C,google/gemma-4-e2b,lean,DF-24,defeasible,1,0,HOLDS
452,DF024C,google/gemma-4-e2b,lean,DF-24,defeasible,1,0,HOLDS
452,DF024C,google/gemma-4-e2b,lean,DF-24,defeasible,1,0,HOLDS
452,DF024C,google/gemma-4-e2b,lean,DF-24,defeasible,1,0,HOLDS
452,DF024C,google/gemma-4-e2b,lean,DF-24,defeasible,1,0,HOLDS
453,DF025A,google/gemma-4-e2b,lean,DF-25,defeasible,1,0,HOLDS
453,DF025A,google/gemma-4-e2b,lean,DF-25,defeasible,1,0,HOLDS
453,DF025A,google/gemma-4-e2b,lean,DF-25,defeasible,1,0,HOLDS
453,DF025A,google/gemma-4-e2b,lean,DF-25,defeasible,1,0,HOLDS
453,DF025A,google/gemma-4-e2b,lean,DF-25,defeasible,1,0,HOLDS
453,DF025A,google/gemma-4-e2b,lean,DF-25,defeasible,1,0,HOLDS
454,DF025B,google/gemma-4-e2b,lean,DF-25,defeasible,0,0,DEFEATED
454,DF025B,google/gemma-4-e2b,lean,DF-25,defeasible,0,0,DEFEATED
454,DF025B,google/gemma-4-e2b,lean,DF-25,defeasible,0,0,DEFEATED
454,DF025B,google/gemma-4-e2b,lean,DF-25,defeasible,0,0,DEFEATED
454,DF025B,google/gemma-4-e2b,lean,DF-25,defeasible,0,0,DEFEATED
454,DF025B,google/gemma-4-e2b,lean,DF-25,defeasible,0,0,DEFEATED
455,DF025C,google/gemma-4-e2b,lean,DF-25,defeasible,0,0,HOLDS
455,DF025C,google/gemma-4-e2b,lean,DF-25,defeasible,0,0,HOLDS
455,DF025C,google/gemma-4-e2b,lean,DF-25,defeasible,0,0,HOLDS
455,DF025C,google/gemma-4-e2b,lean,DF-25,defeasible,0,0,HOLDS
455,DF025C,google/gemma-4-e2b,lean,DF-25,defeasible,0,0,HOLDS
455,DF025C,google/gemma-4-e2b,lean,DF-25,defeasible,0,0,HOLDS
456,DF026A,google/gemma-4-e2b,lean,DF-26,defeasible,1,0,HOLDS
456,DF026A,google/gemma-4-e2b,lean,DF-26,defeasible,1,0,HOLDS
456,DF026A,google/gemma-4-e2b,lean,DF-26,defeasible,1,0,HOLDS
456,DF026A,google/gemma-4-e2b,lean,DF-26,defeasible,1,0,HOLDS
456,DF026A,google/gemma-4-e2b,lean,DF-26,defeasible,1,0,HOLDS
456,DF026A,google/gemma-4-e2b,lean,DF-26,defeasible,1,0,HOLDS
457,DF026B,google/gemma-4-e2b,lean,DF-26,defeasible,0,0,DEFEATED
457,DF026B,google/gemma-4-e2b,lean,DF-26,defeasible,0,0,DEFEATED
457,DF026B,google/gemma-4-e2b,lean,DF-26,defeasible,0,0,DEFEATED
457,DF026B,google/gemma-4-e2b,lean,DF-26,defeasible,0,0,DEFEATED
457,DF026B,google/gemma-4-e2b,lean,DF-26,defeasible,0,0,DEFEATED
457,DF026B,google/gemma-4-e2b,lean,DF-26,defeasible,0,0,DEFEATED
458,DF026C,google/gemma-4-e2b,lean,DF-26,defeasible,1,0,HOLDS
458,DF026C,google/gemma-4-e2b,lean,DF-26,defeasible,1,0,HOLDS
458,DF026C,google/gemma-4-e2b,lean,DF-26,defeasible,1,0,HOLDS
458,DF026C,google/gemma-4-e2b,lean,DF-26,defeasible,1,0,HOLDS
458,DF026C,google/gemma-4-e2b,lean,DF-26,defeasible,1,0,HOLDS
458,DF026C,google/gemma-4-e2b,lean,DF-26,defeasible,1,0,HOLDS
459,DF027A,google/gemma-4-e2b,lean,DF-27,defeasible,1,0,HOLDS
459,DF027A,google/gemma-4-e2b,lean,DF-27,defeasible,1,0,HOLDS
459,DF027A,google/gemma-4-e2b,lean,DF-27,defeasible,1,0,HOLDS
459,DF027A,google/gemma-4-e2b,lean,DF-27,defeasible,1,0,HOLDS
459,DF027A,google/gemma-4-e2b,lean,DF-27,defeasible,1,0,HOLDS
459,DF027A,google/gemma-4-e2b,lean,DF-27,defeasible,1,0,HOLDS
460,DF027B,google/gemma-4-e2b,lean,DF-27,defeasible,1,0,DEFEATED
460,DF027B,google/gemma-4-e2b,lean,DF-27,defeasible,1,0,DEFEATED
460,DF027B,google/gemma-4-e2b,lean,DF-27,defeasible,1,0,DEFEATED
460,DF027B,google/gemma-4-e2b,lean,DF-27,defeasible,1,0,DEFEATED
460,DF027B,google/gemma-4-e2b,lean,DF-27,defeasible,1,0,DEFEATED
460,DF027B,google/gemma-4-e2b,lean,DF-27,defeasible,1,0,DEFEATED
461,DF027C,google/gemma-4-e2b,lean,DF-27,defeasible,1,0,HOLDS
461,DF027C,google/gemma-4-e2b,lean,DF-27,defeasible,1,0,HOLDS
461,DF027C,google/gemma-4-e2b,lean,DF-27,defeasible,1,0,HOLDS
461,DF027C,google/gemma-4-e2b,lean,DF-27,defeasible,1,0,HOLDS
461,DF027C,google/gemma-4-e2b,lean,DF-27,defeasible,1,0,HOLDS
461,DF027C,google/gemma-4-e2b,lean,DF-27,defeasible,1,0,HOLDS
462,DF028A,google/gemma-4-e2b,lean,DF-28,defeasible,0,0,HOLDS
462,DF028A,google/gemma-4-e2b,lean,DF-28,defeasible,0,0,HOLDS
462,DF028A,google/gemma-4-e2b,lean,DF-28,defeasible,0,0,HOLDS
462,DF028A,google/gemma-4-e2b,lean,DF-28,defeasible,0,0,HOLDS
462,DF028A,google/gemma-4-e2b,lean,DF-28,defeasible,0,0,HOLDS
462,DF028A,google/gemma-4-e2b,lean,DF-28,defeasible,0,0,HOLDS
463,DF028B,google/gemma-4-e2b,lean,DF-28,defeasible,0,0,DEFEATED
463,DF028B,google/gemma-4-e2b,lean,DF-28,defeasible,0,0,DEFEATED
463,DF028B,google/gemma-4-e2b,lean,DF-28,defeasible,0,0,DEFEATED
463,DF028B,google/gemma-4-e2b,lean,DF-28,defeasible,0,0,DEFEATED
463,DF028B,google/gemma-4-e2b,lean,DF-28,defeasible,0,0,DEFEATED
463,DF028B,google/gemma-4-e2b,lean,DF-28,defeasible,0,0,DEFEATED
464,DF028C,google/gemma-4-e2b,lean,DF-28,defeasible,0,0,HOLDS
464,DF028C,google/gemma-4-e2b,lean,DF-28,defeasible,0,0,HOLDS
464,DF028C,google/gemma-4-e2b,lean,DF-28,defeasible,0,0,HOLDS
464,DF028C,google/gemma-4-e2b,lean,DF-28,defeasible,0,0,HOLDS
464,DF028C,google/gemma-4-e2b,lean,DF-28,defeasible,0,0,HOLDS
464,DF028C,google/gemma-4-e2b,lean,DF-28,defeasible,0,0,HOLDS
465,DF029A,google/gemma-4-e2b,lean,DF-29,defeasible,1,0,HOLDS
465,DF029A,google/gemma-4-e2b,lean,DF-29,defeasible,1,0,HOLDS
465,DF029A,google/gemma-4-e2b,lean,DF-29,defeasible,1,0,HOLDS
465,DF029A,google/gemma-4-e2b,lean,DF-29,defeasible,1,0,HOLDS
465,DF029A,google/gemma-4-e2b,lean,DF-29,defeasible,1,0,HOLDS
465,DF029A,google/gemma-4-e2b,lean,DF-29,defeasible,1,0,HOLDS
466,DF029B,google/gemma-4-e2b,lean,DF-29,defeasible,0,0,DEFEATED
466,DF029B,google/gemma-4-e2b,lean,DF-29,defeasible,0,0,DEFEATED
466,DF029B,google/gemma-4-e2b,lean,DF-29,defeasible,0,0,DEFEATED
466,DF029B,google/gemma-4-e2b,lean,DF-29,defeasible,0,0,DEFEATED
466,DF029B,google/gemma-4-e2b,lean,DF-29,defeasible,0,0,DEFEATED
466,DF029B,google/gemma-4-e2b,lean,DF-29,defeasible,0,0,DEFEATED
467,DF029C,google/gemma-4-e2b,lean,DF-29,defeasible,1,0,HOLDS
467,DF029C,google/gemma-4-e2b,lean,DF-29,defeasible,1,0,HOLDS
467,DF029C,google/gemma-4-e2b,lean,DF-29,defeasible,1,0,HOLDS
467,DF029C,google/gemma-4-e2b,lean,DF-29,defeasible,1,0,HOLDS
467,DF029C,google/gemma-4-e2b,lean,DF-29,defeasible,1,0,HOLDS
467,DF029C,google/gemma-4-e2b,lean,DF-29,defeasible,1,0,HOLDS
468,DF030A,google/gemma-4-e2b,lean,DF-30,defeasible,1,0,HOLDS
468,DF030A,google/gemma-4-e2b,lean,DF-30,defeasible,1,0,HOLDS
468,DF030A,google/gemma-4-e2b,lean,DF-30,defeasible,1,0,HOLDS
468,DF030A,google/gemma-4-e2b,lean,DF-30,defeasible,1,0,HOLDS
468,DF030A,google/gemma-4-e2b,lean,DF-30,defeasible,1,0,HOLDS
468,DF030A,google/gemma-4-e2b,lean,DF-30,defeasible,1,0,HOLDS
469,DF030B,google/gemma-4-e2b,lean,DF-30,defeasible,0,0,DEFEATED
469,DF030B,google/gemma-4-e2b,lean,DF-30,defeasible,0,0,DEFEATED
469,DF030B,google/gemma-4-e2b,lean,DF-30,defeasible,0,0,DEFEATED
469,DF030B,google/gemma-4-e2b,lean,DF-30,defeasible,0,0,DEFEATED
469,DF030B,google/gemma-4-e2b,lean,DF-30,defeasible,0,0,DEFEATED
469,DF030B,google/gemma-4-e2b,lean,DF-30,defeasible,0,0,DEFEATED
470,DF030C,google/gemma-4-e2b,lean,DF-30,defeasible,1,0,HOLDS
470,DF030C,google/gemma-4-e2b,lean,DF-30,defeasible,1,0,HOLDS
470,DF030C,google/gemma-4-e2b,lean,DF-30,defeasible,1,0,HOLDS
470,DF030C,google/gemma-4-e2b,lean,DF-30,defeasible,1,0,HOLDS
470,DF030C,google/gemma-4-e2b,lean,DF-30,defeasible,1,0,HOLDS
470,DF030C,google/gemma-4-e2b,lean,DF-30,defeasible,1,0,HOLDS
471,DF031A,google/gemma-4-e2b,lean,DF-31,defeasible,1,0,HOLDS
471,DF031A,google/gemma-4-e2b,lean,DF-31,defeasible,1,0,HOLDS
471,DF031A,google/gemma-4-e2b,lean,DF-31,defeasible,1,0,HOLDS
471,DF031A,google/gemma-4-e2b,lean,DF-31,defeasible,1,0,HOLDS
471,DF031A,google/gemma-4-e2b,lean,DF-31,defeasible,1,0,HOLDS
471,DF031A,google/gemma-4-e2b,lean,DF-31,defeasible,1,0,HOLDS
472,DF031B,google/gemma-4-e2b,lean,DF-31,defeasible,1,0,DEFEATED
472,DF031B,google/gemma-4-e2b,lean,DF-31,defeasible,1,0,DEFEATED
472,DF031B,google/gemma-4-e2b,lean,DF-31,defeasible,1,0,DEFEATED
472,DF031B,google/gemma-4-e2b,lean,DF-31,defeasible,1,0,DEFEATED
472,DF031B,google/gemma-4-e2b,lean,DF-31,defeasible,1,0,DEFEATED
472,DF031B,google/gemma-4-e2b,lean,DF-31,defeasible,1,0,DEFEATED
473,DF031C,google/gemma-4-e2b,lean,DF-31,defeasible,1,0,HOLDS
473,DF031C,google/gemma-4-e2b,lean,DF-31,defeasible,1,0,HOLDS
473,DF031C,google/gemma-4-e2b,lean,DF-31,defeasible,1,0,HOLDS
473,DF031C,google/gemma-4-e2b,lean,DF-31,defeasible,1,0,HOLDS
473,DF031C,google/gemma-4-e2b,lean,DF-31,defeasible,1,0,HOLDS
473,DF031C,google/gemma-4-e2b,lean,DF-31,defeasible,1,0,HOLDS
474,DF032A,google/gemma-4-e2b,lean,DF-32,defeasible,1,0,HOLDS
474,DF032A,google/gemma-4-e2b,lean,DF-32,defeasible,1,0,HOLDS
474,DF032A,google/gemma-4-e2b,lean,DF-32,defeasible,1,0,HOLDS
474,DF032A,google/gemma-4-e2b,lean,DF-32,defeasible,1,0,HOLDS
474,DF032A,google/gemma-4-e2b,lean,DF-32,defeasible,1,0,HOLDS
474,DF032A,google/gemma-4-e2b,lean,DF-32,defeasible,1,0,HOLDS
475,DF032B,google/gemma-4-e2b,lean,DF-32,defeasible,0,0,DEFEATED
475,DF032B,google/gemma-4-e2b,lean,DF-32,defeasible,0,0,DEFEATED
475,DF032B,google/gemma-4-e2b,lean,DF-32,defeasible,0,0,DEFEATED
475,DF032B,google/gemma-4-e2b,lean,DF-32,defeasible,0,0,DEFEATED
475,DF032B,google/gemma-4-e2b,lean,DF-32,defeasible,0,0,DEFEATED
475,DF032B,google/gemma-4-e2b,lean,DF-32,defeasible,0,0,DEFEATED
476,DF032C,google/gemma-4-e2b,lean,DF-32,defeasible,1,0,HOLDS
476,DF032C,google/gemma-4-e2b,lean,DF-32,defeasible,1,0,HOLDS
476,DF032C,google/gemma-4-e2b,lean,DF-32,defeasible,1,0,HOLDS
476,DF032C,google/gemma-4-e2b,lean,DF-32,defeasible,1,0,HOLDS
476,DF032C,google/gemma-4-e2b,lean,DF-32,defeasible,1,0,HOLDS
476,DF032C,google/gemma-4-e2b,lean,DF-32,defeasible,1,0,HOLDS
477,DF033A,google/gemma-4-e2b,lean,DF-33,defeasible,1,0,HOLDS
477,DF033A,google/gemma-4-e2b,lean,DF-33,defeasible,1,0,HOLDS
477,DF033A,google/gemma-4-e2b,lean,DF-33,defeasible,1,0,HOLDS
477,DF033A,google/gemma-4-e2b,lean,DF-33,defeasible,1,0,HOLDS
477,DF033A,google/gemma-4-e2b,lean,DF-33,defeasible,1,0,HOLDS
477,DF033A,google/gemma-4-e2b,lean,DF-33,defeasible,1,0,HOLDS
478,DF033B,google/gemma-4-e2b,lean,DF-33,defeasible,0,0,DEFEATED
478,DF033B,google/gemma-4-e2b,lean,DF-33,defeasible,0,0,DEFEATED
478,DF033B,google/gemma-4-e2b,lean,DF-33,defeasible,0,0,DEFEATED
478,DF033B,google/gemma-4-e2b,lean,DF-33,defeasible,0,0,DEFEATED
478,DF033B,google/gemma-4-e2b,lean,DF-33,defeasible,0,0,DEFEATED
478,DF033B,google/gemma-4-e2b,lean,DF-33,defeasible,0,0,DEFEATED
479,DF033C,google/gemma-4-e2b,lean,DF-33,defeasible,1,0,HOLDS
479,DF033C,google/gemma-4-e2b,lean,DF-33,defeasible,1,0,HOLDS
479,DF033C,google/gemma-4-e2b,lean,DF-33,defeasible,1,0,HOLDS
479,DF033C,google/gemma-4-e2b,lean,DF-33,defeasible,1,0,HOLDS
479,DF033C,google/gemma-4-e2b,lean,DF-33,defeasible,1,0,HOLDS
479,DF033C,google/gemma-4-e2b,lean,DF-33,defeasible,1,0,HOLDS
480,DF034A,google/gemma-4-e2b,lean,DF-34,defeasible,1,0,HOLDS
480,DF034A,google/gemma-4-e2b,lean,DF-34,defeasible,1,0,HOLDS
480,DF034A,google/gemma-4-e2b,lean,DF-34,defeasible,1,0,HOLDS
480,DF034A,google/gemma-4-e2b,lean,DF-34,defeasible,1,0,HOLDS
480,DF034A,google/gemma-4-e2b,lean,DF-34,defeasible,1,0,HOLDS
480,DF034A,google/gemma-4-e2b,lean,DF-34,defeasible,1,0,HOLDS
481,DF034B,google/gemma-4-e2b,lean,DF-34,defeasible,0,0,DEFEATED
481,DF034B,google/gemma-4-e2b,lean,DF-34,defeasible,0,0,DEFEATED
481,DF034B,google/gemma-4-e2b,lean,DF-34,defeasible,0,0,DEFEATED
481,DF034B,google/gemma-4-e2b,lean,DF-34,defeasible,0,0,DEFEATED
481,DF034B,google/gemma-4-e2b,lean,DF-34,defeasible,0,0,DEFEATED
481,DF034B,google/gemma-4-e2b,lean,DF-34,defeasible,0,0,DEFEATED
482,DF034C,google/gemma-4-e2b,lean,DF-34,defeasible,1,0,HOLDS
482,DF034C,google/gemma-4-e2b,lean,DF-34,defeasible,1,0,HOLDS
482,DF034C,google/gemma-4-e2b,lean,DF-34,defeasible,1,0,HOLDS
482,DF034C,google/gemma-4-e2b,lean,DF-34,defeasible,1,0,HOLDS
482,DF034C,google/gemma-4-e2b,lean,DF-34,defeasible,1,0,HOLDS
482,DF034C,google/gemma-4-e2b,lean,DF-34,defeasible,1,0,HOLDS
483,DF035A,google/gemma-4-e2b,lean,DF-35,defeasible,0,0,HOLDS
483,DF035A,google/gemma-4-e2b,lean,DF-35,defeasible,0,0,HOLDS
483,DF035A,google/gemma-4-e2b,lean,DF-35,defeasible,0,0,HOLDS
483,DF035A,google/gemma-4-e2b,lean,DF-35,defeasible,0,0,HOLDS
483,DF035A,google/gemma-4-e2b,lean,DF-35,defeasible,0,0,HOLDS
483,DF035A,google/gemma-4-e2b,lean,DF-35,defeasible,0,0,HOLDS
484,DF035B,google/gemma-4-e2b,lean,DF-35,defeasible,0,0,DEFEATED
484,DF035B,google/gemma-4-e2b,lean,DF-35,defeasible,0,0,DEFEATED
484,DF035B,google/gemma-4-e2b,lean,DF-35,defeasible,0,0,DEFEATED
484,DF035B,google/gemma-4-e2b,lean,DF-35,defeasible,0,0,DEFEATED
484,DF035B,google/gemma-4-e2b,lean,DF-35,defeasible,0,0,DEFEATED
484,DF035B,google/gemma-4-e2b,lean,DF-35,defeasible,0,0,DEFEATED
485,DF035C,google/gemma-4-e2b,lean,DF-35,defeasible,1,0,HOLDS
485,DF035C,google/gemma-4-e2b,lean,DF-35,defeasible,1,0,HOLDS
485,DF035C,google/gemma-4-e2b,lean,DF-35,defeasible,1,0,HOLDS
485,DF035C,google/gemma-4-e2b,lean,DF-35,defeasible,1,0,HOLDS
485,DF035C,google/gemma-4-e2b,lean,DF-35,defeasible,1,0,HOLDS
485,DF035C,google/gemma-4-e2b,lean,DF-35,defeasible,1,0,HOLDS
486,DF036A,google/gemma-4-e2b,lean,DF-36,defeasible,1,0,HOLDS
486,DF036A,google/gemma-4-e2b,lean,DF-36,defeasible,1,0,HOLDS
486,DF036A,google/gemma-4-e2b,lean,DF-36,defeasible,1,0,HOLDS
486,DF036A,google/gemma-4-e2b,lean,DF-36,defeasible,1,0,HOLDS
486,DF036A,google/gemma-4-e2b,lean,DF-36,defeasible,1,0,HOLDS
486,DF036A,google/gemma-4-e2b,lean,DF-36,defeasible,1,0,HOLDS
487,DF036B,google/gemma-4-e2b,lean,DF-36,defeasible,0,0,DEFEATED
487,DF036B,google/gemma-4-e2b,lean,DF-36,defeasible,0,0,DEFEATED
487,DF036B,google/gemma-4-e2b,lean,DF-36,defeasible,0,0,DEFEATED
487,DF036B,google/gemma-4-e2b,lean,DF-36,defeasible,0,0,DEFEATED
487,DF036B,google/gemma-4-e2b,lean,DF-36,defeasible,0,0,DEFEATED
487,DF036B,google/gemma-4-e2b,lean,DF-36,defeasible,0,0,DEFEATED
488,DF036C,google/gemma-4-e2b,lean,DF-36,defeasible,1,0,HOLDS
488,DF036C,google/gemma-4-e2b,lean,DF-36,defeasible,1,0,HOLDS
488,DF036C,google/gemma-4-e2b,lean,DF-36,defeasible,1,0,HOLDS
488,DF036C,google/gemma-4-e2b,lean,DF-36,defeasible,1,0,HOLDS
488,DF036C,google/gemma-4-e2b,lean,DF-36,defeasible,1,0,HOLDS
488,DF036C,google/gemma-4-e2b,lean,DF-36,defeasible,1,0,HOLDS
489,DF037A,google/gemma-4-e2b,lean,DF-37,defeasible,1,0,HOLDS
489,DF037A,google/gemma-4-e2b,lean,DF-37,defeasible,1,0,HOLDS
489,DF037A,google/gemma-4-e2b,lean,DF-37,defeasible,1,0,HOLDS
489,DF037A,google/gemma-4-e2b,lean,DF-37,defeasible,1,0,HOLDS
489,DF037A,google/gemma-4-e2b,lean,DF-37,defeasible,1,0,HOLDS
489,DF037A,google/gemma-4-e2b,lean,DF-37,defeasible,1,0,HOLDS
490,DF037B,google/gemma-4-e2b,lean,DF-37,defeasible,1,0,DEFEATED
490,DF037B,google/gemma-4-e2b,lean,DF-37,defeasible,1,0,DEFEATED
490,DF037B,google/gemma-4-e2b,lean,DF-37,defeasible,1,0,DEFEATED
490,DF037B,google/gemma-4-e2b,lean,DF-37,defeasible,1,0,DEFEATED
490,DF037B,google/gemma-4-e2b,lean,DF-37,defeasible,1,0,DEFEATED
490,DF037B,google/gemma-4-e2b,lean,DF-37,defeasible,1,0,DEFEATED
491,DF037C,google/gemma-4-e2b,lean,DF-37,defeasible,1,0,HOLDS
491,DF037C,google/gemma-4-e2b,lean,DF-37,defeasible,1,0,HOLDS
491,DF037C,google/gemma-4-e2b,lean,DF-37,defeasible,1,0,HOLDS
491,DF037C,google/gemma-4-e2b,lean,DF-37,defeasible,1,0,HOLDS
491,DF037C,google/gemma-4-e2b,lean,DF-37,defeasible,1,0,HOLDS
491,DF037C,google/gemma-4-e2b,lean,DF-37,defeasible,1,0,HOLDS
199,QS001A,nvidia/nemotron-3-nano-omni,baseline,QS-FA01,quant-scope,1,0,TRUE
199,QS001A,nvidia/nemotron-3-nano-omni,baseline,QS-FA01,quant-scope,1,0,TRUE
199,QS001A,nvidia/nemotron-3-nano-omni,baseline,QS-FA01,quant-scope,1,0,TRUE
199,QS001A,nvidia/nemotron-3-nano-omni,baseline,QS-FA01,quant-scope,1,0,TRUE
199,QS001A,nvidia/nemotron-3-nano-omni,baseline,QS-FA01,quant-scope,1,0,TRUE
199,QS001A,nvidia/nemotron-3-nano-omni,baseline,QS-FA01,quant-scope,1,0,TRUE
200,QS001B,nvidia/nemotron-3-nano-omni,baseline,QS-FA01,quant-scope,1,0,FALSE
200,QS001B,nvidia/nemotron-3-nano-omni,baseline,QS-FA01,quant-scope,1,0,FALSE
200,QS001B,nvidia/nemotron-3-nano-omni,baseline,QS-FA01,quant-scope,1,0,FALSE
200,QS001B,nvidia/nemotron-3-nano-omni,baseline,QS-FA01,quant-scope,1,0,FALSE
200,QS001B,nvidia/nemotron-3-nano-omni,baseline,QS-FA01,quant-scope,1,0,FALSE
200,QS001B,nvidia/nemotron-3-nano-omni,baseline,QS-FA01,quant-scope,1,0,FALSE
201,QS002A,nvidia/nemotron-3-nano-omni,baseline,QS-FA02,quant-scope,0,0,TRUE
201,QS002A,nvidia/nemotron-3-nano-omni,baseline,QS-FA02,quant-scope,0,0,TRUE
201,QS002A,nvidia/nemotron-3-nano-omni,baseline,QS-FA02,quant-scope,0,0,TRUE
201,QS002A,nvidia/nemotron-3-nano-omni,baseline,QS-FA02,quant-scope,0,0,TRUE
201,QS002A,nvidia/nemotron-3-nano-omni,baseline,QS-FA02,quant-scope,0,0,TRUE
201,QS002A,nvidia/nemotron-3-nano-omni,baseline,QS-FA02,quant-scope,0,0,TRUE
202,QS002B,nvidia/nemotron-3-nano-omni,baseline,QS-FA02,quant-scope,1,0,FALSE
202,QS002B,nvidia/nemotron-3-nano-omni,baseline,QS-FA02,quant-scope,1,0,FALSE
202,QS002B,nvidia/nemotron-3-nano-omni,baseline,QS-FA02,quant-scope,1,0,FALSE
202,QS002B,nvidia/nemotron-3-nano-omni,baseline,QS-FA02,quant-scope,1,0,FALSE
202,QS002B,nvidia/nemotron-3-nano-omni,baseline,QS-FA02,quant-scope,1,0,FALSE
202,QS002B,nvidia/nemotron-3-nano-omni,baseline,QS-FA02,quant-scope,1,0,FALSE
203,QS003A,nvidia/nemotron-3-nano-omni,baseline,QS-FA03,quant-scope,1,0,TRUE
203,QS003A,nvidia/nemotron-3-nano-omni,baseline,QS-FA03,quant-scope,1,0,TRUE
203,QS003A,nvidia/nemotron-3-nano-omni,baseline,QS-FA03,quant-scope,1,0,TRUE
203,QS003A,nvidia/nemotron-3-nano-omni,baseline,QS-FA03,quant-scope,1,0,TRUE
203,QS003A,nvidia/nemotron-3-nano-omni,baseline,QS-FA03,quant-scope,1,0,TRUE
203,QS003A,nvidia/nemotron-3-nano-omni,baseline,QS-FA03,quant-scope,1,0,TRUE
204,QS003B,nvidia/nemotron-3-nano-omni,baseline,QS-FA03,quant-scope,1,0,FALSE
204,QS003B,nvidia/nemotron-3-nano-omni,baseline,QS-FA03,quant-scope,1,0,FALSE
204,QS003B,nvidia/nemotron-3-nano-omni,baseline,QS-FA03,quant-scope,1,0,FALSE
204,QS003B,nvidia/nemotron-3-nano-omni,baseline,QS-FA03,quant-scope,1,0,FALSE
204,QS003B,nvidia/nemotron-3-nano-omni,baseline,QS-FA03,quant-scope,1,0,FALSE
204,QS003B,nvidia/nemotron-3-nano-omni,baseline,QS-FA03,quant-scope,1,0,FALSE
205,QS004A,nvidia/nemotron-3-nano-omni,baseline,QS-FA04,quant-scope,1,0,TRUE
205,QS004A,nvidia/nemotron-3-nano-omni,baseline,QS-FA04,quant-scope,1,0,TRUE
205,QS004A,nvidia/nemotron-3-nano-omni,baseline,QS-FA04,quant-scope,1,0,TRUE
205,QS004A,nvidia/nemotron-3-nano-omni,baseline,QS-FA04,quant-scope,1,0,TRUE
205,QS004A,nvidia/nemotron-3-nano-omni,baseline,QS-FA04,quant-scope,1,0,TRUE
205,QS004A,nvidia/nemotron-3-nano-omni,baseline,QS-FA04,quant-scope,1,0,TRUE
206,QS004B,nvidia/nemotron-3-nano-omni,baseline,QS-FA04,quant-scope,1,0,FALSE
206,QS004B,nvidia/nemotron-3-nano-omni,baseline,QS-FA04,quant-scope,1,0,FALSE
206,QS004B,nvidia/nemotron-3-nano-omni,baseline,QS-FA04,quant-scope,1,0,FALSE
206,QS004B,nvidia/nemotron-3-nano-omni,baseline,QS-FA04,quant-scope,1,0,FALSE
206,QS004B,nvidia/nemotron-3-nano-omni,baseline,QS-FA04,quant-scope,1,0,FALSE
206,QS004B,nvidia/nemotron-3-nano-omni,baseline,QS-FA04,quant-scope,1,0,FALSE
207,QS005A,nvidia/nemotron-3-nano-omni,baseline,QS-FA05,quant-scope,1,0,TRUE
207,QS005A,nvidia/nemotron-3-nano-omni,baseline,QS-FA05,quant-scope,1,0,TRUE
207,QS005A,nvidia/nemotron-3-nano-omni,baseline,QS-FA05,quant-scope,1,0,TRUE
207,QS005A,nvidia/nemotron-3-nano-omni,baseline,QS-FA05,quant-scope,1,0,TRUE
207,QS005A,nvidia/nemotron-3-nano-omni,baseline,QS-FA05,quant-scope,1,0,TRUE
207,QS005A,nvidia/nemotron-3-nano-omni,baseline,QS-FA05,quant-scope,1,0,TRUE
208,QS005B,nvidia/nemotron-3-nano-omni,baseline,QS-FA05,quant-scope,1,0,FALSE
208,QS005B,nvidia/nemotron-3-nano-omni,baseline,QS-FA05,quant-scope,1,0,FALSE
208,QS005B,nvidia/nemotron-3-nano-omni,baseline,QS-FA05,quant-scope,1,0,FALSE
208,QS005B,nvidia/nemotron-3-nano-omni,baseline,QS-FA05,quant-scope,1,0,FALSE
208,QS005B,nvidia/nemotron-3-nano-omni,baseline,QS-FA05,quant-scope,1,0,FALSE
208,QS005B,nvidia/nemotron-3-nano-omni,baseline,QS-FA05,quant-scope,1,0,FALSE
209,QS006A,nvidia/nemotron-3-nano-omni,baseline,QS-FA06,quant-scope,1,0,TRUE
209,QS006A,nvidia/nemotron-3-nano-omni,baseline,QS-FA06,quant-scope,1,0,TRUE
209,QS006A,nvidia/nemotron-3-nano-omni,baseline,QS-FA06,quant-scope,1,0,TRUE
209,QS006A,nvidia/nemotron-3-nano-omni,baseline,QS-FA06,quant-scope,1,0,TRUE
209,QS006A,nvidia/nemotron-3-nano-omni,baseline,QS-FA06,quant-scope,1,0,TRUE
209,QS006A,nvidia/nemotron-3-nano-omni,baseline,QS-FA06,quant-scope,1,0,TRUE
210,QS006B,nvidia/nemotron-3-nano-omni,baseline,QS-FA06,quant-scope,1,0,FALSE
210,QS006B,nvidia/nemotron-3-nano-omni,baseline,QS-FA06,quant-scope,1,0,FALSE
210,QS006B,nvidia/nemotron-3-nano-omni,baseline,QS-FA06,quant-scope,1,0,FALSE
210,QS006B,nvidia/nemotron-3-nano-omni,baseline,QS-FA06,quant-scope,1,0,FALSE
210,QS006B,nvidia/nemotron-3-nano-omni,baseline,QS-FA06,quant-scope,1,0,FALSE
210,QS006B,nvidia/nemotron-3-nano-omni,baseline,QS-FA06,quant-scope,1,0,FALSE
211,QS007A,nvidia/nemotron-3-nano-omni,baseline,QS-FA07,quant-scope,1,0,TRUE
211,QS007A,nvidia/nemotron-3-nano-omni,baseline,QS-FA07,quant-scope,1,0,TRUE
211,QS007A,nvidia/nemotron-3-nano-omni,baseline,QS-FA07,quant-scope,1,0,TRUE
211,QS007A,nvidia/nemotron-3-nano-omni,baseline,QS-FA07,quant-scope,1,0,TRUE
211,QS007A,nvidia/nemotron-3-nano-omni,baseline,QS-FA07,quant-scope,1,0,TRUE
211,QS007A,nvidia/nemotron-3-nano-omni,baseline,QS-FA07,quant-scope,1,0,TRUE
212,QS007B,nvidia/nemotron-3-nano-omni,baseline,QS-FA07,quant-scope,1,0,FALSE
212,QS007B,nvidia/nemotron-3-nano-omni,baseline,QS-FA07,quant-scope,1,0,FALSE
212,QS007B,nvidia/nemotron-3-nano-omni,baseline,QS-FA07,quant-scope,1,0,FALSE
212,QS007B,nvidia/nemotron-3-nano-omni,baseline,QS-FA07,quant-scope,1,0,FALSE
212,QS007B,nvidia/nemotron-3-nano-omni,baseline,QS-FA07,quant-scope,1,0,FALSE
212,QS007B,nvidia/nemotron-3-nano-omni,baseline,QS-FA07,quant-scope,1,0,FALSE
213,QS008A,nvidia/nemotron-3-nano-omni,baseline,QS-FA08,quant-scope,1,0,TRUE
213,QS008A,nvidia/nemotron-3-nano-omni,baseline,QS-FA08,quant-scope,1,0,TRUE
213,QS008A,nvidia/nemotron-3-nano-omni,baseline,QS-FA08,quant-scope,1,0,TRUE
213,QS008A,nvidia/nemotron-3-nano-omni,baseline,QS-FA08,quant-scope,1,0,TRUE
213,QS008A,nvidia/nemotron-3-nano-omni,baseline,QS-FA08,quant-scope,1,0,TRUE
213,QS008A,nvidia/nemotron-3-nano-omni,baseline,QS-FA08,quant-scope,1,0,TRUE
214,QS008B,nvidia/nemotron-3-nano-omni,baseline,QS-FA08,quant-scope,1,0,FALSE
214,QS008B,nvidia/nemotron-3-nano-omni,baseline,QS-FA08,quant-scope,1,0,FALSE
214,QS008B,nvidia/nemotron-3-nano-omni,baseline,QS-FA08,quant-scope,1,0,FALSE
214,QS008B,nvidia/nemotron-3-nano-omni,baseline,QS-FA08,quant-scope,1,0,FALSE
214,QS008B,nvidia/nemotron-3-nano-omni,baseline,QS-FA08,quant-scope,1,0,FALSE
214,QS008B,nvidia/nemotron-3-nano-omni,baseline,QS-FA08,quant-scope,1,0,FALSE
215,QS009A,nvidia/nemotron-3-nano-omni,baseline,QS-FA09,quant-scope,1,0,TRUE
215,QS009A,nvidia/nemotron-3-nano-omni,baseline,QS-FA09,quant-scope,1,0,TRUE
215,QS009A,nvidia/nemotron-3-nano-omni,baseline,QS-FA09,quant-scope,1,0,TRUE
215,QS009A,nvidia/nemotron-3-nano-omni,baseline,QS-FA09,quant-scope,1,0,TRUE
215,QS009A,nvidia/nemotron-3-nano-omni,baseline,QS-FA09,quant-scope,1,0,TRUE
215,QS009A,nvidia/nemotron-3-nano-omni,baseline,QS-FA09,quant-scope,1,0,TRUE
216,QS009B,nvidia/nemotron-3-nano-omni,baseline,QS-FA09,quant-scope,1,0,FALSE
216,QS009B,nvidia/nemotron-3-nano-omni,baseline,QS-FA09,quant-scope,1,0,FALSE
216,QS009B,nvidia/nemotron-3-nano-omni,baseline,QS-FA09,quant-scope,1,0,FALSE
216,QS009B,nvidia/nemotron-3-nano-omni,baseline,QS-FA09,quant-scope,1,0,FALSE
216,QS009B,nvidia/nemotron-3-nano-omni,baseline,QS-FA09,quant-scope,1,0,FALSE
216,QS009B,nvidia/nemotron-3-nano-omni,baseline,QS-FA09,quant-scope,1,0,FALSE
217,QS010A,nvidia/nemotron-3-nano-omni,baseline,QS-FA10,quant-scope,1,0,TRUE
217,QS010A,nvidia/nemotron-3-nano-omni,baseline,QS-FA10,quant-scope,1,0,TRUE
217,QS010A,nvidia/nemotron-3-nano-omni,baseline,QS-FA10,quant-scope,1,0,TRUE
217,QS010A,nvidia/nemotron-3-nano-omni,baseline,QS-FA10,quant-scope,1,0,TRUE
217,QS010A,nvidia/nemotron-3-nano-omni,baseline,QS-FA10,quant-scope,1,0,TRUE
217,QS010A,nvidia/nemotron-3-nano-omni,baseline,QS-FA10,quant-scope,1,0,TRUE
218,QS010B,nvidia/nemotron-3-nano-omni,baseline,QS-FA10,quant-scope,1,0,FALSE
218,QS010B,nvidia/nemotron-3-nano-omni,baseline,QS-FA10,quant-scope,1,0,FALSE
218,QS010B,nvidia/nemotron-3-nano-omni,baseline,QS-FA10,quant-scope,1,0,FALSE
218,QS010B,nvidia/nemotron-3-nano-omni,baseline,QS-FA10,quant-scope,1,0,FALSE
218,QS010B,nvidia/nemotron-3-nano-omni,baseline,QS-FA10,quant-scope,1,0,FALSE
218,QS010B,nvidia/nemotron-3-nano-omni,baseline,QS-FA10,quant-scope,1,0,FALSE
219,QS011A,nvidia/nemotron-3-nano-omni,baseline,QS-FA11,quant-scope,1,0,TRUE
219,QS011A,nvidia/nemotron-3-nano-omni,baseline,QS-FA11,quant-scope,1,0,TRUE
219,QS011A,nvidia/nemotron-3-nano-omni,baseline,QS-FA11,quant-scope,1,0,TRUE
219,QS011A,nvidia/nemotron-3-nano-omni,baseline,QS-FA11,quant-scope,1,0,TRUE
219,QS011A,nvidia/nemotron-3-nano-omni,baseline,QS-FA11,quant-scope,1,0,TRUE
219,QS011A,nvidia/nemotron-3-nano-omni,baseline,QS-FA11,quant-scope,1,0,TRUE
220,QS011B,nvidia/nemotron-3-nano-omni,baseline,QS-FA11,quant-scope,1,0,FALSE
220,QS011B,nvidia/nemotron-3-nano-omni,baseline,QS-FA11,quant-scope,1,0,FALSE
220,QS011B,nvidia/nemotron-3-nano-omni,baseline,QS-FA11,quant-scope,1,0,FALSE
220,QS011B,nvidia/nemotron-3-nano-omni,baseline,QS-FA11,quant-scope,1,0,FALSE
220,QS011B,nvidia/nemotron-3-nano-omni,baseline,QS-FA11,quant-scope,1,0,FALSE
220,QS011B,nvidia/nemotron-3-nano-omni,baseline,QS-FA11,quant-scope,1,0,FALSE
221,QS012A,nvidia/nemotron-3-nano-omni,baseline,QS-FA12,quant-scope,0,0,TRUE
221,QS012A,nvidia/nemotron-3-nano-omni,baseline,QS-FA12,quant-scope,0,0,TRUE
221,QS012A,nvidia/nemotron-3-nano-omni,baseline,QS-FA12,quant-scope,0,0,TRUE
221,QS012A,nvidia/nemotron-3-nano-omni,baseline,QS-FA12,quant-scope,0,0,TRUE
221,QS012A,nvidia/nemotron-3-nano-omni,baseline,QS-FA12,quant-scope,0,0,TRUE
221,QS012A,nvidia/nemotron-3-nano-omni,baseline,QS-FA12,quant-scope,0,0,TRUE
222,QS012B,nvidia/nemotron-3-nano-omni,baseline,QS-FA12,quant-scope,1,0,FALSE
222,QS012B,nvidia/nemotron-3-nano-omni,baseline,QS-FA12,quant-scope,1,0,FALSE
222,QS012B,nvidia/nemotron-3-nano-omni,baseline,QS-FA12,quant-scope,1,0,FALSE
222,QS012B,nvidia/nemotron-3-nano-omni,baseline,QS-FA12,quant-scope,1,0,FALSE
222,QS012B,nvidia/nemotron-3-nano-omni,baseline,QS-FA12,quant-scope,1,0,FALSE
222,QS012B,nvidia/nemotron-3-nano-omni,baseline,QS-FA12,quant-scope,1,0,FALSE
223,QS013A,nvidia/nemotron-3-nano-omni,baseline,QS-FA13,quant-scope,0,0,TRUE
223,QS013A,nvidia/nemotron-3-nano-omni,baseline,QS-FA13,quant-scope,0,0,TRUE
223,QS013A,nvidia/nemotron-3-nano-omni,baseline,QS-FA13,quant-scope,0,0,TRUE
223,QS013A,nvidia/nemotron-3-nano-omni,baseline,QS-FA13,quant-scope,0,0,TRUE
223,QS013A,nvidia/nemotron-3-nano-omni,baseline,QS-FA13,quant-scope,0,0,TRUE
223,QS013A,nvidia/nemotron-3-nano-omni,baseline,QS-FA13,quant-scope,0,0,TRUE
224,QS013B,nvidia/nemotron-3-nano-omni,baseline,QS-FA13,quant-scope,1,0,FALSE
224,QS013B,nvidia/nemotron-3-nano-omni,baseline,QS-FA13,quant-scope,1,0,FALSE
224,QS013B,nvidia/nemotron-3-nano-omni,baseline,QS-FA13,quant-scope,1,0,FALSE
224,QS013B,nvidia/nemotron-3-nano-omni,baseline,QS-FA13,quant-scope,1,0,FALSE
224,QS013B,nvidia/nemotron-3-nano-omni,baseline,QS-FA13,quant-scope,1,0,FALSE
224,QS013B,nvidia/nemotron-3-nano-omni,baseline,QS-FA13,quant-scope,1,0,FALSE
225,QS014A,nvidia/nemotron-3-nano-omni,baseline,QS-FA14,quant-scope,0,0,TRUE
225,QS014A,nvidia/nemotron-3-nano-omni,baseline,QS-FA14,quant-scope,0,0,TRUE
225,QS014A,nvidia/nemotron-3-nano-omni,baseline,QS-FA14,quant-scope,0,0,TRUE
225,QS014A,nvidia/nemotron-3-nano-omni,baseline,QS-FA14,quant-scope,0,0,TRUE
225,QS014A,nvidia/nemotron-3-nano-omni,baseline,QS-FA14,quant-scope,0,0,TRUE
225,QS014A,nvidia/nemotron-3-nano-omni,baseline,QS-FA14,quant-scope,0,0,TRUE
226,QS014B,nvidia/nemotron-3-nano-omni,baseline,QS-FA14,quant-scope,1,0,FALSE
226,QS014B,nvidia/nemotron-3-nano-omni,baseline,QS-FA14,quant-scope,1,0,FALSE
226,QS014B,nvidia/nemotron-3-nano-omni,baseline,QS-FA14,quant-scope,1,0,FALSE
226,QS014B,nvidia/nemotron-3-nano-omni,baseline,QS-FA14,quant-scope,1,0,FALSE
226,QS014B,nvidia/nemotron-3-nano-omni,baseline,QS-FA14,quant-scope,1,0,FALSE
226,QS014B,nvidia/nemotron-3-nano-omni,baseline,QS-FA14,quant-scope,1,0,FALSE
227,QS015A,nvidia/nemotron-3-nano-omni,baseline,QS-FA15,quant-scope,0,0,TRUE
227,QS015A,nvidia/nemotron-3-nano-omni,baseline,QS-FA15,quant-scope,0,0,TRUE
227,QS015A,nvidia/nemotron-3-nano-omni,baseline,QS-FA15,quant-scope,0,0,TRUE
227,QS015A,nvidia/nemotron-3-nano-omni,baseline,QS-FA15,quant-scope,0,0,TRUE
227,QS015A,nvidia/nemotron-3-nano-omni,baseline,QS-FA15,quant-scope,0,0,TRUE
227,QS015A,nvidia/nemotron-3-nano-omni,baseline,QS-FA15,quant-scope,0,0,TRUE
228,QS015B,nvidia/nemotron-3-nano-omni,baseline,QS-FA15,quant-scope,1,0,FALSE
228,QS015B,nvidia/nemotron-3-nano-omni,baseline,QS-FA15,quant-scope,1,0,FALSE
228,QS015B,nvidia/nemotron-3-nano-omni,baseline,QS-FA15,quant-scope,1,0,FALSE
228,QS015B,nvidia/nemotron-3-nano-omni,baseline,QS-FA15,quant-scope,1,0,FALSE
228,QS015B,nvidia/nemotron-3-nano-omni,baseline,QS-FA15,quant-scope,1,0,FALSE
228,QS015B,nvidia/nemotron-3-nano-omni,baseline,QS-FA15,quant-scope,1,0,FALSE
229,QS016A,nvidia/nemotron-3-nano-omni,baseline,QS-FA16,quant-scope,1,0,TRUE
229,QS016A,nvidia/nemotron-3-nano-omni,baseline,QS-FA16,quant-scope,1,0,TRUE
229,QS016A,nvidia/nemotron-3-nano-omni,baseline,QS-FA16,quant-scope,1,0,TRUE
229,QS016A,nvidia/nemotron-3-nano-omni,baseline,QS-FA16,quant-scope,1,0,TRUE
229,QS016A,nvidia/nemotron-3-nano-omni,baseline,QS-FA16,quant-scope,1,0,TRUE
229,QS016A,nvidia/nemotron-3-nano-omni,baseline,QS-FA16,quant-scope,1,0,TRUE
230,QS016B,nvidia/nemotron-3-nano-omni,baseline,QS-FA16,quant-scope,1,0,FALSE
230,QS016B,nvidia/nemotron-3-nano-omni,baseline,QS-FA16,quant-scope,1,0,FALSE
230,QS016B,nvidia/nemotron-3-nano-omni,baseline,QS-FA16,quant-scope,1,0,FALSE
230,QS016B,nvidia/nemotron-3-nano-omni,baseline,QS-FA16,quant-scope,1,0,FALSE
230,QS016B,nvidia/nemotron-3-nano-omni,baseline,QS-FA16,quant-scope,1,0,FALSE
230,QS016B,nvidia/nemotron-3-nano-omni,baseline,QS-FA16,quant-scope,1,0,FALSE
231,QS017A,nvidia/nemotron-3-nano-omni,baseline,QS-FA17,quant-scope,0,0,TRUE
231,QS017A,nvidia/nemotron-3-nano-omni,baseline,QS-FA17,quant-scope,0,0,TRUE
231,QS017A,nvidia/nemotron-3-nano-omni,baseline,QS-FA17,quant-scope,0,0,TRUE
231,QS017A,nvidia/nemotron-3-nano-omni,baseline,QS-FA17,quant-scope,0,0,TRUE
231,QS017A,nvidia/nemotron-3-nano-omni,baseline,QS-FA17,quant-scope,0,0,TRUE
231,QS017A,nvidia/nemotron-3-nano-omni,baseline,QS-FA17,quant-scope,0,0,TRUE
232,QS017B,nvidia/nemotron-3-nano-omni,baseline,QS-FA17,quant-scope,1,0,FALSE
232,QS017B,nvidia/nemotron-3-nano-omni,baseline,QS-FA17,quant-scope,1,0,FALSE
232,QS017B,nvidia/nemotron-3-nano-omni,baseline,QS-FA17,quant-scope,1,0,FALSE
232,QS017B,nvidia/nemotron-3-nano-omni,baseline,QS-FA17,quant-scope,1,0,FALSE
232,QS017B,nvidia/nemotron-3-nano-omni,baseline,QS-FA17,quant-scope,1,0,FALSE
232,QS017B,nvidia/nemotron-3-nano-omni,baseline,QS-FA17,quant-scope,1,0,FALSE
233,QS018A,nvidia/nemotron-3-nano-omni,baseline,QS-FA18,quant-scope,1,0,TRUE
233,QS018A,nvidia/nemotron-3-nano-omni,baseline,QS-FA18,quant-scope,1,0,TRUE
233,QS018A,nvidia/nemotron-3-nano-omni,baseline,QS-FA18,quant-scope,1,0,TRUE
233,QS018A,nvidia/nemotron-3-nano-omni,baseline,QS-FA18,quant-scope,1,0,TRUE
233,QS018A,nvidia/nemotron-3-nano-omni,baseline,QS-FA18,quant-scope,1,0,TRUE
233,QS018A,nvidia/nemotron-3-nano-omni,baseline,QS-FA18,quant-scope,1,0,TRUE
234,QS018B,nvidia/nemotron-3-nano-omni,baseline,QS-FA18,quant-scope,1,0,FALSE
234,QS018B,nvidia/nemotron-3-nano-omni,baseline,QS-FA18,quant-scope,1,0,FALSE
234,QS018B,nvidia/nemotron-3-nano-omni,baseline,QS-FA18,quant-scope,1,0,FALSE
234,QS018B,nvidia/nemotron-3-nano-omni,baseline,QS-FA18,quant-scope,1,0,FALSE
234,QS018B,nvidia/nemotron-3-nano-omni,baseline,QS-FA18,quant-scope,1,0,FALSE
234,QS018B,nvidia/nemotron-3-nano-omni,baseline,QS-FA18,quant-scope,1,0,FALSE
235,QS019A,nvidia/nemotron-3-nano-omni,baseline,QS-FA19,quant-scope,0,0,TRUE
235,QS019A,nvidia/nemotron-3-nano-omni,baseline,QS-FA19,quant-scope,0,0,TRUE
235,QS019A,nvidia/nemotron-3-nano-omni,baseline,QS-FA19,quant-scope,0,0,TRUE
235,QS019A,nvidia/nemotron-3-nano-omni,baseline,QS-FA19,quant-scope,0,0,TRUE
235,QS019A,nvidia/nemotron-3-nano-omni,baseline,QS-FA19,quant-scope,0,0,TRUE
235,QS019A,nvidia/nemotron-3-nano-omni,baseline,QS-FA19,quant-scope,0,0,TRUE
236,QS019B,nvidia/nemotron-3-nano-omni,baseline,QS-FA19,quant-scope,1,0,FALSE
236,QS019B,nvidia/nemotron-3-nano-omni,baseline,QS-FA19,quant-scope,1,0,FALSE
236,QS019B,nvidia/nemotron-3-nano-omni,baseline,QS-FA19,quant-scope,1,0,FALSE
236,QS019B,nvidia/nemotron-3-nano-omni,baseline,QS-FA19,quant-scope,1,0,FALSE
236,QS019B,nvidia/nemotron-3-nano-omni,baseline,QS-FA19,quant-scope,1,0,FALSE
236,QS019B,nvidia/nemotron-3-nano-omni,baseline,QS-FA19,quant-scope,1,0,FALSE
237,QS020A,nvidia/nemotron-3-nano-omni,baseline,QS-FA20,quant-scope,1,0,TRUE
237,QS020A,nvidia/nemotron-3-nano-omni,baseline,QS-FA20,quant-scope,1,0,TRUE
237,QS020A,nvidia/nemotron-3-nano-omni,baseline,QS-FA20,quant-scope,1,0,TRUE
237,QS020A,nvidia/nemotron-3-nano-omni,baseline,QS-FA20,quant-scope,1,0,TRUE
237,QS020A,nvidia/nemotron-3-nano-omni,baseline,QS-FA20,quant-scope,1,0,TRUE
237,QS020A,nvidia/nemotron-3-nano-omni,baseline,QS-FA20,quant-scope,1,0,TRUE
238,QS020B,nvidia/nemotron-3-nano-omni,baseline,QS-FA20,quant-scope,1,0,FALSE
238,QS020B,nvidia/nemotron-3-nano-omni,baseline,QS-FA20,quant-scope,1,0,FALSE
238,QS020B,nvidia/nemotron-3-nano-omni,baseline,QS-FA20,quant-scope,1,0,FALSE
238,QS020B,nvidia/nemotron-3-nano-omni,baseline,QS-FA20,quant-scope,1,0,FALSE
238,QS020B,nvidia/nemotron-3-nano-omni,baseline,QS-FA20,quant-scope,1,0,FALSE
238,QS020B,nvidia/nemotron-3-nano-omni,baseline,QS-FA20,quant-scope,1,0,FALSE
239,QS021A,nvidia/nemotron-3-nano-omni,baseline,QS-FA21,quant-scope,0,0,TRUE
239,QS021A,nvidia/nemotron-3-nano-omni,baseline,QS-FA21,quant-scope,0,0,TRUE
239,QS021A,nvidia/nemotron-3-nano-omni,baseline,QS-FA21,quant-scope,0,0,TRUE
239,QS021A,nvidia/nemotron-3-nano-omni,baseline,QS-FA21,quant-scope,0,0,TRUE
239,QS021A,nvidia/nemotron-3-nano-omni,baseline,QS-FA21,quant-scope,0,0,TRUE
239,QS021A,nvidia/nemotron-3-nano-omni,baseline,QS-FA21,quant-scope,0,0,TRUE
240,QS021B,nvidia/nemotron-3-nano-omni,baseline,QS-FA21,quant-scope,1,0,FALSE
240,QS021B,nvidia/nemotron-3-nano-omni,baseline,QS-FA21,quant-scope,1,0,FALSE
240,QS021B,nvidia/nemotron-3-nano-omni,baseline,QS-FA21,quant-scope,1,0,FALSE
240,QS021B,nvidia/nemotron-3-nano-omni,baseline,QS-FA21,quant-scope,1,0,FALSE
240,QS021B,nvidia/nemotron-3-nano-omni,baseline,QS-FA21,quant-scope,1,0,FALSE
240,QS021B,nvidia/nemotron-3-nano-omni,baseline,QS-FA21,quant-scope,1,0,FALSE
241,QS022A,nvidia/nemotron-3-nano-omni,baseline,QS-FA22,quant-scope,0,0,TRUE
241,QS022A,nvidia/nemotron-3-nano-omni,baseline,QS-FA22,quant-scope,0,0,TRUE
241,QS022A,nvidia/nemotron-3-nano-omni,baseline,QS-FA22,quant-scope,0,0,TRUE
241,QS022A,nvidia/nemotron-3-nano-omni,baseline,QS-FA22,quant-scope,0,0,TRUE
241,QS022A,nvidia/nemotron-3-nano-omni,baseline,QS-FA22,quant-scope,0,0,TRUE
241,QS022A,nvidia/nemotron-3-nano-omni,baseline,QS-FA22,quant-scope,0,0,TRUE
242,QS022B,nvidia/nemotron-3-nano-omni,baseline,QS-FA22,quant-scope,1,0,FALSE
242,QS022B,nvidia/nemotron-3-nano-omni,baseline,QS-FA22,quant-scope,1,0,FALSE
242,QS022B,nvidia/nemotron-3-nano-omni,baseline,QS-FA22,quant-scope,1,0,FALSE
242,QS022B,nvidia/nemotron-3-nano-omni,baseline,QS-FA22,quant-scope,1,0,FALSE
242,QS022B,nvidia/nemotron-3-nano-omni,baseline,QS-FA22,quant-scope,1,0,FALSE
242,QS022B,nvidia/nemotron-3-nano-omni,baseline,QS-FA22,quant-scope,1,0,FALSE
243,QS023A,nvidia/nemotron-3-nano-omni,baseline,QS-FA23,quant-scope,1,0,TRUE
243,QS023A,nvidia/nemotron-3-nano-omni,baseline,QS-FA23,quant-scope,1,0,TRUE
243,QS023A,nvidia/nemotron-3-nano-omni,baseline,QS-FA23,quant-scope,1,0,TRUE
243,QS023A,nvidia/nemotron-3-nano-omni,baseline,QS-FA23,quant-scope,1,0,TRUE
243,QS023A,nvidia/nemotron-3-nano-omni,baseline,QS-FA23,quant-scope,1,0,TRUE
243,QS023A,nvidia/nemotron-3-nano-omni,baseline,QS-FA23,quant-scope,1,0,TRUE
244,QS023B,nvidia/nemotron-3-nano-omni,baseline,QS-FA23,quant-scope,1,0,FALSE
244,QS023B,nvidia/nemotron-3-nano-omni,baseline,QS-FA23,quant-scope,1,0,FALSE
244,QS023B,nvidia/nemotron-3-nano-omni,baseline,QS-FA23,quant-scope,1,0,FALSE
244,QS023B,nvidia/nemotron-3-nano-omni,baseline,QS-FA23,quant-scope,1,0,FALSE
244,QS023B,nvidia/nemotron-3-nano-omni,baseline,QS-FA23,quant-scope,1,0,FALSE
244,QS023B,nvidia/nemotron-3-nano-omni,baseline,QS-FA23,quant-scope,1,0,FALSE
245,QS024A,nvidia/nemotron-3-nano-omni,baseline,QS-FA24,quant-scope,0,0,TRUE
245,QS024A,nvidia/nemotron-3-nano-omni,baseline,QS-FA24,quant-scope,0,0,TRUE
245,QS024A,nvidia/nemotron-3-nano-omni,baseline,QS-FA24,quant-scope,0,0,TRUE
245,QS024A,nvidia/nemotron-3-nano-omni,baseline,QS-FA24,quant-scope,0,0,TRUE
245,QS024A,nvidia/nemotron-3-nano-omni,baseline,QS-FA24,quant-scope,0,0,TRUE
245,QS024A,nvidia/nemotron-3-nano-omni,baseline,QS-FA24,quant-scope,0,0,TRUE
246,QS024B,nvidia/nemotron-3-nano-omni,baseline,QS-FA24,quant-scope,1,0,FALSE
246,QS024B,nvidia/nemotron-3-nano-omni,baseline,QS-FA24,quant-scope,1,0,FALSE
246,QS024B,nvidia/nemotron-3-nano-omni,baseline,QS-FA24,quant-scope,1,0,FALSE
246,QS024B,nvidia/nemotron-3-nano-omni,baseline,QS-FA24,quant-scope,1,0,FALSE
246,QS024B,nvidia/nemotron-3-nano-omni,baseline,QS-FA24,quant-scope,1,0,FALSE
246,QS024B,nvidia/nemotron-3-nano-omni,baseline,QS-FA24,quant-scope,1,0,FALSE
247,QS025A,nvidia/nemotron-3-nano-omni,baseline,QS-FA25,quant-scope,1,0,TRUE
247,QS025A,nvidia/nemotron-3-nano-omni,baseline,QS-FA25,quant-scope,1,0,TRUE
247,QS025A,nvidia/nemotron-3-nano-omni,baseline,QS-FA25,quant-scope,1,0,TRUE
247,QS025A,nvidia/nemotron-3-nano-omni,baseline,QS-FA25,quant-scope,1,0,TRUE
247,QS025A,nvidia/nemotron-3-nano-omni,baseline,QS-FA25,quant-scope,1,0,TRUE
247,QS025A,nvidia/nemotron-3-nano-omni,baseline,QS-FA25,quant-scope,1,0,TRUE
248,QS025B,nvidia/nemotron-3-nano-omni,baseline,QS-FA25,quant-scope,1,0,FALSE
248,QS025B,nvidia/nemotron-3-nano-omni,baseline,QS-FA25,quant-scope,1,0,FALSE
248,QS025B,nvidia/nemotron-3-nano-omni,baseline,QS-FA25,quant-scope,1,0,FALSE
248,QS025B,nvidia/nemotron-3-nano-omni,baseline,QS-FA25,quant-scope,1,0,FALSE
248,QS025B,nvidia/nemotron-3-nano-omni,baseline,QS-FA25,quant-scope,1,0,FALSE
248,QS025B,nvidia/nemotron-3-nano-omni,baseline,QS-FA25,quant-scope,1,0,FALSE
249,QS026A,nvidia/nemotron-3-nano-omni,baseline,QS-FA26,quant-scope,1,0,TRUE
249,QS026A,nvidia/nemotron-3-nano-omni,baseline,QS-FA26,quant-scope,1,0,TRUE
249,QS026A,nvidia/nemotron-3-nano-omni,baseline,QS-FA26,quant-scope,1,0,TRUE
249,QS026A,nvidia/nemotron-3-nano-omni,baseline,QS-FA26,quant-scope,1,0,TRUE
249,QS026A,nvidia/nemotron-3-nano-omni,baseline,QS-FA26,quant-scope,1,0,TRUE
249,QS026A,nvidia/nemotron-3-nano-omni,baseline,QS-FA26,quant-scope,1,0,TRUE
250,QS026B,nvidia/nemotron-3-nano-omni,baseline,QS-FA26,quant-scope,1,0,FALSE
250,QS026B,nvidia/nemotron-3-nano-omni,baseline,QS-FA26,quant-scope,1,0,FALSE
250,QS026B,nvidia/nemotron-3-nano-omni,baseline,QS-FA26,quant-scope,1,0,FALSE
250,QS026B,nvidia/nemotron-3-nano-omni,baseline,QS-FA26,quant-scope,1,0,FALSE
250,QS026B,nvidia/nemotron-3-nano-omni,baseline,QS-FA26,quant-scope,1,0,FALSE
250,QS026B,nvidia/nemotron-3-nano-omni,baseline,QS-FA26,quant-scope,1,0,FALSE
251,QS027A,nvidia/nemotron-3-nano-omni,baseline,QS-FA27,quant-scope,1,0,TRUE
251,QS027A,nvidia/nemotron-3-nano-omni,baseline,QS-FA27,quant-scope,1,0,TRUE
251,QS027A,nvidia/nemotron-3-nano-omni,baseline,QS-FA27,quant-scope,1,0,TRUE
251,QS027A,nvidia/nemotron-3-nano-omni,baseline,QS-FA27,quant-scope,1,0,TRUE
251,QS027A,nvidia/nemotron-3-nano-omni,baseline,QS-FA27,quant-scope,1,0,TRUE
251,QS027A,nvidia/nemotron-3-nano-omni,baseline,QS-FA27,quant-scope,1,0,TRUE
252,QS027B,nvidia/nemotron-3-nano-omni,baseline,QS-FA27,quant-scope,1,0,FALSE
252,QS027B,nvidia/nemotron-3-nano-omni,baseline,QS-FA27,quant-scope,1,0,FALSE
252,QS027B,nvidia/nemotron-3-nano-omni,baseline,QS-FA27,quant-scope,1,0,FALSE
252,QS027B,nvidia/nemotron-3-nano-omni,baseline,QS-FA27,quant-scope,1,0,FALSE
252,QS027B,nvidia/nemotron-3-nano-omni,baseline,QS-FA27,quant-scope,1,0,FALSE
252,QS027B,nvidia/nemotron-3-nano-omni,baseline,QS-FA27,quant-scope,1,0,FALSE
253,QS028A,nvidia/nemotron-3-nano-omni,baseline,QS-FA28,quant-scope,0,0,TRUE
253,QS028A,nvidia/nemotron-3-nano-omni,baseline,QS-FA28,quant-scope,0,0,TRUE
253,QS028A,nvidia/nemotron-3-nano-omni,baseline,QS-FA28,quant-scope,0,0,TRUE
253,QS028A,nvidia/nemotron-3-nano-omni,baseline,QS-FA28,quant-scope,0,0,TRUE
253,QS028A,nvidia/nemotron-3-nano-omni,baseline,QS-FA28,quant-scope,0,0,TRUE
253,QS028A,nvidia/nemotron-3-nano-omni,baseline,QS-FA28,quant-scope,0,0,TRUE
254,QS028B,nvidia/nemotron-3-nano-omni,baseline,QS-FA28,quant-scope,1,0,FALSE
254,QS028B,nvidia/nemotron-3-nano-omni,baseline,QS-FA28,quant-scope,1,0,FALSE
254,QS028B,nvidia/nemotron-3-nano-omni,baseline,QS-FA28,quant-scope,1,0,FALSE
254,QS028B,nvidia/nemotron-3-nano-omni,baseline,QS-FA28,quant-scope,1,0,FALSE
254,QS028B,nvidia/nemotron-3-nano-omni,baseline,QS-FA28,quant-scope,1,0,FALSE
254,QS028B,nvidia/nemotron-3-nano-omni,baseline,QS-FA28,quant-scope,1,0,FALSE
255,QS029A,nvidia/nemotron-3-nano-omni,baseline,QS-FA29,quant-scope,0,0,TRUE
255,QS029A,nvidia/nemotron-3-nano-omni,baseline,QS-FA29,quant-scope,0,0,TRUE
255,QS029A,nvidia/nemotron-3-nano-omni,baseline,QS-FA29,quant-scope,0,0,TRUE
255,QS029A,nvidia/nemotron-3-nano-omni,baseline,QS-FA29,quant-scope,0,0,TRUE
255,QS029A,nvidia/nemotron-3-nano-omni,baseline,QS-FA29,quant-scope,0,0,TRUE
255,QS029A,nvidia/nemotron-3-nano-omni,baseline,QS-FA29,quant-scope,0,0,TRUE
256,QS029B,nvidia/nemotron-3-nano-omni,baseline,QS-FA29,quant-scope,1,0,FALSE
256,QS029B,nvidia/nemotron-3-nano-omni,baseline,QS-FA29,quant-scope,1,0,FALSE
256,QS029B,nvidia/nemotron-3-nano-omni,baseline,QS-FA29,quant-scope,1,0,FALSE
256,QS029B,nvidia/nemotron-3-nano-omni,baseline,QS-FA29,quant-scope,1,0,FALSE
256,QS029B,nvidia/nemotron-3-nano-omni,baseline,QS-FA29,quant-scope,1,0,FALSE
256,QS029B,nvidia/nemotron-3-nano-omni,baseline,QS-FA29,quant-scope,1,0,FALSE
257,QS030A,nvidia/nemotron-3-nano-omni,baseline,QS-FA30,quant-scope,1,0,TRUE
257,QS030A,nvidia/nemotron-3-nano-omni,baseline,QS-FA30,quant-scope,1,0,TRUE
257,QS030A,nvidia/nemotron-3-nano-omni,baseline,QS-FA30,quant-scope,1,0,TRUE
257,QS030A,nvidia/nemotron-3-nano-omni,baseline,QS-FA30,quant-scope,1,0,TRUE
257,QS030A,nvidia/nemotron-3-nano-omni,baseline,QS-FA30,quant-scope,1,0,TRUE
257,QS030A,nvidia/nemotron-3-nano-omni,baseline,QS-FA30,quant-scope,1,0,TRUE
258,QS030B,nvidia/nemotron-3-nano-omni,baseline,QS-FA30,quant-scope,1,0,FALSE
258,QS030B,nvidia/nemotron-3-nano-omni,baseline,QS-FA30,quant-scope,1,0,FALSE
258,QS030B,nvidia/nemotron-3-nano-omni,baseline,QS-FA30,quant-scope,1,0,FALSE
258,QS030B,nvidia/nemotron-3-nano-omni,baseline,QS-FA30,quant-scope,1,0,FALSE
258,QS030B,nvidia/nemotron-3-nano-omni,baseline,QS-FA30,quant-scope,1,0,FALSE
258,QS030B,nvidia/nemotron-3-nano-omni,baseline,QS-FA30,quant-scope,1,0,FALSE
259,QS031A,nvidia/nemotron-3-nano-omni,baseline,QS-FA31,quant-scope,1,0,TRUE
259,QS031A,nvidia/nemotron-3-nano-omni,baseline,QS-FA31,quant-scope,1,0,TRUE
259,QS031A,nvidia/nemotron-3-nano-omni,baseline,QS-FA31,quant-scope,1,0,TRUE
259,QS031A,nvidia/nemotron-3-nano-omni,baseline,QS-FA31,quant-scope,1,0,TRUE
259,QS031A,nvidia/nemotron-3-nano-omni,baseline,QS-FA31,quant-scope,1,0,TRUE
259,QS031A,nvidia/nemotron-3-nano-omni,baseline,QS-FA31,quant-scope,1,0,TRUE
260,QS031B,nvidia/nemotron-3-nano-omni,baseline,QS-FA31,quant-scope,1,0,FALSE
260,QS031B,nvidia/nemotron-3-nano-omni,baseline,QS-FA31,quant-scope,1,0,FALSE
260,QS031B,nvidia/nemotron-3-nano-omni,baseline,QS-FA31,quant-scope,1,0,FALSE
260,QS031B,nvidia/nemotron-3-nano-omni,baseline,QS-FA31,quant-scope,1,0,FALSE
260,QS031B,nvidia/nemotron-3-nano-omni,baseline,QS-FA31,quant-scope,1,0,FALSE
260,QS031B,nvidia/nemotron-3-nano-omni,baseline,QS-FA31,quant-scope,1,0,FALSE
261,QS032A,nvidia/nemotron-3-nano-omni,baseline,QS-FA32,quant-scope,1,0,TRUE
261,QS032A,nvidia/nemotron-3-nano-omni,baseline,QS-FA32,quant-scope,1,0,TRUE
261,QS032A,nvidia/nemotron-3-nano-omni,baseline,QS-FA32,quant-scope,1,0,TRUE
261,QS032A,nvidia/nemotron-3-nano-omni,baseline,QS-FA32,quant-scope,1,0,TRUE
261,QS032A,nvidia/nemotron-3-nano-omni,baseline,QS-FA32,quant-scope,1,0,TRUE
261,QS032A,nvidia/nemotron-3-nano-omni,baseline,QS-FA32,quant-scope,1,0,TRUE
262,QS032B,nvidia/nemotron-3-nano-omni,baseline,QS-FA32,quant-scope,1,0,FALSE
262,QS032B,nvidia/nemotron-3-nano-omni,baseline,QS-FA32,quant-scope,1,0,FALSE
262,QS032B,nvidia/nemotron-3-nano-omni,baseline,QS-FA32,quant-scope,1,0,FALSE
262,QS032B,nvidia/nemotron-3-nano-omni,baseline,QS-FA32,quant-scope,1,0,FALSE
262,QS032B,nvidia/nemotron-3-nano-omni,baseline,QS-FA32,quant-scope,1,0,FALSE
262,QS032B,nvidia/nemotron-3-nano-omni,baseline,QS-FA32,quant-scope,1,0,FALSE
263,QS033A,nvidia/nemotron-3-nano-omni,baseline,QS-FA33,quant-scope,1,0,TRUE
263,QS033A,nvidia/nemotron-3-nano-omni,baseline,QS-FA33,quant-scope,1,0,TRUE
263,QS033A,nvidia/nemotron-3-nano-omni,baseline,QS-FA33,quant-scope,1,0,TRUE
263,QS033A,nvidia/nemotron-3-nano-omni,baseline,QS-FA33,quant-scope,1,0,TRUE
263,QS033A,nvidia/nemotron-3-nano-omni,baseline,QS-FA33,quant-scope,1,0,TRUE
263,QS033A,nvidia/nemotron-3-nano-omni,baseline,QS-FA33,quant-scope,1,0,TRUE
264,QS033B,nvidia/nemotron-3-nano-omni,baseline,QS-FA33,quant-scope,1,0,FALSE
264,QS033B,nvidia/nemotron-3-nano-omni,baseline,QS-FA33,quant-scope,1,0,FALSE
264,QS033B,nvidia/nemotron-3-nano-omni,baseline,QS-FA33,quant-scope,1,0,FALSE
264,QS033B,nvidia/nemotron-3-nano-omni,baseline,QS-FA33,quant-scope,1,0,FALSE
264,QS033B,nvidia/nemotron-3-nano-omni,baseline,QS-FA33,quant-scope,1,0,FALSE
264,QS033B,nvidia/nemotron-3-nano-omni,baseline,QS-FA33,quant-scope,1,0,FALSE
265,QS034A,nvidia/nemotron-3-nano-omni,baseline,QS-FA34,quant-scope,0,0,TRUE
265,QS034A,nvidia/nemotron-3-nano-omni,baseline,QS-FA34,quant-scope,0,0,TRUE
265,QS034A,nvidia/nemotron-3-nano-omni,baseline,QS-FA34,quant-scope,0,0,TRUE
265,QS034A,nvidia/nemotron-3-nano-omni,baseline,QS-FA34,quant-scope,0,0,TRUE
265,QS034A,nvidia/nemotron-3-nano-omni,baseline,QS-FA34,quant-scope,0,0,TRUE
265,QS034A,nvidia/nemotron-3-nano-omni,baseline,QS-FA34,quant-scope,0,0,TRUE
266,QS034B,nvidia/nemotron-3-nano-omni,baseline,QS-FA34,quant-scope,1,0,FALSE
266,QS034B,nvidia/nemotron-3-nano-omni,baseline,QS-FA34,quant-scope,1,0,FALSE
266,QS034B,nvidia/nemotron-3-nano-omni,baseline,QS-FA34,quant-scope,1,0,FALSE
266,QS034B,nvidia/nemotron-3-nano-omni,baseline,QS-FA34,quant-scope,1,0,FALSE
266,QS034B,nvidia/nemotron-3-nano-omni,baseline,QS-FA34,quant-scope,1,0,FALSE
266,QS034B,nvidia/nemotron-3-nano-omni,baseline,QS-FA34,quant-scope,1,0,FALSE
267,QS035A,nvidia/nemotron-3-nano-omni,baseline,QS-FA35,quant-scope,1,0,TRUE
267,QS035A,nvidia/nemotron-3-nano-omni,baseline,QS-FA35,quant-scope,1,0,TRUE
267,QS035A,nvidia/nemotron-3-nano-omni,baseline,QS-FA35,quant-scope,1,0,TRUE
267,QS035A,nvidia/nemotron-3-nano-omni,baseline,QS-FA35,quant-scope,1,0,TRUE
267,QS035A,nvidia/nemotron-3-nano-omni,baseline,QS-FA35,quant-scope,1,0,TRUE
267,QS035A,nvidia/nemotron-3-nano-omni,baseline,QS-FA35,quant-scope,1,0,TRUE
268,QS035B,nvidia/nemotron-3-nano-omni,baseline,QS-FA35,quant-scope,1,0,FALSE
268,QS035B,nvidia/nemotron-3-nano-omni,baseline,QS-FA35,quant-scope,1,0,FALSE
268,QS035B,nvidia/nemotron-3-nano-omni,baseline,QS-FA35,quant-scope,1,0,FALSE
268,QS035B,nvidia/nemotron-3-nano-omni,baseline,QS-FA35,quant-scope,1,0,FALSE
268,QS035B,nvidia/nemotron-3-nano-omni,baseline,QS-FA35,quant-scope,1,0,FALSE
268,QS035B,nvidia/nemotron-3-nano-omni,baseline,QS-FA35,quant-scope,1,0,FALSE
269,QS036A,nvidia/nemotron-3-nano-omni,baseline,QS-FA36,quant-scope,1,0,TRUE
269,QS036A,nvidia/nemotron-3-nano-omni,baseline,QS-FA36,quant-scope,1,0,TRUE
269,QS036A,nvidia/nemotron-3-nano-omni,baseline,QS-FA36,quant-scope,1,0,TRUE
269,QS036A,nvidia/nemotron-3-nano-omni,baseline,QS-FA36,quant-scope,1,0,TRUE
269,QS036A,nvidia/nemotron-3-nano-omni,baseline,QS-FA36,quant-scope,1,0,TRUE
269,QS036A,nvidia/nemotron-3-nano-omni,baseline,QS-FA36,quant-scope,1,0,TRUE
270,QS036B,nvidia/nemotron-3-nano-omni,baseline,QS-FA36,quant-scope,1,0,FALSE
270,QS036B,nvidia/nemotron-3-nano-omni,baseline,QS-FA36,quant-scope,1,0,FALSE
270,QS036B,nvidia/nemotron-3-nano-omni,baseline,QS-FA36,quant-scope,1,0,FALSE
270,QS036B,nvidia/nemotron-3-nano-omni,baseline,QS-FA36,quant-scope,1,0,FALSE
270,QS036B,nvidia/nemotron-3-nano-omni,baseline,QS-FA36,quant-scope,1,0,FALSE
270,QS036B,nvidia/nemotron-3-nano-omni,baseline,QS-FA36,quant-scope,1,0,FALSE
271,QS037A,nvidia/nemotron-3-nano-omni,baseline,QS-FA37,quant-scope,1,0,TRUE
271,QS037A,nvidia/nemotron-3-nano-omni,baseline,QS-FA37,quant-scope,1,0,TRUE
271,QS037A,nvidia/nemotron-3-nano-omni,baseline,QS-FA37,quant-scope,1,0,TRUE
271,QS037A,nvidia/nemotron-3-nano-omni,baseline,QS-FA37,quant-scope,1,0,TRUE
271,QS037A,nvidia/nemotron-3-nano-omni,baseline,QS-FA37,quant-scope,1,0,TRUE
271,QS037A,nvidia/nemotron-3-nano-omni,baseline,QS-FA37,quant-scope,1,0,TRUE
272,QS037B,nvidia/nemotron-3-nano-omni,baseline,QS-FA37,quant-scope,1,0,FALSE
272,QS037B,nvidia/nemotron-3-nano-omni,baseline,QS-FA37,quant-scope,1,0,FALSE
272,QS037B,nvidia/nemotron-3-nano-omni,baseline,QS-FA37,quant-scope,1,0,FALSE
272,QS037B,nvidia/nemotron-3-nano-omni,baseline,QS-FA37,quant-scope,1,0,FALSE
272,QS037B,nvidia/nemotron-3-nano-omni,baseline,QS-FA37,quant-scope,1,0,FALSE
272,QS037B,nvidia/nemotron-3-nano-omni,baseline,QS-FA37,quant-scope,1,0,FALSE
273,QS038A,nvidia/nemotron-3-nano-omni,baseline,QS-FA38,quant-scope,1,0,TRUE
273,QS038A,nvidia/nemotron-3-nano-omni,baseline,QS-FA38,quant-scope,1,0,TRUE
273,QS038A,nvidia/nemotron-3-nano-omni,baseline,QS-FA38,quant-scope,1,0,TRUE
273,QS038A,nvidia/nemotron-3-nano-omni,baseline,QS-FA38,quant-scope,1,0,TRUE
273,QS038A,nvidia/nemotron-3-nano-omni,baseline,QS-FA38,quant-scope,1,0,TRUE
273,QS038A,nvidia/nemotron-3-nano-omni,baseline,QS-FA38,quant-scope,1,0,TRUE
274,QS038B,nvidia/nemotron-3-nano-omni,baseline,QS-FA38,quant-scope,1,0,FALSE
274,QS038B,nvidia/nemotron-3-nano-omni,baseline,QS-FA38,quant-scope,1,0,FALSE
274,QS038B,nvidia/nemotron-3-nano-omni,baseline,QS-FA38,quant-scope,1,0,FALSE
274,QS038B,nvidia/nemotron-3-nano-omni,baseline,QS-FA38,quant-scope,1,0,FALSE
274,QS038B,nvidia/nemotron-3-nano-omni,baseline,QS-FA38,quant-scope,1,0,FALSE
274,QS038B,nvidia/nemotron-3-nano-omni,baseline,QS-FA38,quant-scope,1,0,FALSE
275,QS039A,nvidia/nemotron-3-nano-omni,baseline,QS-FA39,quant-scope,1,0,TRUE
275,QS039A,nvidia/nemotron-3-nano-omni,baseline,QS-FA39,quant-scope,1,0,TRUE
275,QS039A,nvidia/nemotron-3-nano-omni,baseline,QS-FA39,quant-scope,1,0,TRUE
275,QS039A,nvidia/nemotron-3-nano-omni,baseline,QS-FA39,quant-scope,1,0,TRUE
275,QS039A,nvidia/nemotron-3-nano-omni,baseline,QS-FA39,quant-scope,1,0,TRUE
275,QS039A,nvidia/nemotron-3-nano-omni,baseline,QS-FA39,quant-scope,1,0,TRUE
276,QS039B,nvidia/nemotron-3-nano-omni,baseline,QS-FA39,quant-scope,1,0,FALSE
276,QS039B,nvidia/nemotron-3-nano-omni,baseline,QS-FA39,quant-scope,1,0,FALSE
276,QS039B,nvidia/nemotron-3-nano-omni,baseline,QS-FA39,quant-scope,1,0,FALSE
276,QS039B,nvidia/nemotron-3-nano-omni,baseline,QS-FA39,quant-scope,1,0,FALSE
276,QS039B,nvidia/nemotron-3-nano-omni,baseline,QS-FA39,quant-scope,1,0,FALSE
276,QS039B,nvidia/nemotron-3-nano-omni,baseline,QS-FA39,quant-scope,1,0,FALSE
277,QS040A,nvidia/nemotron-3-nano-omni,baseline,QS-FA40,quant-scope,0,0,TRUE
277,QS040A,nvidia/nemotron-3-nano-omni,baseline,QS-FA40,quant-scope,0,0,TRUE
277,QS040A,nvidia/nemotron-3-nano-omni,baseline,QS-FA40,quant-scope,0,0,TRUE
277,QS040A,nvidia/nemotron-3-nano-omni,baseline,QS-FA40,quant-scope,0,0,TRUE
277,QS040A,nvidia/nemotron-3-nano-omni,baseline,QS-FA40,quant-scope,0,0,TRUE
277,QS040A,nvidia/nemotron-3-nano-omni,baseline,QS-FA40,quant-scope,0,0,TRUE
278,QS040B,nvidia/nemotron-3-nano-omni,baseline,QS-FA40,quant-scope,1,0,FALSE
278,QS040B,nvidia/nemotron-3-nano-omni,baseline,QS-FA40,quant-scope,1,0,FALSE
278,QS040B,nvidia/nemotron-3-nano-omni,baseline,QS-FA40,quant-scope,1,0,FALSE
278,QS040B,nvidia/nemotron-3-nano-omni,baseline,QS-FA40,quant-scope,1,0,FALSE
278,QS040B,nvidia/nemotron-3-nano-omni,baseline,QS-FA40,quant-scope,1,0,FALSE
278,QS040B,nvidia/nemotron-3-nano-omni,baseline,QS-FA40,quant-scope,1,0,FALSE
279,QS041A,nvidia/nemotron-3-nano-omni,baseline,QS-FA41,quant-scope,0,0,TRUE
279,QS041A,nvidia/nemotron-3-nano-omni,baseline,QS-FA41,quant-scope,0,0,TRUE
279,QS041A,nvidia/nemotron-3-nano-omni,baseline,QS-FA41,quant-scope,0,0,TRUE
279,QS041A,nvidia/nemotron-3-nano-omni,baseline,QS-FA41,quant-scope,0,0,TRUE
279,QS041A,nvidia/nemotron-3-nano-omni,baseline,QS-FA41,quant-scope,0,0,TRUE
279,QS041A,nvidia/nemotron-3-nano-omni,baseline,QS-FA41,quant-scope,0,0,TRUE
280,QS041B,nvidia/nemotron-3-nano-omni,baseline,QS-FA41,quant-scope,1,0,FALSE
280,QS041B,nvidia/nemotron-3-nano-omni,baseline,QS-FA41,quant-scope,1,0,FALSE
280,QS041B,nvidia/nemotron-3-nano-omni,baseline,QS-FA41,quant-scope,1,0,FALSE
280,QS041B,nvidia/nemotron-3-nano-omni,baseline,QS-FA41,quant-scope,1,0,FALSE
280,QS041B,nvidia/nemotron-3-nano-omni,baseline,QS-FA41,quant-scope,1,0,FALSE
280,QS041B,nvidia/nemotron-3-nano-omni,baseline,QS-FA41,quant-scope,1,0,FALSE
281,QS042A,nvidia/nemotron-3-nano-omni,baseline,QS-FA42,quant-scope,1,0,TRUE
281,QS042A,nvidia/nemotron-3-nano-omni,baseline,QS-FA42,quant-scope,1,0,TRUE
281,QS042A,nvidia/nemotron-3-nano-omni,baseline,QS-FA42,quant-scope,1,0,TRUE
281,QS042A,nvidia/nemotron-3-nano-omni,baseline,QS-FA42,quant-scope,1,0,TRUE
281,QS042A,nvidia/nemotron-3-nano-omni,baseline,QS-FA42,quant-scope,1,0,TRUE
281,QS042A,nvidia/nemotron-3-nano-omni,baseline,QS-FA42,quant-scope,1,0,TRUE
282,QS042B,nvidia/nemotron-3-nano-omni,baseline,QS-FA42,quant-scope,1,0,FALSE
282,QS042B,nvidia/nemotron-3-nano-omni,baseline,QS-FA42,quant-scope,1,0,FALSE
282,QS042B,nvidia/nemotron-3-nano-omni,baseline,QS-FA42,quant-scope,1,0,FALSE
282,QS042B,nvidia/nemotron-3-nano-omni,baseline,QS-FA42,quant-scope,1,0,FALSE
282,QS042B,nvidia/nemotron-3-nano-omni,baseline,QS-FA42,quant-scope,1,0,FALSE
282,QS042B,nvidia/nemotron-3-nano-omni,baseline,QS-FA42,quant-scope,1,0,FALSE
283,QS043A,nvidia/nemotron-3-nano-omni,baseline,QS-FA43,quant-scope,0,0,TRUE
283,QS043A,nvidia/nemotron-3-nano-omni,baseline,QS-FA43,quant-scope,0,0,TRUE
283,QS043A,nvidia/nemotron-3-nano-omni,baseline,QS-FA43,quant-scope,0,0,TRUE
283,QS043A,nvidia/nemotron-3-nano-omni,baseline,QS-FA43,quant-scope,0,0,TRUE
283,QS043A,nvidia/nemotron-3-nano-omni,baseline,QS-FA43,quant-scope,0,0,TRUE
283,QS043A,nvidia/nemotron-3-nano-omni,baseline,QS-FA43,quant-scope,0,0,TRUE
284,QS043B,nvidia/nemotron-3-nano-omni,baseline,QS-FA43,quant-scope,1,0,FALSE
284,QS043B,nvidia/nemotron-3-nano-omni,baseline,QS-FA43,quant-scope,1,0,FALSE
284,QS043B,nvidia/nemotron-3-nano-omni,baseline,QS-FA43,quant-scope,1,0,FALSE
284,QS043B,nvidia/nemotron-3-nano-omni,baseline,QS-FA43,quant-scope,1,0,FALSE
284,QS043B,nvidia/nemotron-3-nano-omni,baseline,QS-FA43,quant-scope,1,0,FALSE
284,QS043B,nvidia/nemotron-3-nano-omni,baseline,QS-FA43,quant-scope,1,0,FALSE
285,QS044A,nvidia/nemotron-3-nano-omni,baseline,QS-FA44,quant-scope,0,0,TRUE
285,QS044A,nvidia/nemotron-3-nano-omni,baseline,QS-FA44,quant-scope,0,0,TRUE
285,QS044A,nvidia/nemotron-3-nano-omni,baseline,QS-FA44,quant-scope,0,0,TRUE
285,QS044A,nvidia/nemotron-3-nano-omni,baseline,QS-FA44,quant-scope,0,0,TRUE
285,QS044A,nvidia/nemotron-3-nano-omni,baseline,QS-FA44,quant-scope,0,0,TRUE
285,QS044A,nvidia/nemotron-3-nano-omni,baseline,QS-FA44,quant-scope,0,0,TRUE
286,QS044B,nvidia/nemotron-3-nano-omni,baseline,QS-FA44,quant-scope,1,0,FALSE
286,QS044B,nvidia/nemotron-3-nano-omni,baseline,QS-FA44,quant-scope,1,0,FALSE
286,QS044B,nvidia/nemotron-3-nano-omni,baseline,QS-FA44,quant-scope,1,0,FALSE
286,QS044B,nvidia/nemotron-3-nano-omni,baseline,QS-FA44,quant-scope,1,0,FALSE
286,QS044B,nvidia/nemotron-3-nano-omni,baseline,QS-FA44,quant-scope,1,0,FALSE
286,QS044B,nvidia/nemotron-3-nano-omni,baseline,QS-FA44,quant-scope,1,0,FALSE
287,QS045A,nvidia/nemotron-3-nano-omni,baseline,QS-FA45,quant-scope,1,0,TRUE
287,QS045A,nvidia/nemotron-3-nano-omni,baseline,QS-FA45,quant-scope,1,0,TRUE
287,QS045A,nvidia/nemotron-3-nano-omni,baseline,QS-FA45,quant-scope,1,0,TRUE
287,QS045A,nvidia/nemotron-3-nano-omni,baseline,QS-FA45,quant-scope,1,0,TRUE
287,QS045A,nvidia/nemotron-3-nano-omni,baseline,QS-FA45,quant-scope,1,0,TRUE
287,QS045A,nvidia/nemotron-3-nano-omni,baseline,QS-FA45,quant-scope,1,0,TRUE
288,QS045B,nvidia/nemotron-3-nano-omni,baseline,QS-FA45,quant-scope,1,0,FALSE
288,QS045B,nvidia/nemotron-3-nano-omni,baseline,QS-FA45,quant-scope,1,0,FALSE
288,QS045B,nvidia/nemotron-3-nano-omni,baseline,QS-FA45,quant-scope,1,0,FALSE
288,QS045B,nvidia/nemotron-3-nano-omni,baseline,QS-FA45,quant-scope,1,0,FALSE
288,QS045B,nvidia/nemotron-3-nano-omni,baseline,QS-FA45,quant-scope,1,0,FALSE
288,QS045B,nvidia/nemotron-3-nano-omni,baseline,QS-FA45,quant-scope,1,0,FALSE
289,QS046A,nvidia/nemotron-3-nano-omni,baseline,QS-FA46,quant-scope,1,0,TRUE
289,QS046A,nvidia/nemotron-3-nano-omni,baseline,QS-FA46,quant-scope,1,0,TRUE
289,QS046A,nvidia/nemotron-3-nano-omni,baseline,QS-FA46,quant-scope,1,0,TRUE
289,QS046A,nvidia/nemotron-3-nano-omni,baseline,QS-FA46,quant-scope,1,0,TRUE
289,QS046A,nvidia/nemotron-3-nano-omni,baseline,QS-FA46,quant-scope,1,0,TRUE
289,QS046A,nvidia/nemotron-3-nano-omni,baseline,QS-FA46,quant-scope,1,0,TRUE
290,QS046B,nvidia/nemotron-3-nano-omni,baseline,QS-FA46,quant-scope,1,0,FALSE
290,QS046B,nvidia/nemotron-3-nano-omni,baseline,QS-FA46,quant-scope,1,0,FALSE
290,QS046B,nvidia/nemotron-3-nano-omni,baseline,QS-FA46,quant-scope,1,0,FALSE
290,QS046B,nvidia/nemotron-3-nano-omni,baseline,QS-FA46,quant-scope,1,0,FALSE
290,QS046B,nvidia/nemotron-3-nano-omni,baseline,QS-FA46,quant-scope,1,0,FALSE
290,QS046B,nvidia/nemotron-3-nano-omni,baseline,QS-FA46,quant-scope,1,0,FALSE
291,QS047A,nvidia/nemotron-3-nano-omni,baseline,QS-FA47,quant-scope,1,0,TRUE
291,QS047A,nvidia/nemotron-3-nano-omni,baseline,QS-FA47,quant-scope,1,0,TRUE
291,QS047A,nvidia/nemotron-3-nano-omni,baseline,QS-FA47,quant-scope,1,0,TRUE
291,QS047A,nvidia/nemotron-3-nano-omni,baseline,QS-FA47,quant-scope,1,0,TRUE
291,QS047A,nvidia/nemotron-3-nano-omni,baseline,QS-FA47,quant-scope,1,0,TRUE
291,QS047A,nvidia/nemotron-3-nano-omni,baseline,QS-FA47,quant-scope,1,0,TRUE
292,QS047B,nvidia/nemotron-3-nano-omni,baseline,QS-FA47,quant-scope,1,0,FALSE
292,QS047B,nvidia/nemotron-3-nano-omni,baseline,QS-FA47,quant-scope,1,0,FALSE
292,QS047B,nvidia/nemotron-3-nano-omni,baseline,QS-FA47,quant-scope,1,0,FALSE
292,QS047B,nvidia/nemotron-3-nano-omni,baseline,QS-FA47,quant-scope,1,0,FALSE
292,QS047B,nvidia/nemotron-3-nano-omni,baseline,QS-FA47,quant-scope,1,0,FALSE
292,QS047B,nvidia/nemotron-3-nano-omni,baseline,QS-FA47,quant-scope,1,0,FALSE
293,QS048A,nvidia/nemotron-3-nano-omni,baseline,QS-FA48,quant-scope,1,0,TRUE
293,QS048A,nvidia/nemotron-3-nano-omni,baseline,QS-FA48,quant-scope,1,0,TRUE
293,QS048A,nvidia/nemotron-3-nano-omni,baseline,QS-FA48,quant-scope,1,0,TRUE
293,QS048A,nvidia/nemotron-3-nano-omni,baseline,QS-FA48,quant-scope,1,0,TRUE
293,QS048A,nvidia/nemotron-3-nano-omni,baseline,QS-FA48,quant-scope,1,0,TRUE
293,QS048A,nvidia/nemotron-3-nano-omni,baseline,QS-FA48,quant-scope,1,0,TRUE
294,QS048B,nvidia/nemotron-3-nano-omni,baseline,QS-FA48,quant-scope,1,0,FALSE
294,QS048B,nvidia/nemotron-3-nano-omni,baseline,QS-FA48,quant-scope,1,0,FALSE
294,QS048B,nvidia/nemotron-3-nano-omni,baseline,QS-FA48,quant-scope,1,0,FALSE
294,QS048B,nvidia/nemotron-3-nano-omni,baseline,QS-FA48,quant-scope,1,0,FALSE
294,QS048B,nvidia/nemotron-3-nano-omni,baseline,QS-FA48,quant-scope,1,0,FALSE
294,QS048B,nvidia/nemotron-3-nano-omni,baseline,QS-FA48,quant-scope,1,0,FALSE
295,QS049A,nvidia/nemotron-3-nano-omni,baseline,QS-FA49,quant-scope,0,0,TRUE
295,QS049A,nvidia/nemotron-3-nano-omni,baseline,QS-FA49,quant-scope,0,0,TRUE
295,QS049A,nvidia/nemotron-3-nano-omni,baseline,QS-FA49,quant-scope,0,0,TRUE
295,QS049A,nvidia/nemotron-3-nano-omni,baseline,QS-FA49,quant-scope,0,0,TRUE
295,QS049A,nvidia/nemotron-3-nano-omni,baseline,QS-FA49,quant-scope,0,0,TRUE
295,QS049A,nvidia/nemotron-3-nano-omni,baseline,QS-FA49,quant-scope,0,0,TRUE
296,QS049B,nvidia/nemotron-3-nano-omni,baseline,QS-FA49,quant-scope,1,0,FALSE
296,QS049B,nvidia/nemotron-3-nano-omni,baseline,QS-FA49,quant-scope,1,0,FALSE
296,QS049B,nvidia/nemotron-3-nano-omni,baseline,QS-FA49,quant-scope,1,0,FALSE
296,QS049B,nvidia/nemotron-3-nano-omni,baseline,QS-FA49,quant-scope,1,0,FALSE
296,QS049B,nvidia/nemotron-3-nano-omni,baseline,QS-FA49,quant-scope,1,0,FALSE
296,QS049B,nvidia/nemotron-3-nano-omni,baseline,QS-FA49,quant-scope,1,0,FALSE
297,QS050A,nvidia/nemotron-3-nano-omni,baseline,QS-FA50,quant-scope,1,0,TRUE
297,QS050A,nvidia/nemotron-3-nano-omni,baseline,QS-FA50,quant-scope,1,0,TRUE
297,QS050A,nvidia/nemotron-3-nano-omni,baseline,QS-FA50,quant-scope,1,0,TRUE
297,QS050A,nvidia/nemotron-3-nano-omni,baseline,QS-FA50,quant-scope,1,0,TRUE
297,QS050A,nvidia/nemotron-3-nano-omni,baseline,QS-FA50,quant-scope,1,0,TRUE
297,QS050A,nvidia/nemotron-3-nano-omni,baseline,QS-FA50,quant-scope,1,0,TRUE
298,QS050B,nvidia/nemotron-3-nano-omni,baseline,QS-FA50,quant-scope,1,0,FALSE
298,QS050B,nvidia/nemotron-3-nano-omni,baseline,QS-FA50,quant-scope,1,0,FALSE
298,QS050B,nvidia/nemotron-3-nano-omni,baseline,QS-FA50,quant-scope,1,0,FALSE
298,QS050B,nvidia/nemotron-3-nano-omni,baseline,QS-FA50,quant-scope,1,0,FALSE
298,QS050B,nvidia/nemotron-3-nano-omni,baseline,QS-FA50,quant-scope,1,0,FALSE
298,QS050B,nvidia/nemotron-3-nano-omni,baseline,QS-FA50,quant-scope,1,0,FALSE
299,QS051A,nvidia/nemotron-3-nano-omni,baseline,QS-FA51,quant-scope,0,0,TRUE
299,QS051A,nvidia/nemotron-3-nano-omni,baseline,QS-FA51,quant-scope,0,0,TRUE
299,QS051A,nvidia/nemotron-3-nano-omni,baseline,QS-FA51,quant-scope,0,0,TRUE
299,QS051A,nvidia/nemotron-3-nano-omni,baseline,QS-FA51,quant-scope,0,0,TRUE
299,QS051A,nvidia/nemotron-3-nano-omni,baseline,QS-FA51,quant-scope,0,0,TRUE
299,QS051A,nvidia/nemotron-3-nano-omni,baseline,QS-FA51,quant-scope,0,0,TRUE
300,QS051B,nvidia/nemotron-3-nano-omni,baseline,QS-FA51,quant-scope,1,0,FALSE
300,QS051B,nvidia/nemotron-3-nano-omni,baseline,QS-FA51,quant-scope,1,0,FALSE
300,QS051B,nvidia/nemotron-3-nano-omni,baseline,QS-FA51,quant-scope,1,0,FALSE
300,QS051B,nvidia/nemotron-3-nano-omni,baseline,QS-FA51,quant-scope,1,0,FALSE
300,QS051B,nvidia/nemotron-3-nano-omni,baseline,QS-FA51,quant-scope,1,0,FALSE
300,QS051B,nvidia/nemotron-3-nano-omni,baseline,QS-FA51,quant-scope,1,0,FALSE
301,QS052A,nvidia/nemotron-3-nano-omni,baseline,QS-FA52,quant-scope,1,0,TRUE
301,QS052A,nvidia/nemotron-3-nano-omni,baseline,QS-FA52,quant-scope,1,0,TRUE
301,QS052A,nvidia/nemotron-3-nano-omni,baseline,QS-FA52,quant-scope,1,0,TRUE
301,QS052A,nvidia/nemotron-3-nano-omni,baseline,QS-FA52,quant-scope,1,0,TRUE
301,QS052A,nvidia/nemotron-3-nano-omni,baseline,QS-FA52,quant-scope,1,0,TRUE
301,QS052A,nvidia/nemotron-3-nano-omni,baseline,QS-FA52,quant-scope,1,0,TRUE
302,QS052B,nvidia/nemotron-3-nano-omni,baseline,QS-FA52,quant-scope,1,0,FALSE
302,QS052B,nvidia/nemotron-3-nano-omni,baseline,QS-FA52,quant-scope,1,0,FALSE
302,QS052B,nvidia/nemotron-3-nano-omni,baseline,QS-FA52,quant-scope,1,0,FALSE
302,QS052B,nvidia/nemotron-3-nano-omni,baseline,QS-FA52,quant-scope,1,0,FALSE
302,QS052B,nvidia/nemotron-3-nano-omni,baseline,QS-FA52,quant-scope,1,0,FALSE
302,QS052B,nvidia/nemotron-3-nano-omni,baseline,QS-FA52,quant-scope,1,0,FALSE
303,QS053A,nvidia/nemotron-3-nano-omni,baseline,QS-FA53,quant-scope,1,0,TRUE
303,QS053A,nvidia/nemotron-3-nano-omni,baseline,QS-FA53,quant-scope,1,0,TRUE
303,QS053A,nvidia/nemotron-3-nano-omni,baseline,QS-FA53,quant-scope,1,0,TRUE
303,QS053A,nvidia/nemotron-3-nano-omni,baseline,QS-FA53,quant-scope,1,0,TRUE
303,QS053A,nvidia/nemotron-3-nano-omni,baseline,QS-FA53,quant-scope,1,0,TRUE
303,QS053A,nvidia/nemotron-3-nano-omni,baseline,QS-FA53,quant-scope,1,0,TRUE
304,QS053B,nvidia/nemotron-3-nano-omni,baseline,QS-FA53,quant-scope,1,0,FALSE
304,QS053B,nvidia/nemotron-3-nano-omni,baseline,QS-FA53,quant-scope,1,0,FALSE
304,QS053B,nvidia/nemotron-3-nano-omni,baseline,QS-FA53,quant-scope,1,0,FALSE
304,QS053B,nvidia/nemotron-3-nano-omni,baseline,QS-FA53,quant-scope,1,0,FALSE
304,QS053B,nvidia/nemotron-3-nano-omni,baseline,QS-FA53,quant-scope,1,0,FALSE
304,QS053B,nvidia/nemotron-3-nano-omni,baseline,QS-FA53,quant-scope,1,0,FALSE
305,QS054A,nvidia/nemotron-3-nano-omni,baseline,QS-FA54,quant-scope,1,0,TRUE
305,QS054A,nvidia/nemotron-3-nano-omni,baseline,QS-FA54,quant-scope,1,0,TRUE
305,QS054A,nvidia/nemotron-3-nano-omni,baseline,QS-FA54,quant-scope,1,0,TRUE
305,QS054A,nvidia/nemotron-3-nano-omni,baseline,QS-FA54,quant-scope,1,0,TRUE
305,QS054A,nvidia/nemotron-3-nano-omni,baseline,QS-FA54,quant-scope,1,0,TRUE
305,QS054A,nvidia/nemotron-3-nano-omni,baseline,QS-FA54,quant-scope,1,0,TRUE
306,QS054B,nvidia/nemotron-3-nano-omni,baseline,QS-FA54,quant-scope,1,0,FALSE
306,QS054B,nvidia/nemotron-3-nano-omni,baseline,QS-FA54,quant-scope,1,0,FALSE
306,QS054B,nvidia/nemotron-3-nano-omni,baseline,QS-FA54,quant-scope,1,0,FALSE
306,QS054B,nvidia/nemotron-3-nano-omni,baseline,QS-FA54,quant-scope,1,0,FALSE
306,QS054B,nvidia/nemotron-3-nano-omni,baseline,QS-FA54,quant-scope,1,0,FALSE
306,QS054B,nvidia/nemotron-3-nano-omni,baseline,QS-FA54,quant-scope,1,0,FALSE
307,QS055A,nvidia/nemotron-3-nano-omni,baseline,QS-FA55,quant-scope,1,0,TRUE
307,QS055A,nvidia/nemotron-3-nano-omni,baseline,QS-FA55,quant-scope,1,0,TRUE
307,QS055A,nvidia/nemotron-3-nano-omni,baseline,QS-FA55,quant-scope,1,0,TRUE
307,QS055A,nvidia/nemotron-3-nano-omni,baseline,QS-FA55,quant-scope,1,0,TRUE
307,QS055A,nvidia/nemotron-3-nano-omni,baseline,QS-FA55,quant-scope,1,0,TRUE
307,QS055A,nvidia/nemotron-3-nano-omni,baseline,QS-FA55,quant-scope,1,0,TRUE
308,QS055B,nvidia/nemotron-3-nano-omni,baseline,QS-FA55,quant-scope,1,0,FALSE
308,QS055B,nvidia/nemotron-3-nano-omni,baseline,QS-FA55,quant-scope,1,0,FALSE
308,QS055B,nvidia/nemotron-3-nano-omni,baseline,QS-FA55,quant-scope,1,0,FALSE
308,QS055B,nvidia/nemotron-3-nano-omni,baseline,QS-FA55,quant-scope,1,0,FALSE
308,QS055B,nvidia/nemotron-3-nano-omni,baseline,QS-FA55,quant-scope,1,0,FALSE
308,QS055B,nvidia/nemotron-3-nano-omni,baseline,QS-FA55,quant-scope,1,0,FALSE
309,QS056A,nvidia/nemotron-3-nano-omni,baseline,QS-FA56,quant-scope,1,0,TRUE
309,QS056A,nvidia/nemotron-3-nano-omni,baseline,QS-FA56,quant-scope,1,0,TRUE
309,QS056A,nvidia/nemotron-3-nano-omni,baseline,QS-FA56,quant-scope,1,0,TRUE
309,QS056A,nvidia/nemotron-3-nano-omni,baseline,QS-FA56,quant-scope,1,0,TRUE
309,QS056A,nvidia/nemotron-3-nano-omni,baseline,QS-FA56,quant-scope,1,0,TRUE
309,QS056A,nvidia/nemotron-3-nano-omni,baseline,QS-FA56,quant-scope,1,0,TRUE
310,QS056B,nvidia/nemotron-3-nano-omni,baseline,QS-FA56,quant-scope,1,0,FALSE
310,QS056B,nvidia/nemotron-3-nano-omni,baseline,QS-FA56,quant-scope,1,0,FALSE
310,QS056B,nvidia/nemotron-3-nano-omni,baseline,QS-FA56,quant-scope,1,0,FALSE
310,QS056B,nvidia/nemotron-3-nano-omni,baseline,QS-FA56,quant-scope,1,0,FALSE
310,QS056B,nvidia/nemotron-3-nano-omni,baseline,QS-FA56,quant-scope,1,0,FALSE
310,QS056B,nvidia/nemotron-3-nano-omni,baseline,QS-FA56,quant-scope,1,0,FALSE
311,QS057A,nvidia/nemotron-3-nano-omni,baseline,QS-FA57,quant-scope,1,0,TRUE
311,QS057A,nvidia/nemotron-3-nano-omni,baseline,QS-FA57,quant-scope,1,0,TRUE
311,QS057A,nvidia/nemotron-3-nano-omni,baseline,QS-FA57,quant-scope,1,0,TRUE
311,QS057A,nvidia/nemotron-3-nano-omni,baseline,QS-FA57,quant-scope,1,0,TRUE
311,QS057A,nvidia/nemotron-3-nano-omni,baseline,QS-FA57,quant-scope,1,0,TRUE
311,QS057A,nvidia/nemotron-3-nano-omni,baseline,QS-FA57,quant-scope,1,0,TRUE
312,QS057B,nvidia/nemotron-3-nano-omni,baseline,QS-FA57,quant-scope,1,0,FALSE
312,QS057B,nvidia/nemotron-3-nano-omni,baseline,QS-FA57,quant-scope,1,0,FALSE
312,QS057B,nvidia/nemotron-3-nano-omni,baseline,QS-FA57,quant-scope,1,0,FALSE
312,QS057B,nvidia/nemotron-3-nano-omni,baseline,QS-FA57,quant-scope,1,0,FALSE
312,QS057B,nvidia/nemotron-3-nano-omni,baseline,QS-FA57,quant-scope,1,0,FALSE
312,QS057B,nvidia/nemotron-3-nano-omni,baseline,QS-FA57,quant-scope,1,0,FALSE
313,QS058A,nvidia/nemotron-3-nano-omni,baseline,QS-EA01,quant-scope,1,0,TRUE
313,QS058A,nvidia/nemotron-3-nano-omni,baseline,QS-EA01,quant-scope,1,0,TRUE
313,QS058A,nvidia/nemotron-3-nano-omni,baseline,QS-EA01,quant-scope,1,0,TRUE
313,QS058A,nvidia/nemotron-3-nano-omni,baseline,QS-EA01,quant-scope,1,0,TRUE
313,QS058A,nvidia/nemotron-3-nano-omni,baseline,QS-EA01,quant-scope,1,0,TRUE
313,QS058A,nvidia/nemotron-3-nano-omni,baseline,QS-EA01,quant-scope,1,0,TRUE
314,QS059B,nvidia/nemotron-3-nano-omni,baseline,QS-EA01,quant-scope,1,0,FALSE
314,QS059B,nvidia/nemotron-3-nano-omni,baseline,QS-EA01,quant-scope,1,0,FALSE
314,QS059B,nvidia/nemotron-3-nano-omni,baseline,QS-EA01,quant-scope,1,0,FALSE
314,QS059B,nvidia/nemotron-3-nano-omni,baseline,QS-EA01,quant-scope,1,0,FALSE
314,QS059B,nvidia/nemotron-3-nano-omni,baseline,QS-EA01,quant-scope,1,0,FALSE
314,QS059B,nvidia/nemotron-3-nano-omni,baseline,QS-EA01,quant-scope,1,0,FALSE
315,QS060C,nvidia/nemotron-3-nano-omni,baseline,QS-EA01,quant-scope,1,0,TRUE
315,QS060C,nvidia/nemotron-3-nano-omni,baseline,QS-EA01,quant-scope,1,0,TRUE
315,QS060C,nvidia/nemotron-3-nano-omni,baseline,QS-EA01,quant-scope,1,0,TRUE
315,QS060C,nvidia/nemotron-3-nano-omni,baseline,QS-EA01,quant-scope,1,0,TRUE
315,QS060C,nvidia/nemotron-3-nano-omni,baseline,QS-EA01,quant-scope,1,0,TRUE
315,QS060C,nvidia/nemotron-3-nano-omni,baseline,QS-EA01,quant-scope,1,0,TRUE
316,QS061A,nvidia/nemotron-3-nano-omni,baseline,QS-EA02,quant-scope,1,0,TRUE
316,QS061A,nvidia/nemotron-3-nano-omni,baseline,QS-EA02,quant-scope,1,0,TRUE
316,QS061A,nvidia/nemotron-3-nano-omni,baseline,QS-EA02,quant-scope,1,0,TRUE
316,QS061A,nvidia/nemotron-3-nano-omni,baseline,QS-EA02,quant-scope,1,0,TRUE
316,QS061A,nvidia/nemotron-3-nano-omni,baseline,QS-EA02,quant-scope,1,0,TRUE
316,QS061A,nvidia/nemotron-3-nano-omni,baseline,QS-EA02,quant-scope,1,0,TRUE
317,QS062B,nvidia/nemotron-3-nano-omni,baseline,QS-EA02,quant-scope,1,0,FALSE
317,QS062B,nvidia/nemotron-3-nano-omni,baseline,QS-EA02,quant-scope,1,0,FALSE
317,QS062B,nvidia/nemotron-3-nano-omni,baseline,QS-EA02,quant-scope,1,0,FALSE
317,QS062B,nvidia/nemotron-3-nano-omni,baseline,QS-EA02,quant-scope,1,0,FALSE
317,QS062B,nvidia/nemotron-3-nano-omni,baseline,QS-EA02,quant-scope,1,0,FALSE
317,QS062B,nvidia/nemotron-3-nano-omni,baseline,QS-EA02,quant-scope,1,0,FALSE
318,QS063C,nvidia/nemotron-3-nano-omni,baseline,QS-EA02,quant-scope,1,0,TRUE
318,QS063C,nvidia/nemotron-3-nano-omni,baseline,QS-EA02,quant-scope,1,0,TRUE
318,QS063C,nvidia/nemotron-3-nano-omni,baseline,QS-EA02,quant-scope,1,0,TRUE
318,QS063C,nvidia/nemotron-3-nano-omni,baseline,QS-EA02,quant-scope,1,0,TRUE
318,QS063C,nvidia/nemotron-3-nano-omni,baseline,QS-EA02,quant-scope,1,0,TRUE
318,QS063C,nvidia/nemotron-3-nano-omni,baseline,QS-EA02,quant-scope,1,0,TRUE
319,QS064A,nvidia/nemotron-3-nano-omni,baseline,QS-EA03,quant-scope,1,0,TRUE
319,QS064A,nvidia/nemotron-3-nano-omni,baseline,QS-EA03,quant-scope,1,0,TRUE
319,QS064A,nvidia/nemotron-3-nano-omni,baseline,QS-EA03,quant-scope,1,0,TRUE
319,QS064A,nvidia/nemotron-3-nano-omni,baseline,QS-EA03,quant-scope,1,0,TRUE
319,QS064A,nvidia/nemotron-3-nano-omni,baseline,QS-EA03,quant-scope,1,0,TRUE
319,QS064A,nvidia/nemotron-3-nano-omni,baseline,QS-EA03,quant-scope,1,0,TRUE
320,QS065B,nvidia/nemotron-3-nano-omni,baseline,QS-EA03,quant-scope,1,0,FALSE
320,QS065B,nvidia/nemotron-3-nano-omni,baseline,QS-EA03,quant-scope,1,0,FALSE
320,QS065B,nvidia/nemotron-3-nano-omni,baseline,QS-EA03,quant-scope,1,0,FALSE
320,QS065B,nvidia/nemotron-3-nano-omni,baseline,QS-EA03,quant-scope,1,0,FALSE
320,QS065B,nvidia/nemotron-3-nano-omni,baseline,QS-EA03,quant-scope,1,0,FALSE
320,QS065B,nvidia/nemotron-3-nano-omni,baseline,QS-EA03,quant-scope,1,0,FALSE
321,QS066C,nvidia/nemotron-3-nano-omni,baseline,QS-EA03,quant-scope,1,0,TRUE
321,QS066C,nvidia/nemotron-3-nano-omni,baseline,QS-EA03,quant-scope,1,0,TRUE
321,QS066C,nvidia/nemotron-3-nano-omni,baseline,QS-EA03,quant-scope,1,0,TRUE
321,QS066C,nvidia/nemotron-3-nano-omni,baseline,QS-EA03,quant-scope,1,0,TRUE
321,QS066C,nvidia/nemotron-3-nano-omni,baseline,QS-EA03,quant-scope,1,0,TRUE
321,QS066C,nvidia/nemotron-3-nano-omni,baseline,QS-EA03,quant-scope,1,0,TRUE
322,QS067A,nvidia/nemotron-3-nano-omni,baseline,QS-EA04,quant-scope,1,0,TRUE
322,QS067A,nvidia/nemotron-3-nano-omni,baseline,QS-EA04,quant-scope,1,0,TRUE
322,QS067A,nvidia/nemotron-3-nano-omni,baseline,QS-EA04,quant-scope,1,0,TRUE
322,QS067A,nvidia/nemotron-3-nano-omni,baseline,QS-EA04,quant-scope,1,0,TRUE
322,QS067A,nvidia/nemotron-3-nano-omni,baseline,QS-EA04,quant-scope,1,0,TRUE
322,QS067A,nvidia/nemotron-3-nano-omni,baseline,QS-EA04,quant-scope,1,0,TRUE
323,QS068B,nvidia/nemotron-3-nano-omni,baseline,QS-EA04,quant-scope,1,0,FALSE
323,QS068B,nvidia/nemotron-3-nano-omni,baseline,QS-EA04,quant-scope,1,0,FALSE
323,QS068B,nvidia/nemotron-3-nano-omni,baseline,QS-EA04,quant-scope,1,0,FALSE
323,QS068B,nvidia/nemotron-3-nano-omni,baseline,QS-EA04,quant-scope,1,0,FALSE
323,QS068B,nvidia/nemotron-3-nano-omni,baseline,QS-EA04,quant-scope,1,0,FALSE
323,QS068B,nvidia/nemotron-3-nano-omni,baseline,QS-EA04,quant-scope,1,0,FALSE
324,QS069C,nvidia/nemotron-3-nano-omni,baseline,QS-EA04,quant-scope,1,0,TRUE
324,QS069C,nvidia/nemotron-3-nano-omni,baseline,QS-EA04,quant-scope,1,0,TRUE
324,QS069C,nvidia/nemotron-3-nano-omni,baseline,QS-EA04,quant-scope,1,0,TRUE
324,QS069C,nvidia/nemotron-3-nano-omni,baseline,QS-EA04,quant-scope,1,0,TRUE
324,QS069C,nvidia/nemotron-3-nano-omni,baseline,QS-EA04,quant-scope,1,0,TRUE
324,QS069C,nvidia/nemotron-3-nano-omni,baseline,QS-EA04,quant-scope,1,0,TRUE
325,QS070A,nvidia/nemotron-3-nano-omni,baseline,QS-EA05,quant-scope,1,0,TRUE
325,QS070A,nvidia/nemotron-3-nano-omni,baseline,QS-EA05,quant-scope,1,0,TRUE
325,QS070A,nvidia/nemotron-3-nano-omni,baseline,QS-EA05,quant-scope,1,0,TRUE
325,QS070A,nvidia/nemotron-3-nano-omni,baseline,QS-EA05,quant-scope,1,0,TRUE
325,QS070A,nvidia/nemotron-3-nano-omni,baseline,QS-EA05,quant-scope,1,0,TRUE
325,QS070A,nvidia/nemotron-3-nano-omni,baseline,QS-EA05,quant-scope,1,0,TRUE
326,QS071B,nvidia/nemotron-3-nano-omni,baseline,QS-EA05,quant-scope,1,0,FALSE
326,QS071B,nvidia/nemotron-3-nano-omni,baseline,QS-EA05,quant-scope,1,0,FALSE
326,QS071B,nvidia/nemotron-3-nano-omni,baseline,QS-EA05,quant-scope,1,0,FALSE
326,QS071B,nvidia/nemotron-3-nano-omni,baseline,QS-EA05,quant-scope,1,0,FALSE
326,QS071B,nvidia/nemotron-3-nano-omni,baseline,QS-EA05,quant-scope,1,0,FALSE
326,QS071B,nvidia/nemotron-3-nano-omni,baseline,QS-EA05,quant-scope,1,0,FALSE
327,QS072C,nvidia/nemotron-3-nano-omni,baseline,QS-EA05,quant-scope,1,0,TRUE
327,QS072C,nvidia/nemotron-3-nano-omni,baseline,QS-EA05,quant-scope,1,0,TRUE
327,QS072C,nvidia/nemotron-3-nano-omni,baseline,QS-EA05,quant-scope,1,0,TRUE
327,QS072C,nvidia/nemotron-3-nano-omni,baseline,QS-EA05,quant-scope,1,0,TRUE
327,QS072C,nvidia/nemotron-3-nano-omni,baseline,QS-EA05,quant-scope,1,0,TRUE
327,QS072C,nvidia/nemotron-3-nano-omni,baseline,QS-EA05,quant-scope,1,0,TRUE
328,QS073A,nvidia/nemotron-3-nano-omni,baseline,QS-EA06,quant-scope,1,0,TRUE
328,QS073A,nvidia/nemotron-3-nano-omni,baseline,QS-EA06,quant-scope,1,0,TRUE
328,QS073A,nvidia/nemotron-3-nano-omni,baseline,QS-EA06,quant-scope,1,0,TRUE
328,QS073A,nvidia/nemotron-3-nano-omni,baseline,QS-EA06,quant-scope,1,0,TRUE
328,QS073A,nvidia/nemotron-3-nano-omni,baseline,QS-EA06,quant-scope,1,0,TRUE
328,QS073A,nvidia/nemotron-3-nano-omni,baseline,QS-EA06,quant-scope,1,0,TRUE
329,QS074B,nvidia/nemotron-3-nano-omni,baseline,QS-EA06,quant-scope,1,0,FALSE
329,QS074B,nvidia/nemotron-3-nano-omni,baseline,QS-EA06,quant-scope,1,0,FALSE
329,QS074B,nvidia/nemotron-3-nano-omni,baseline,QS-EA06,quant-scope,1,0,FALSE
329,QS074B,nvidia/nemotron-3-nano-omni,baseline,QS-EA06,quant-scope,1,0,FALSE
329,QS074B,nvidia/nemotron-3-nano-omni,baseline,QS-EA06,quant-scope,1,0,FALSE
329,QS074B,nvidia/nemotron-3-nano-omni,baseline,QS-EA06,quant-scope,1,0,FALSE
330,QS075C,nvidia/nemotron-3-nano-omni,baseline,QS-EA06,quant-scope,1,0,TRUE
330,QS075C,nvidia/nemotron-3-nano-omni,baseline,QS-EA06,quant-scope,1,0,TRUE
330,QS075C,nvidia/nemotron-3-nano-omni,baseline,QS-EA06,quant-scope,1,0,TRUE
330,QS075C,nvidia/nemotron-3-nano-omni,baseline,QS-EA06,quant-scope,1,0,TRUE
330,QS075C,nvidia/nemotron-3-nano-omni,baseline,QS-EA06,quant-scope,1,0,TRUE
330,QS075C,nvidia/nemotron-3-nano-omni,baseline,QS-EA06,quant-scope,1,0,TRUE
331,QS076A,nvidia/nemotron-3-nano-omni,baseline,QS-EA07,quant-scope,1,0,TRUE
331,QS076A,nvidia/nemotron-3-nano-omni,baseline,QS-EA07,quant-scope,1,0,TRUE
331,QS076A,nvidia/nemotron-3-nano-omni,baseline,QS-EA07,quant-scope,1,0,TRUE
331,QS076A,nvidia/nemotron-3-nano-omni,baseline,QS-EA07,quant-scope,1,0,TRUE
331,QS076A,nvidia/nemotron-3-nano-omni,baseline,QS-EA07,quant-scope,1,0,TRUE
331,QS076A,nvidia/nemotron-3-nano-omni,baseline,QS-EA07,quant-scope,1,0,TRUE
332,QS077B,nvidia/nemotron-3-nano-omni,baseline,QS-EA07,quant-scope,1,0,FALSE
332,QS077B,nvidia/nemotron-3-nano-omni,baseline,QS-EA07,quant-scope,1,0,FALSE
332,QS077B,nvidia/nemotron-3-nano-omni,baseline,QS-EA07,quant-scope,1,0,FALSE
332,QS077B,nvidia/nemotron-3-nano-omni,baseline,QS-EA07,quant-scope,1,0,FALSE
332,QS077B,nvidia/nemotron-3-nano-omni,baseline,QS-EA07,quant-scope,1,0,FALSE
332,QS077B,nvidia/nemotron-3-nano-omni,baseline,QS-EA07,quant-scope,1,0,FALSE
333,QS078C,nvidia/nemotron-3-nano-omni,baseline,QS-EA07,quant-scope,1,0,TRUE
333,QS078C,nvidia/nemotron-3-nano-omni,baseline,QS-EA07,quant-scope,1,0,TRUE
333,QS078C,nvidia/nemotron-3-nano-omni,baseline,QS-EA07,quant-scope,1,0,TRUE
333,QS078C,nvidia/nemotron-3-nano-omni,baseline,QS-EA07,quant-scope,1,0,TRUE
333,QS078C,nvidia/nemotron-3-nano-omni,baseline,QS-EA07,quant-scope,1,0,TRUE
333,QS078C,nvidia/nemotron-3-nano-omni,baseline,QS-EA07,quant-scope,1,0,TRUE
334,QS079A,nvidia/nemotron-3-nano-omni,baseline,QS-EA08,quant-scope,0,0,TRUE
334,QS079A,nvidia/nemotron-3-nano-omni,baseline,QS-EA08,quant-scope,0,0,TRUE
334,QS079A,nvidia/nemotron-3-nano-omni,baseline,QS-EA08,quant-scope,0,0,TRUE
334,QS079A,nvidia/nemotron-3-nano-omni,baseline,QS-EA08,quant-scope,0,0,TRUE
334,QS079A,nvidia/nemotron-3-nano-omni,baseline,QS-EA08,quant-scope,0,0,TRUE
334,QS079A,nvidia/nemotron-3-nano-omni,baseline,QS-EA08,quant-scope,0,0,TRUE
335,QS080B,nvidia/nemotron-3-nano-omni,baseline,QS-EA08,quant-scope,1,0,FALSE
335,QS080B,nvidia/nemotron-3-nano-omni,baseline,QS-EA08,quant-scope,1,0,FALSE
335,QS080B,nvidia/nemotron-3-nano-omni,baseline,QS-EA08,quant-scope,1,0,FALSE
335,QS080B,nvidia/nemotron-3-nano-omni,baseline,QS-EA08,quant-scope,1,0,FALSE
335,QS080B,nvidia/nemotron-3-nano-omni,baseline,QS-EA08,quant-scope,1,0,FALSE
335,QS080B,nvidia/nemotron-3-nano-omni,baseline,QS-EA08,quant-scope,1,0,FALSE
336,QS081C,nvidia/nemotron-3-nano-omni,baseline,QS-EA08,quant-scope,1,0,TRUE
336,QS081C,nvidia/nemotron-3-nano-omni,baseline,QS-EA08,quant-scope,1,0,TRUE
336,QS081C,nvidia/nemotron-3-nano-omni,baseline,QS-EA08,quant-scope,1,0,TRUE
336,QS081C,nvidia/nemotron-3-nano-omni,baseline,QS-EA08,quant-scope,1,0,TRUE
336,QS081C,nvidia/nemotron-3-nano-omni,baseline,QS-EA08,quant-scope,1,0,TRUE
336,QS081C,nvidia/nemotron-3-nano-omni,baseline,QS-EA08,quant-scope,1,0,TRUE
337,QS082A,nvidia/nemotron-3-nano-omni,baseline,QS-EA09,quant-scope,1,0,TRUE
337,QS082A,nvidia/nemotron-3-nano-omni,baseline,QS-EA09,quant-scope,1,0,TRUE
337,QS082A,nvidia/nemotron-3-nano-omni,baseline,QS-EA09,quant-scope,1,0,TRUE
337,QS082A,nvidia/nemotron-3-nano-omni,baseline,QS-EA09,quant-scope,1,0,TRUE
337,QS082A,nvidia/nemotron-3-nano-omni,baseline,QS-EA09,quant-scope,1,0,TRUE
337,QS082A,nvidia/nemotron-3-nano-omni,baseline,QS-EA09,quant-scope,1,0,TRUE
338,QS083B,nvidia/nemotron-3-nano-omni,baseline,QS-EA09,quant-scope,1,0,FALSE
338,QS083B,nvidia/nemotron-3-nano-omni,baseline,QS-EA09,quant-scope,1,0,FALSE
338,QS083B,nvidia/nemotron-3-nano-omni,baseline,QS-EA09,quant-scope,1,0,FALSE
338,QS083B,nvidia/nemotron-3-nano-omni,baseline,QS-EA09,quant-scope,1,0,FALSE
338,QS083B,nvidia/nemotron-3-nano-omni,baseline,QS-EA09,quant-scope,1,0,FALSE
338,QS083B,nvidia/nemotron-3-nano-omni,baseline,QS-EA09,quant-scope,1,0,FALSE
339,QS084C,nvidia/nemotron-3-nano-omni,baseline,QS-EA09,quant-scope,1,0,TRUE
339,QS084C,nvidia/nemotron-3-nano-omni,baseline,QS-EA09,quant-scope,1,0,TRUE
339,QS084C,nvidia/nemotron-3-nano-omni,baseline,QS-EA09,quant-scope,1,0,TRUE
339,QS084C,nvidia/nemotron-3-nano-omni,baseline,QS-EA09,quant-scope,1,0,TRUE
339,QS084C,nvidia/nemotron-3-nano-omni,baseline,QS-EA09,quant-scope,1,0,TRUE
339,QS084C,nvidia/nemotron-3-nano-omni,baseline,QS-EA09,quant-scope,1,0,TRUE
340,QS085A,nvidia/nemotron-3-nano-omni,baseline,QS-EA10,quant-scope,1,0,TRUE
340,QS085A,nvidia/nemotron-3-nano-omni,baseline,QS-EA10,quant-scope,1,0,TRUE
340,QS085A,nvidia/nemotron-3-nano-omni,baseline,QS-EA10,quant-scope,1,0,TRUE
340,QS085A,nvidia/nemotron-3-nano-omni,baseline,QS-EA10,quant-scope,1,0,TRUE
340,QS085A,nvidia/nemotron-3-nano-omni,baseline,QS-EA10,quant-scope,1,0,TRUE
340,QS085A,nvidia/nemotron-3-nano-omni,baseline,QS-EA10,quant-scope,1,0,TRUE
341,QS086B,nvidia/nemotron-3-nano-omni,baseline,QS-EA10,quant-scope,1,0,FALSE
341,QS086B,nvidia/nemotron-3-nano-omni,baseline,QS-EA10,quant-scope,1,0,FALSE
341,QS086B,nvidia/nemotron-3-nano-omni,baseline,QS-EA10,quant-scope,1,0,FALSE
341,QS086B,nvidia/nemotron-3-nano-omni,baseline,QS-EA10,quant-scope,1,0,FALSE
341,QS086B,nvidia/nemotron-3-nano-omni,baseline,QS-EA10,quant-scope,1,0,FALSE
341,QS086B,nvidia/nemotron-3-nano-omni,baseline,QS-EA10,quant-scope,1,0,FALSE
342,QS087C,nvidia/nemotron-3-nano-omni,baseline,QS-EA10,quant-scope,1,0,TRUE
342,QS087C,nvidia/nemotron-3-nano-omni,baseline,QS-EA10,quant-scope,1,0,TRUE
342,QS087C,nvidia/nemotron-3-nano-omni,baseline,QS-EA10,quant-scope,1,0,TRUE
342,QS087C,nvidia/nemotron-3-nano-omni,baseline,QS-EA10,quant-scope,1,0,TRUE
342,QS087C,nvidia/nemotron-3-nano-omni,baseline,QS-EA10,quant-scope,1,0,TRUE
342,QS087C,nvidia/nemotron-3-nano-omni,baseline,QS-EA10,quant-scope,1,0,TRUE
343,QS088A,nvidia/nemotron-3-nano-omni,baseline,QS-EA11,quant-scope,1,0,TRUE
343,QS088A,nvidia/nemotron-3-nano-omni,baseline,QS-EA11,quant-scope,1,0,TRUE
343,QS088A,nvidia/nemotron-3-nano-omni,baseline,QS-EA11,quant-scope,1,0,TRUE
343,QS088A,nvidia/nemotron-3-nano-omni,baseline,QS-EA11,quant-scope,1,0,TRUE
343,QS088A,nvidia/nemotron-3-nano-omni,baseline,QS-EA11,quant-scope,1,0,TRUE
343,QS088A,nvidia/nemotron-3-nano-omni,baseline,QS-EA11,quant-scope,1,0,TRUE
344,QS089B,nvidia/nemotron-3-nano-omni,baseline,QS-EA11,quant-scope,0,0,FALSE
344,QS089B,nvidia/nemotron-3-nano-omni,baseline,QS-EA11,quant-scope,0,0,FALSE
344,QS089B,nvidia/nemotron-3-nano-omni,baseline,QS-EA11,quant-scope,0,0,FALSE
344,QS089B,nvidia/nemotron-3-nano-omni,baseline,QS-EA11,quant-scope,0,0,FALSE
344,QS089B,nvidia/nemotron-3-nano-omni,baseline,QS-EA11,quant-scope,0,0,FALSE
344,QS089B,nvidia/nemotron-3-nano-omni,baseline,QS-EA11,quant-scope,0,0,FALSE
345,QS090C,nvidia/nemotron-3-nano-omni,baseline,QS-EA11,quant-scope,1,0,TRUE
345,QS090C,nvidia/nemotron-3-nano-omni,baseline,QS-EA11,quant-scope,1,0,TRUE
345,QS090C,nvidia/nemotron-3-nano-omni,baseline,QS-EA11,quant-scope,1,0,TRUE
345,QS090C,nvidia/nemotron-3-nano-omni,baseline,QS-EA11,quant-scope,1,0,TRUE
345,QS090C,nvidia/nemotron-3-nano-omni,baseline,QS-EA11,quant-scope,1,0,TRUE
345,QS090C,nvidia/nemotron-3-nano-omni,baseline,QS-EA11,quant-scope,1,0,TRUE
346,QS091A,nvidia/nemotron-3-nano-omni,baseline,QS-EA12,quant-scope,1,0,TRUE
346,QS091A,nvidia/nemotron-3-nano-omni,baseline,QS-EA12,quant-scope,1,0,TRUE
346,QS091A,nvidia/nemotron-3-nano-omni,baseline,QS-EA12,quant-scope,1,0,TRUE
346,QS091A,nvidia/nemotron-3-nano-omni,baseline,QS-EA12,quant-scope,1,0,TRUE
346,QS091A,nvidia/nemotron-3-nano-omni,baseline,QS-EA12,quant-scope,1,0,TRUE
346,QS091A,nvidia/nemotron-3-nano-omni,baseline,QS-EA12,quant-scope,1,0,TRUE
347,QS092B,nvidia/nemotron-3-nano-omni,baseline,QS-EA12,quant-scope,0,0,FALSE
347,QS092B,nvidia/nemotron-3-nano-omni,baseline,QS-EA12,quant-scope,0,0,FALSE
347,QS092B,nvidia/nemotron-3-nano-omni,baseline,QS-EA12,quant-scope,0,0,FALSE
347,QS092B,nvidia/nemotron-3-nano-omni,baseline,QS-EA12,quant-scope,0,0,FALSE
347,QS092B,nvidia/nemotron-3-nano-omni,baseline,QS-EA12,quant-scope,0,0,FALSE
347,QS092B,nvidia/nemotron-3-nano-omni,baseline,QS-EA12,quant-scope,0,0,FALSE
348,QS093C,nvidia/nemotron-3-nano-omni,baseline,QS-EA12,quant-scope,1,0,TRUE
348,QS093C,nvidia/nemotron-3-nano-omni,baseline,QS-EA12,quant-scope,1,0,TRUE
348,QS093C,nvidia/nemotron-3-nano-omni,baseline,QS-EA12,quant-scope,1,0,TRUE
348,QS093C,nvidia/nemotron-3-nano-omni,baseline,QS-EA12,quant-scope,1,0,TRUE
348,QS093C,nvidia/nemotron-3-nano-omni,baseline,QS-EA12,quant-scope,1,0,TRUE
348,QS093C,nvidia/nemotron-3-nano-omni,baseline,QS-EA12,quant-scope,1,0,TRUE
349,QS094A,nvidia/nemotron-3-nano-omni,baseline,QS-EA13,quant-scope,1,0,TRUE
349,QS094A,nvidia/nemotron-3-nano-omni,baseline,QS-EA13,quant-scope,1,0,TRUE
349,QS094A,nvidia/nemotron-3-nano-omni,baseline,QS-EA13,quant-scope,1,0,TRUE
349,QS094A,nvidia/nemotron-3-nano-omni,baseline,QS-EA13,quant-scope,1,0,TRUE
349,QS094A,nvidia/nemotron-3-nano-omni,baseline,QS-EA13,quant-scope,1,0,TRUE
349,QS094A,nvidia/nemotron-3-nano-omni,baseline,QS-EA13,quant-scope,1,0,TRUE
350,QS095B,nvidia/nemotron-3-nano-omni,baseline,QS-EA13,quant-scope,1,0,FALSE
350,QS095B,nvidia/nemotron-3-nano-omni,baseline,QS-EA13,quant-scope,1,0,FALSE
350,QS095B,nvidia/nemotron-3-nano-omni,baseline,QS-EA13,quant-scope,1,0,FALSE
350,QS095B,nvidia/nemotron-3-nano-omni,baseline,QS-EA13,quant-scope,1,0,FALSE
350,QS095B,nvidia/nemotron-3-nano-omni,baseline,QS-EA13,quant-scope,1,0,FALSE
350,QS095B,nvidia/nemotron-3-nano-omni,baseline,QS-EA13,quant-scope,1,0,FALSE
351,QS096C,nvidia/nemotron-3-nano-omni,baseline,QS-EA13,quant-scope,1,0,TRUE
351,QS096C,nvidia/nemotron-3-nano-omni,baseline,QS-EA13,quant-scope,1,0,TRUE
351,QS096C,nvidia/nemotron-3-nano-omni,baseline,QS-EA13,quant-scope,1,0,TRUE
351,QS096C,nvidia/nemotron-3-nano-omni,baseline,QS-EA13,quant-scope,1,0,TRUE
351,QS096C,nvidia/nemotron-3-nano-omni,baseline,QS-EA13,quant-scope,1,0,TRUE
351,QS096C,nvidia/nemotron-3-nano-omni,baseline,QS-EA13,quant-scope,1,0,TRUE
352,QS097A,nvidia/nemotron-3-nano-omni,baseline,QS-EA14,quant-scope,1,0,TRUE
352,QS097A,nvidia/nemotron-3-nano-omni,baseline,QS-EA14,quant-scope,1,0,TRUE
352,QS097A,nvidia/nemotron-3-nano-omni,baseline,QS-EA14,quant-scope,1,0,TRUE
352,QS097A,nvidia/nemotron-3-nano-omni,baseline,QS-EA14,quant-scope,1,0,TRUE
352,QS097A,nvidia/nemotron-3-nano-omni,baseline,QS-EA14,quant-scope,1,0,TRUE
352,QS097A,nvidia/nemotron-3-nano-omni,baseline,QS-EA14,quant-scope,1,0,TRUE
353,QS098B,nvidia/nemotron-3-nano-omni,baseline,QS-EA14,quant-scope,1,0,FALSE
353,QS098B,nvidia/nemotron-3-nano-omni,baseline,QS-EA14,quant-scope,1,0,FALSE
353,QS098B,nvidia/nemotron-3-nano-omni,baseline,QS-EA14,quant-scope,1,0,FALSE
353,QS098B,nvidia/nemotron-3-nano-omni,baseline,QS-EA14,quant-scope,1,0,FALSE
353,QS098B,nvidia/nemotron-3-nano-omni,baseline,QS-EA14,quant-scope,1,0,FALSE
353,QS098B,nvidia/nemotron-3-nano-omni,baseline,QS-EA14,quant-scope,1,0,FALSE
354,QS099C,nvidia/nemotron-3-nano-omni,baseline,QS-EA14,quant-scope,1,0,TRUE
354,QS099C,nvidia/nemotron-3-nano-omni,baseline,QS-EA14,quant-scope,1,0,TRUE
354,QS099C,nvidia/nemotron-3-nano-omni,baseline,QS-EA14,quant-scope,1,0,TRUE
354,QS099C,nvidia/nemotron-3-nano-omni,baseline,QS-EA14,quant-scope,1,0,TRUE
354,QS099C,nvidia/nemotron-3-nano-omni,baseline,QS-EA14,quant-scope,1,0,TRUE
354,QS099C,nvidia/nemotron-3-nano-omni,baseline,QS-EA14,quant-scope,1,0,TRUE
355,QS100A,nvidia/nemotron-3-nano-omni,baseline,QS-EA15,quant-scope,0,0,TRUE
355,QS100A,nvidia/nemotron-3-nano-omni,baseline,QS-EA15,quant-scope,0,0,TRUE
355,QS100A,nvidia/nemotron-3-nano-omni,baseline,QS-EA15,quant-scope,0,0,TRUE
355,QS100A,nvidia/nemotron-3-nano-omni,baseline,QS-EA15,quant-scope,0,0,TRUE
355,QS100A,nvidia/nemotron-3-nano-omni,baseline,QS-EA15,quant-scope,0,0,TRUE
355,QS100A,nvidia/nemotron-3-nano-omni,baseline,QS-EA15,quant-scope,0,0,TRUE
356,QS101B,nvidia/nemotron-3-nano-omni,baseline,QS-EA15,quant-scope,1,0,FALSE
356,QS101B,nvidia/nemotron-3-nano-omni,baseline,QS-EA15,quant-scope,1,0,FALSE
356,QS101B,nvidia/nemotron-3-nano-omni,baseline,QS-EA15,quant-scope,1,0,FALSE
356,QS101B,nvidia/nemotron-3-nano-omni,baseline,QS-EA15,quant-scope,1,0,FALSE
356,QS101B,nvidia/nemotron-3-nano-omni,baseline,QS-EA15,quant-scope,1,0,FALSE
356,QS101B,nvidia/nemotron-3-nano-omni,baseline,QS-EA15,quant-scope,1,0,FALSE
357,QS102C,nvidia/nemotron-3-nano-omni,baseline,QS-EA15,quant-scope,1,0,TRUE
357,QS102C,nvidia/nemotron-3-nano-omni,baseline,QS-EA15,quant-scope,1,0,TRUE
357,QS102C,nvidia/nemotron-3-nano-omni,baseline,QS-EA15,quant-scope,1,0,TRUE
357,QS102C,nvidia/nemotron-3-nano-omni,baseline,QS-EA15,quant-scope,1,0,TRUE
357,QS102C,nvidia/nemotron-3-nano-omni,baseline,QS-EA15,quant-scope,1,0,TRUE
357,QS102C,nvidia/nemotron-3-nano-omni,baseline,QS-EA15,quant-scope,1,0,TRUE
358,QS103A,nvidia/nemotron-3-nano-omni,baseline,QS-EA16,quant-scope,1,0,TRUE
358,QS103A,nvidia/nemotron-3-nano-omni,baseline,QS-EA16,quant-scope,1,0,TRUE
358,QS103A,nvidia/nemotron-3-nano-omni,baseline,QS-EA16,quant-scope,1,0,TRUE
358,QS103A,nvidia/nemotron-3-nano-omni,baseline,QS-EA16,quant-scope,1,0,TRUE
358,QS103A,nvidia/nemotron-3-nano-omni,baseline,QS-EA16,quant-scope,1,0,TRUE
358,QS103A,nvidia/nemotron-3-nano-omni,baseline,QS-EA16,quant-scope,1,0,TRUE
359,QS104B,nvidia/nemotron-3-nano-omni,baseline,QS-EA16,quant-scope,1,0,FALSE
359,QS104B,nvidia/nemotron-3-nano-omni,baseline,QS-EA16,quant-scope,1,0,FALSE
359,QS104B,nvidia/nemotron-3-nano-omni,baseline,QS-EA16,quant-scope,1,0,FALSE
359,QS104B,nvidia/nemotron-3-nano-omni,baseline,QS-EA16,quant-scope,1,0,FALSE
359,QS104B,nvidia/nemotron-3-nano-omni,baseline,QS-EA16,quant-scope,1,0,FALSE
359,QS104B,nvidia/nemotron-3-nano-omni,baseline,QS-EA16,quant-scope,1,0,FALSE
360,QS105C,nvidia/nemotron-3-nano-omni,baseline,QS-EA16,quant-scope,1,0,TRUE
360,QS105C,nvidia/nemotron-3-nano-omni,baseline,QS-EA16,quant-scope,1,0,TRUE
360,QS105C,nvidia/nemotron-3-nano-omni,baseline,QS-EA16,quant-scope,1,0,TRUE
360,QS105C,nvidia/nemotron-3-nano-omni,baseline,QS-EA16,quant-scope,1,0,TRUE
360,QS105C,nvidia/nemotron-3-nano-omni,baseline,QS-EA16,quant-scope,1,0,TRUE
360,QS105C,nvidia/nemotron-3-nano-omni,baseline,QS-EA16,quant-scope,1,0,TRUE
361,QS106A,nvidia/nemotron-3-nano-omni,baseline,QS-EA17,quant-scope,1,0,TRUE
361,QS106A,nvidia/nemotron-3-nano-omni,baseline,QS-EA17,quant-scope,1,0,TRUE
361,QS106A,nvidia/nemotron-3-nano-omni,baseline,QS-EA17,quant-scope,1,0,TRUE
361,QS106A,nvidia/nemotron-3-nano-omni,baseline,QS-EA17,quant-scope,1,0,TRUE
361,QS106A,nvidia/nemotron-3-nano-omni,baseline,QS-EA17,quant-scope,1,0,TRUE
361,QS106A,nvidia/nemotron-3-nano-omni,baseline,QS-EA17,quant-scope,1,0,TRUE
362,QS107B,nvidia/nemotron-3-nano-omni,baseline,QS-EA17,quant-scope,1,0,FALSE
362,QS107B,nvidia/nemotron-3-nano-omni,baseline,QS-EA17,quant-scope,1,0,FALSE
362,QS107B,nvidia/nemotron-3-nano-omni,baseline,QS-EA17,quant-scope,1,0,FALSE
362,QS107B,nvidia/nemotron-3-nano-omni,baseline,QS-EA17,quant-scope,1,0,FALSE
362,QS107B,nvidia/nemotron-3-nano-omni,baseline,QS-EA17,quant-scope,1,0,FALSE
362,QS107B,nvidia/nemotron-3-nano-omni,baseline,QS-EA17,quant-scope,1,0,FALSE
363,QS108C,nvidia/nemotron-3-nano-omni,baseline,QS-EA17,quant-scope,1,0,TRUE
363,QS108C,nvidia/nemotron-3-nano-omni,baseline,QS-EA17,quant-scope,1,0,TRUE
363,QS108C,nvidia/nemotron-3-nano-omni,baseline,QS-EA17,quant-scope,1,0,TRUE
363,QS108C,nvidia/nemotron-3-nano-omni,baseline,QS-EA17,quant-scope,1,0,TRUE
363,QS108C,nvidia/nemotron-3-nano-omni,baseline,QS-EA17,quant-scope,1,0,TRUE
363,QS108C,nvidia/nemotron-3-nano-omni,baseline,QS-EA17,quant-scope,1,0,TRUE
364,QS109A,nvidia/nemotron-3-nano-omni,baseline,QS-EA18,quant-scope,1,0,TRUE
364,QS109A,nvidia/nemotron-3-nano-omni,baseline,QS-EA18,quant-scope,1,0,TRUE
364,QS109A,nvidia/nemotron-3-nano-omni,baseline,QS-EA18,quant-scope,1,0,TRUE
364,QS109A,nvidia/nemotron-3-nano-omni,baseline,QS-EA18,quant-scope,1,0,TRUE
364,QS109A,nvidia/nemotron-3-nano-omni,baseline,QS-EA18,quant-scope,1,0,TRUE
364,QS109A,nvidia/nemotron-3-nano-omni,baseline,QS-EA18,quant-scope,1,0,TRUE
365,QS110B,nvidia/nemotron-3-nano-omni,baseline,QS-EA18,quant-scope,1,0,FALSE
365,QS110B,nvidia/nemotron-3-nano-omni,baseline,QS-EA18,quant-scope,1,0,FALSE
365,QS110B,nvidia/nemotron-3-nano-omni,baseline,QS-EA18,quant-scope,1,0,FALSE
365,QS110B,nvidia/nemotron-3-nano-omni,baseline,QS-EA18,quant-scope,1,0,FALSE
365,QS110B,nvidia/nemotron-3-nano-omni,baseline,QS-EA18,quant-scope,1,0,FALSE
365,QS110B,nvidia/nemotron-3-nano-omni,baseline,QS-EA18,quant-scope,1,0,FALSE
366,QS111C,nvidia/nemotron-3-nano-omni,baseline,QS-EA18,quant-scope,1,0,TRUE
366,QS111C,nvidia/nemotron-3-nano-omni,baseline,QS-EA18,quant-scope,1,0,TRUE
366,QS111C,nvidia/nemotron-3-nano-omni,baseline,QS-EA18,quant-scope,1,0,TRUE
366,QS111C,nvidia/nemotron-3-nano-omni,baseline,QS-EA18,quant-scope,1,0,TRUE
366,QS111C,nvidia/nemotron-3-nano-omni,baseline,QS-EA18,quant-scope,1,0,TRUE
366,QS111C,nvidia/nemotron-3-nano-omni,baseline,QS-EA18,quant-scope,1,0,TRUE
367,QS112A,nvidia/nemotron-3-nano-omni,baseline,QS-EA19,quant-scope,1,0,TRUE
367,QS112A,nvidia/nemotron-3-nano-omni,baseline,QS-EA19,quant-scope,1,0,TRUE
367,QS112A,nvidia/nemotron-3-nano-omni,baseline,QS-EA19,quant-scope,1,0,TRUE
367,QS112A,nvidia/nemotron-3-nano-omni,baseline,QS-EA19,quant-scope,1,0,TRUE
367,QS112A,nvidia/nemotron-3-nano-omni,baseline,QS-EA19,quant-scope,1,0,TRUE
367,QS112A,nvidia/nemotron-3-nano-omni,baseline,QS-EA19,quant-scope,1,0,TRUE
368,QS113B,nvidia/nemotron-3-nano-omni,baseline,QS-EA19,quant-scope,1,0,FALSE
368,QS113B,nvidia/nemotron-3-nano-omni,baseline,QS-EA19,quant-scope,1,0,FALSE
368,QS113B,nvidia/nemotron-3-nano-omni,baseline,QS-EA19,quant-scope,1,0,FALSE
368,QS113B,nvidia/nemotron-3-nano-omni,baseline,QS-EA19,quant-scope,1,0,FALSE
368,QS113B,nvidia/nemotron-3-nano-omni,baseline,QS-EA19,quant-scope,1,0,FALSE
368,QS113B,nvidia/nemotron-3-nano-omni,baseline,QS-EA19,quant-scope,1,0,FALSE
369,QS114C,nvidia/nemotron-3-nano-omni,baseline,QS-EA19,quant-scope,1,0,TRUE
369,QS114C,nvidia/nemotron-3-nano-omni,baseline,QS-EA19,quant-scope,1,0,TRUE
369,QS114C,nvidia/nemotron-3-nano-omni,baseline,QS-EA19,quant-scope,1,0,TRUE
369,QS114C,nvidia/nemotron-3-nano-omni,baseline,QS-EA19,quant-scope,1,0,TRUE
369,QS114C,nvidia/nemotron-3-nano-omni,baseline,QS-EA19,quant-scope,1,0,TRUE
369,QS114C,nvidia/nemotron-3-nano-omni,baseline,QS-EA19,quant-scope,1,0,TRUE
370,QS115A,nvidia/nemotron-3-nano-omni,baseline,QS-EA20,quant-scope,1,0,TRUE
370,QS115A,nvidia/nemotron-3-nano-omni,baseline,QS-EA20,quant-scope,1,0,TRUE
370,QS115A,nvidia/nemotron-3-nano-omni,baseline,QS-EA20,quant-scope,1,0,TRUE
370,QS115A,nvidia/nemotron-3-nano-omni,baseline,QS-EA20,quant-scope,1,0,TRUE
370,QS115A,nvidia/nemotron-3-nano-omni,baseline,QS-EA20,quant-scope,1,0,TRUE
370,QS115A,nvidia/nemotron-3-nano-omni,baseline,QS-EA20,quant-scope,1,0,TRUE
371,QS116B,nvidia/nemotron-3-nano-omni,baseline,QS-EA20,quant-scope,1,0,FALSE
371,QS116B,nvidia/nemotron-3-nano-omni,baseline,QS-EA20,quant-scope,1,0,FALSE
371,QS116B,nvidia/nemotron-3-nano-omni,baseline,QS-EA20,quant-scope,1,0,FALSE
371,QS116B,nvidia/nemotron-3-nano-omni,baseline,QS-EA20,quant-scope,1,0,FALSE
371,QS116B,nvidia/nemotron-3-nano-omni,baseline,QS-EA20,quant-scope,1,0,FALSE
371,QS116B,nvidia/nemotron-3-nano-omni,baseline,QS-EA20,quant-scope,1,0,FALSE
372,QS117C,nvidia/nemotron-3-nano-omni,baseline,QS-EA20,quant-scope,0,0,TRUE
372,QS117C,nvidia/nemotron-3-nano-omni,baseline,QS-EA20,quant-scope,0,0,TRUE
372,QS117C,nvidia/nemotron-3-nano-omni,baseline,QS-EA20,quant-scope,0,0,TRUE
372,QS117C,nvidia/nemotron-3-nano-omni,baseline,QS-EA20,quant-scope,0,0,TRUE
372,QS117C,nvidia/nemotron-3-nano-omni,baseline,QS-EA20,quant-scope,0,0,TRUE
372,QS117C,nvidia/nemotron-3-nano-omni,baseline,QS-EA20,quant-scope,0,0,TRUE
373,QS118A,nvidia/nemotron-3-nano-omni,baseline,QS-NEG01,quant-scope,0,0,FALSE
373,QS118A,nvidia/nemotron-3-nano-omni,baseline,QS-NEG01,quant-scope,0,0,FALSE
373,QS118A,nvidia/nemotron-3-nano-omni,baseline,QS-NEG01,quant-scope,0,0,FALSE
373,QS118A,nvidia/nemotron-3-nano-omni,baseline,QS-NEG01,quant-scope,0,0,FALSE
373,QS118A,nvidia/nemotron-3-nano-omni,baseline,QS-NEG01,quant-scope,0,0,FALSE
373,QS118A,nvidia/nemotron-3-nano-omni,baseline,QS-NEG01,quant-scope,0,0,FALSE
374,QS119B,nvidia/nemotron-3-nano-omni,baseline,QS-NEG01,quant-scope,1,0,FALSE
374,QS119B,nvidia/nemotron-3-nano-omni,baseline,QS-NEG01,quant-scope,1,0,FALSE
374,QS119B,nvidia/nemotron-3-nano-omni,baseline,QS-NEG01,quant-scope,1,0,FALSE
374,QS119B,nvidia/nemotron-3-nano-omni,baseline,QS-NEG01,quant-scope,1,0,FALSE
374,QS119B,nvidia/nemotron-3-nano-omni,baseline,QS-NEG01,quant-scope,1,0,FALSE
374,QS119B,nvidia/nemotron-3-nano-omni,baseline,QS-NEG01,quant-scope,1,0,FALSE
375,QS120A,nvidia/nemotron-3-nano-omni,baseline,QS-NEG02,quant-scope,1,0,FALSE
375,QS120A,nvidia/nemotron-3-nano-omni,baseline,QS-NEG02,quant-scope,1,0,FALSE
375,QS120A,nvidia/nemotron-3-nano-omni,baseline,QS-NEG02,quant-scope,1,0,FALSE
375,QS120A,nvidia/nemotron-3-nano-omni,baseline,QS-NEG02,quant-scope,1,0,FALSE
375,QS120A,nvidia/nemotron-3-nano-omni,baseline,QS-NEG02,quant-scope,1,0,FALSE
375,QS120A,nvidia/nemotron-3-nano-omni,baseline,QS-NEG02,quant-scope,1,0,FALSE
376,QS121B,nvidia/nemotron-3-nano-omni,baseline,QS-NEG02,quant-scope,1,0,FALSE
376,QS121B,nvidia/nemotron-3-nano-omni,baseline,QS-NEG02,quant-scope,1,0,FALSE
376,QS121B,nvidia/nemotron-3-nano-omni,baseline,QS-NEG02,quant-scope,1,0,FALSE
376,QS121B,nvidia/nemotron-3-nano-omni,baseline,QS-NEG02,quant-scope,1,0,FALSE
376,QS121B,nvidia/nemotron-3-nano-omni,baseline,QS-NEG02,quant-scope,1,0,FALSE
376,QS121B,nvidia/nemotron-3-nano-omni,baseline,QS-NEG02,quant-scope,1,0,FALSE
377,QS122A,nvidia/nemotron-3-nano-omni,baseline,QS-NEG03,quant-scope,1,0,FALSE
377,QS122A,nvidia/nemotron-3-nano-omni,baseline,QS-NEG03,quant-scope,1,0,FALSE
377,QS122A,nvidia/nemotron-3-nano-omni,baseline,QS-NEG03,quant-scope,1,0,FALSE
377,QS122A,nvidia/nemotron-3-nano-omni,baseline,QS-NEG03,quant-scope,1,0,FALSE
377,QS122A,nvidia/nemotron-3-nano-omni,baseline,QS-NEG03,quant-scope,1,0,FALSE
377,QS122A,nvidia/nemotron-3-nano-omni,baseline,QS-NEG03,quant-scope,1,0,FALSE
378,QS123B,nvidia/nemotron-3-nano-omni,baseline,QS-NEG03,quant-scope,1,0,FALSE
378,QS123B,nvidia/nemotron-3-nano-omni,baseline,QS-NEG03,quant-scope,1,0,FALSE
378,QS123B,nvidia/nemotron-3-nano-omni,baseline,QS-NEG03,quant-scope,1,0,FALSE
378,QS123B,nvidia/nemotron-3-nano-omni,baseline,QS-NEG03,quant-scope,1,0,FALSE
378,QS123B,nvidia/nemotron-3-nano-omni,baseline,QS-NEG03,quant-scope,1,0,FALSE
378,QS123B,nvidia/nemotron-3-nano-omni,baseline,QS-NEG03,quant-scope,1,0,FALSE
379,QS124A,nvidia/nemotron-3-nano-omni,baseline,QS-NEG04,quant-scope,0,0,FALSE
379,QS124A,nvidia/nemotron-3-nano-omni,baseline,QS-NEG04,quant-scope,0,0,FALSE
379,QS124A,nvidia/nemotron-3-nano-omni,baseline,QS-NEG04,quant-scope,0,0,FALSE
379,QS124A,nvidia/nemotron-3-nano-omni,baseline,QS-NEG04,quant-scope,0,0,FALSE
379,QS124A,nvidia/nemotron-3-nano-omni,baseline,QS-NEG04,quant-scope,0,0,FALSE
379,QS124A,nvidia/nemotron-3-nano-omni,baseline,QS-NEG04,quant-scope,0,0,FALSE
380,QS125B,nvidia/nemotron-3-nano-omni,baseline,QS-NEG04,quant-scope,1,0,FALSE
380,QS125B,nvidia/nemotron-3-nano-omni,baseline,QS-NEG04,quant-scope,1,0,FALSE
380,QS125B,nvidia/nemotron-3-nano-omni,baseline,QS-NEG04,quant-scope,1,0,FALSE
380,QS125B,nvidia/nemotron-3-nano-omni,baseline,QS-NEG04,quant-scope,1,0,FALSE
380,QS125B,nvidia/nemotron-3-nano-omni,baseline,QS-NEG04,quant-scope,1,0,FALSE
380,QS125B,nvidia/nemotron-3-nano-omni,baseline,QS-NEG04,quant-scope,1,0,FALSE
381,DF001A,nvidia/nemotron-3-nano-omni,baseline,DF-01,defeasible,1,0,HOLDS
381,DF001A,nvidia/nemotron-3-nano-omni,baseline,DF-01,defeasible,1,0,HOLDS
381,DF001A,nvidia/nemotron-3-nano-omni,baseline,DF-01,defeasible,1,0,HOLDS
381,DF001A,nvidia/nemotron-3-nano-omni,baseline,DF-01,defeasible,1,0,HOLDS
381,DF001A,nvidia/nemotron-3-nano-omni,baseline,DF-01,defeasible,1,0,HOLDS
381,DF001A,nvidia/nemotron-3-nano-omni,baseline,DF-01,defeasible,1,0,HOLDS
382,DF001B,nvidia/nemotron-3-nano-omni,baseline,DF-01,defeasible,1,0,DEFEATED
382,DF001B,nvidia/nemotron-3-nano-omni,baseline,DF-01,defeasible,1,0,DEFEATED
382,DF001B,nvidia/nemotron-3-nano-omni,baseline,DF-01,defeasible,1,0,DEFEATED
382,DF001B,nvidia/nemotron-3-nano-omni,baseline,DF-01,defeasible,1,0,DEFEATED
382,DF001B,nvidia/nemotron-3-nano-omni,baseline,DF-01,defeasible,1,0,DEFEATED
382,DF001B,nvidia/nemotron-3-nano-omni,baseline,DF-01,defeasible,1,0,DEFEATED
383,DF001C,nvidia/nemotron-3-nano-omni,baseline,DF-01,defeasible,1,0,HOLDS
383,DF001C,nvidia/nemotron-3-nano-omni,baseline,DF-01,defeasible,1,0,HOLDS
383,DF001C,nvidia/nemotron-3-nano-omni,baseline,DF-01,defeasible,1,0,HOLDS
383,DF001C,nvidia/nemotron-3-nano-omni,baseline,DF-01,defeasible,1,0,HOLDS
383,DF001C,nvidia/nemotron-3-nano-omni,baseline,DF-01,defeasible,1,0,HOLDS
383,DF001C,nvidia/nemotron-3-nano-omni,baseline,DF-01,defeasible,1,0,HOLDS
384,DF002A,nvidia/nemotron-3-nano-omni,baseline,DF-02,defeasible,1,0,HOLDS
384,DF002A,nvidia/nemotron-3-nano-omni,baseline,DF-02,defeasible,1,0,HOLDS
384,DF002A,nvidia/nemotron-3-nano-omni,baseline,DF-02,defeasible,1,0,HOLDS
384,DF002A,nvidia/nemotron-3-nano-omni,baseline,DF-02,defeasible,1,0,HOLDS
384,DF002A,nvidia/nemotron-3-nano-omni,baseline,DF-02,defeasible,1,0,HOLDS
384,DF002A,nvidia/nemotron-3-nano-omni,baseline,DF-02,defeasible,1,0,HOLDS
385,DF002B,nvidia/nemotron-3-nano-omni,baseline,DF-02,defeasible,1,0,DEFEATED
385,DF002B,nvidia/nemotron-3-nano-omni,baseline,DF-02,defeasible,1,0,DEFEATED
385,DF002B,nvidia/nemotron-3-nano-omni,baseline,DF-02,defeasible,1,0,DEFEATED
385,DF002B,nvidia/nemotron-3-nano-omni,baseline,DF-02,defeasible,1,0,DEFEATED
385,DF002B,nvidia/nemotron-3-nano-omni,baseline,DF-02,defeasible,1,0,DEFEATED
385,DF002B,nvidia/nemotron-3-nano-omni,baseline,DF-02,defeasible,1,0,DEFEATED
386,DF002C,nvidia/nemotron-3-nano-omni,baseline,DF-02,defeasible,1,0,HOLDS
386,DF002C,nvidia/nemotron-3-nano-omni,baseline,DF-02,defeasible,1,0,HOLDS
386,DF002C,nvidia/nemotron-3-nano-omni,baseline,DF-02,defeasible,1,0,HOLDS
386,DF002C,nvidia/nemotron-3-nano-omni,baseline,DF-02,defeasible,1,0,HOLDS
386,DF002C,nvidia/nemotron-3-nano-omni,baseline,DF-02,defeasible,1,0,HOLDS
386,DF002C,nvidia/nemotron-3-nano-omni,baseline,DF-02,defeasible,1,0,HOLDS
387,DF003A,nvidia/nemotron-3-nano-omni,baseline,DF-03,defeasible,1,0,HOLDS
387,DF003A,nvidia/nemotron-3-nano-omni,baseline,DF-03,defeasible,1,0,HOLDS
387,DF003A,nvidia/nemotron-3-nano-omni,baseline,DF-03,defeasible,1,0,HOLDS
387,DF003A,nvidia/nemotron-3-nano-omni,baseline,DF-03,defeasible,1,0,HOLDS
387,DF003A,nvidia/nemotron-3-nano-omni,baseline,DF-03,defeasible,1,0,HOLDS
387,DF003A,nvidia/nemotron-3-nano-omni,baseline,DF-03,defeasible,1,0,HOLDS
388,DF003B,nvidia/nemotron-3-nano-omni,baseline,DF-03,defeasible,1,0,DEFEATED
388,DF003B,nvidia/nemotron-3-nano-omni,baseline,DF-03,defeasible,1,0,DEFEATED
388,DF003B,nvidia/nemotron-3-nano-omni,baseline,DF-03,defeasible,1,0,DEFEATED
388,DF003B,nvidia/nemotron-3-nano-omni,baseline,DF-03,defeasible,1,0,DEFEATED
388,DF003B,nvidia/nemotron-3-nano-omni,baseline,DF-03,defeasible,1,0,DEFEATED
388,DF003B,nvidia/nemotron-3-nano-omni,baseline,DF-03,defeasible,1,0,DEFEATED
389,DF003C,nvidia/nemotron-3-nano-omni,baseline,DF-03,defeasible,0,0,HOLDS
389,DF003C,nvidia/nemotron-3-nano-omni,baseline,DF-03,defeasible,0,0,HOLDS
389,DF003C,nvidia/nemotron-3-nano-omni,baseline,DF-03,defeasible,0,0,HOLDS
389,DF003C,nvidia/nemotron-3-nano-omni,baseline,DF-03,defeasible,0,0,HOLDS
389,DF003C,nvidia/nemotron-3-nano-omni,baseline,DF-03,defeasible,0,0,HOLDS
389,DF003C,nvidia/nemotron-3-nano-omni,baseline,DF-03,defeasible,0,0,HOLDS
390,DF004A,nvidia/nemotron-3-nano-omni,baseline,DF-04,defeasible,1,0,HOLDS
390,DF004A,nvidia/nemotron-3-nano-omni,baseline,DF-04,defeasible,1,0,HOLDS
390,DF004A,nvidia/nemotron-3-nano-omni,baseline,DF-04,defeasible,1,0,HOLDS
390,DF004A,nvidia/nemotron-3-nano-omni,baseline,DF-04,defeasible,1,0,HOLDS
390,DF004A,nvidia/nemotron-3-nano-omni,baseline,DF-04,defeasible,1,0,HOLDS
390,DF004A,nvidia/nemotron-3-nano-omni,baseline,DF-04,defeasible,1,0,HOLDS
391,DF004B,nvidia/nemotron-3-nano-omni,baseline,DF-04,defeasible,1,0,DEFEATED
391,DF004B,nvidia/nemotron-3-nano-omni,baseline,DF-04,defeasible,1,0,DEFEATED
391,DF004B,nvidia/nemotron-3-nano-omni,baseline,DF-04,defeasible,1,0,DEFEATED
391,DF004B,nvidia/nemotron-3-nano-omni,baseline,DF-04,defeasible,1,0,DEFEATED
391,DF004B,nvidia/nemotron-3-nano-omni,baseline,DF-04,defeasible,1,0,DEFEATED
391,DF004B,nvidia/nemotron-3-nano-omni,baseline,DF-04,defeasible,1,0,DEFEATED
392,DF004C,nvidia/nemotron-3-nano-omni,baseline,DF-04,defeasible,1,0,HOLDS
392,DF004C,nvidia/nemotron-3-nano-omni,baseline,DF-04,defeasible,1,0,HOLDS
392,DF004C,nvidia/nemotron-3-nano-omni,baseline,DF-04,defeasible,1,0,HOLDS
392,DF004C,nvidia/nemotron-3-nano-omni,baseline,DF-04,defeasible,1,0,HOLDS
392,DF004C,nvidia/nemotron-3-nano-omni,baseline,DF-04,defeasible,1,0,HOLDS
392,DF004C,nvidia/nemotron-3-nano-omni,baseline,DF-04,defeasible,1,0,HOLDS
393,DF005A,nvidia/nemotron-3-nano-omni,baseline,DF-05,defeasible,1,0,HOLDS
393,DF005A,nvidia/nemotron-3-nano-omni,baseline,DF-05,defeasible,1,0,HOLDS
393,DF005A,nvidia/nemotron-3-nano-omni,baseline,DF-05,defeasible,1,0,HOLDS
393,DF005A,nvidia/nemotron-3-nano-omni,baseline,DF-05,defeasible,1,0,HOLDS
393,DF005A,nvidia/nemotron-3-nano-omni,baseline,DF-05,defeasible,1,0,HOLDS
393,DF005A,nvidia/nemotron-3-nano-omni,baseline,DF-05,defeasible,1,0,HOLDS
394,DF005B,nvidia/nemotron-3-nano-omni,baseline,DF-05,defeasible,1,0,DEFEATED
394,DF005B,nvidia/nemotron-3-nano-omni,baseline,DF-05,defeasible,1,0,DEFEATED
394,DF005B,nvidia/nemotron-3-nano-omni,baseline,DF-05,defeasible,1,0,DEFEATED
394,DF005B,nvidia/nemotron-3-nano-omni,baseline,DF-05,defeasible,1,0,DEFEATED
394,DF005B,nvidia/nemotron-3-nano-omni,baseline,DF-05,defeasible,1,0,DEFEATED
394,DF005B,nvidia/nemotron-3-nano-omni,baseline,DF-05,defeasible,1,0,DEFEATED
395,DF005C,nvidia/nemotron-3-nano-omni,baseline,DF-05,defeasible,1,0,HOLDS
395,DF005C,nvidia/nemotron-3-nano-omni,baseline,DF-05,defeasible,1,0,HOLDS
395,DF005C,nvidia/nemotron-3-nano-omni,baseline,DF-05,defeasible,1,0,HOLDS
395,DF005C,nvidia/nemotron-3-nano-omni,baseline,DF-05,defeasible,1,0,HOLDS
395,DF005C,nvidia/nemotron-3-nano-omni,baseline,DF-05,defeasible,1,0,HOLDS
395,DF005C,nvidia/nemotron-3-nano-omni,baseline,DF-05,defeasible,1,0,HOLDS
396,DF006A,nvidia/nemotron-3-nano-omni,baseline,DF-06,defeasible,1,0,HOLDS
396,DF006A,nvidia/nemotron-3-nano-omni,baseline,DF-06,defeasible,1,0,HOLDS
396,DF006A,nvidia/nemotron-3-nano-omni,baseline,DF-06,defeasible,1,0,HOLDS
396,DF006A,nvidia/nemotron-3-nano-omni,baseline,DF-06,defeasible,1,0,HOLDS
396,DF006A,nvidia/nemotron-3-nano-omni,baseline,DF-06,defeasible,1,0,HOLDS
396,DF006A,nvidia/nemotron-3-nano-omni,baseline,DF-06,defeasible,1,0,HOLDS
397,DF006B,nvidia/nemotron-3-nano-omni,baseline,DF-06,defeasible,0,0,DEFEATED
397,DF006B,nvidia/nemotron-3-nano-omni,baseline,DF-06,defeasible,0,0,DEFEATED
397,DF006B,nvidia/nemotron-3-nano-omni,baseline,DF-06,defeasible,0,0,DEFEATED
397,DF006B,nvidia/nemotron-3-nano-omni,baseline,DF-06,defeasible,0,0,DEFEATED
397,DF006B,nvidia/nemotron-3-nano-omni,baseline,DF-06,defeasible,0,0,DEFEATED
397,DF006B,nvidia/nemotron-3-nano-omni,baseline,DF-06,defeasible,0,0,DEFEATED
398,DF006C,nvidia/nemotron-3-nano-omni,baseline,DF-06,defeasible,1,0,HOLDS
398,DF006C,nvidia/nemotron-3-nano-omni,baseline,DF-06,defeasible,1,0,HOLDS
398,DF006C,nvidia/nemotron-3-nano-omni,baseline,DF-06,defeasible,1,0,HOLDS
398,DF006C,nvidia/nemotron-3-nano-omni,baseline,DF-06,defeasible,1,0,HOLDS
398,DF006C,nvidia/nemotron-3-nano-omni,baseline,DF-06,defeasible,1,0,HOLDS
398,DF006C,nvidia/nemotron-3-nano-omni,baseline,DF-06,defeasible,1,0,HOLDS
399,DF007A,nvidia/nemotron-3-nano-omni,baseline,DF-07,defeasible,1,0,HOLDS
399,DF007A,nvidia/nemotron-3-nano-omni,baseline,DF-07,defeasible,1,0,HOLDS
399,DF007A,nvidia/nemotron-3-nano-omni,baseline,DF-07,defeasible,1,0,HOLDS
399,DF007A,nvidia/nemotron-3-nano-omni,baseline,DF-07,defeasible,1,0,HOLDS
399,DF007A,nvidia/nemotron-3-nano-omni,baseline,DF-07,defeasible,1,0,HOLDS
399,DF007A,nvidia/nemotron-3-nano-omni,baseline,DF-07,defeasible,1,0,HOLDS
400,DF007B,nvidia/nemotron-3-nano-omni,baseline,DF-07,defeasible,1,0,DEFEATED
400,DF007B,nvidia/nemotron-3-nano-omni,baseline,DF-07,defeasible,1,0,DEFEATED
400,DF007B,nvidia/nemotron-3-nano-omni,baseline,DF-07,defeasible,1,0,DEFEATED
400,DF007B,nvidia/nemotron-3-nano-omni,baseline,DF-07,defeasible,1,0,DEFEATED
400,DF007B,nvidia/nemotron-3-nano-omni,baseline,DF-07,defeasible,1,0,DEFEATED
400,DF007B,nvidia/nemotron-3-nano-omni,baseline,DF-07,defeasible,1,0,DEFEATED
401,DF007C,nvidia/nemotron-3-nano-omni,baseline,DF-07,defeasible,1,0,HOLDS
401,DF007C,nvidia/nemotron-3-nano-omni,baseline,DF-07,defeasible,1,0,HOLDS
401,DF007C,nvidia/nemotron-3-nano-omni,baseline,DF-07,defeasible,1,0,HOLDS
401,DF007C,nvidia/nemotron-3-nano-omni,baseline,DF-07,defeasible,1,0,HOLDS
401,DF007C,nvidia/nemotron-3-nano-omni,baseline,DF-07,defeasible,1,0,HOLDS
401,DF007C,nvidia/nemotron-3-nano-omni,baseline,DF-07,defeasible,1,0,HOLDS
402,DF008A,nvidia/nemotron-3-nano-omni,baseline,DF-08,defeasible,1,0,HOLDS
402,DF008A,nvidia/nemotron-3-nano-omni,baseline,DF-08,defeasible,1,0,HOLDS
402,DF008A,nvidia/nemotron-3-nano-omni,baseline,DF-08,defeasible,1,0,HOLDS
402,DF008A,nvidia/nemotron-3-nano-omni,baseline,DF-08,defeasible,1,0,HOLDS
402,DF008A,nvidia/nemotron-3-nano-omni,baseline,DF-08,defeasible,1,0,HOLDS
402,DF008A,nvidia/nemotron-3-nano-omni,baseline,DF-08,defeasible,1,0,HOLDS
403,DF008B,nvidia/nemotron-3-nano-omni,baseline,DF-08,defeasible,1,0,DEFEATED
403,DF008B,nvidia/nemotron-3-nano-omni,baseline,DF-08,defeasible,1,0,DEFEATED
403,DF008B,nvidia/nemotron-3-nano-omni,baseline,DF-08,defeasible,1,0,DEFEATED
403,DF008B,nvidia/nemotron-3-nano-omni,baseline,DF-08,defeasible,1,0,DEFEATED
403,DF008B,nvidia/nemotron-3-nano-omni,baseline,DF-08,defeasible,1,0,DEFEATED
403,DF008B,nvidia/nemotron-3-nano-omni,baseline,DF-08,defeasible,1,0,DEFEATED
404,DF008C,nvidia/nemotron-3-nano-omni,baseline,DF-08,defeasible,1,0,HOLDS
404,DF008C,nvidia/nemotron-3-nano-omni,baseline,DF-08,defeasible,1,0,HOLDS
404,DF008C,nvidia/nemotron-3-nano-omni,baseline,DF-08,defeasible,1,0,HOLDS
404,DF008C,nvidia/nemotron-3-nano-omni,baseline,DF-08,defeasible,1,0,HOLDS
404,DF008C,nvidia/nemotron-3-nano-omni,baseline,DF-08,defeasible,1,0,HOLDS
404,DF008C,nvidia/nemotron-3-nano-omni,baseline,DF-08,defeasible,1,0,HOLDS
405,DF009A,nvidia/nemotron-3-nano-omni,baseline,DF-09,defeasible,1,0,HOLDS
405,DF009A,nvidia/nemotron-3-nano-omni,baseline,DF-09,defeasible,1,0,HOLDS
405,DF009A,nvidia/nemotron-3-nano-omni,baseline,DF-09,defeasible,1,0,HOLDS
405,DF009A,nvidia/nemotron-3-nano-omni,baseline,DF-09,defeasible,1,0,HOLDS
405,DF009A,nvidia/nemotron-3-nano-omni,baseline,DF-09,defeasible,1,0,HOLDS
405,DF009A,nvidia/nemotron-3-nano-omni,baseline,DF-09,defeasible,1,0,HOLDS
406,DF009B,nvidia/nemotron-3-nano-omni,baseline,DF-09,defeasible,1,0,DEFEATED
406,DF009B,nvidia/nemotron-3-nano-omni,baseline,DF-09,defeasible,1,0,DEFEATED
406,DF009B,nvidia/nemotron-3-nano-omni,baseline,DF-09,defeasible,1,0,DEFEATED
406,DF009B,nvidia/nemotron-3-nano-omni,baseline,DF-09,defeasible,1,0,DEFEATED
406,DF009B,nvidia/nemotron-3-nano-omni,baseline,DF-09,defeasible,1,0,DEFEATED
406,DF009B,nvidia/nemotron-3-nano-omni,baseline,DF-09,defeasible,1,0,DEFEATED
407,DF009C,nvidia/nemotron-3-nano-omni,baseline,DF-09,defeasible,1,0,HOLDS
407,DF009C,nvidia/nemotron-3-nano-omni,baseline,DF-09,defeasible,1,0,HOLDS
407,DF009C,nvidia/nemotron-3-nano-omni,baseline,DF-09,defeasible,1,0,HOLDS
407,DF009C,nvidia/nemotron-3-nano-omni,baseline,DF-09,defeasible,1,0,HOLDS
407,DF009C,nvidia/nemotron-3-nano-omni,baseline,DF-09,defeasible,1,0,HOLDS
407,DF009C,nvidia/nemotron-3-nano-omni,baseline,DF-09,defeasible,1,0,HOLDS
408,DF010A,nvidia/nemotron-3-nano-omni,baseline,DF-10,defeasible,1,0,HOLDS
408,DF010A,nvidia/nemotron-3-nano-omni,baseline,DF-10,defeasible,1,0,HOLDS
408,DF010A,nvidia/nemotron-3-nano-omni,baseline,DF-10,defeasible,1,0,HOLDS
408,DF010A,nvidia/nemotron-3-nano-omni,baseline,DF-10,defeasible,1,0,HOLDS
408,DF010A,nvidia/nemotron-3-nano-omni,baseline,DF-10,defeasible,1,0,HOLDS
408,DF010A,nvidia/nemotron-3-nano-omni,baseline,DF-10,defeasible,1,0,HOLDS
409,DF010B,nvidia/nemotron-3-nano-omni,baseline,DF-10,defeasible,1,0,DEFEATED
409,DF010B,nvidia/nemotron-3-nano-omni,baseline,DF-10,defeasible,1,0,DEFEATED
409,DF010B,nvidia/nemotron-3-nano-omni,baseline,DF-10,defeasible,1,0,DEFEATED
409,DF010B,nvidia/nemotron-3-nano-omni,baseline,DF-10,defeasible,1,0,DEFEATED
409,DF010B,nvidia/nemotron-3-nano-omni,baseline,DF-10,defeasible,1,0,DEFEATED
409,DF010B,nvidia/nemotron-3-nano-omni,baseline,DF-10,defeasible,1,0,DEFEATED
410,DF010C,nvidia/nemotron-3-nano-omni,baseline,DF-10,defeasible,1,0,HOLDS
410,DF010C,nvidia/nemotron-3-nano-omni,baseline,DF-10,defeasible,1,0,HOLDS
410,DF010C,nvidia/nemotron-3-nano-omni,baseline,DF-10,defeasible,1,0,HOLDS
410,DF010C,nvidia/nemotron-3-nano-omni,baseline,DF-10,defeasible,1,0,HOLDS
410,DF010C,nvidia/nemotron-3-nano-omni,baseline,DF-10,defeasible,1,0,HOLDS
410,DF010C,nvidia/nemotron-3-nano-omni,baseline,DF-10,defeasible,1,0,HOLDS
411,DF011A,nvidia/nemotron-3-nano-omni,baseline,DF-11,defeasible,0,0,HOLDS
411,DF011A,nvidia/nemotron-3-nano-omni,baseline,DF-11,defeasible,0,0,HOLDS
411,DF011A,nvidia/nemotron-3-nano-omni,baseline,DF-11,defeasible,0,0,HOLDS
411,DF011A,nvidia/nemotron-3-nano-omni,baseline,DF-11,defeasible,0,0,HOLDS
411,DF011A,nvidia/nemotron-3-nano-omni,baseline,DF-11,defeasible,0,0,HOLDS
411,DF011A,nvidia/nemotron-3-nano-omni,baseline,DF-11,defeasible,0,0,HOLDS
412,DF011B,nvidia/nemotron-3-nano-omni,baseline,DF-11,defeasible,1,0,DEFEATED
412,DF011B,nvidia/nemotron-3-nano-omni,baseline,DF-11,defeasible,1,0,DEFEATED
412,DF011B,nvidia/nemotron-3-nano-omni,baseline,DF-11,defeasible,1,0,DEFEATED
412,DF011B,nvidia/nemotron-3-nano-omni,baseline,DF-11,defeasible,1,0,DEFEATED
412,DF011B,nvidia/nemotron-3-nano-omni,baseline,DF-11,defeasible,1,0,DEFEATED
412,DF011B,nvidia/nemotron-3-nano-omni,baseline,DF-11,defeasible,1,0,DEFEATED
413,DF011C,nvidia/nemotron-3-nano-omni,baseline,DF-11,defeasible,1,0,HOLDS
413,DF011C,nvidia/nemotron-3-nano-omni,baseline,DF-11,defeasible,1,0,HOLDS
413,DF011C,nvidia/nemotron-3-nano-omni,baseline,DF-11,defeasible,1,0,HOLDS
413,DF011C,nvidia/nemotron-3-nano-omni,baseline,DF-11,defeasible,1,0,HOLDS
413,DF011C,nvidia/nemotron-3-nano-omni,baseline,DF-11,defeasible,1,0,HOLDS
413,DF011C,nvidia/nemotron-3-nano-omni,baseline,DF-11,defeasible,1,0,HOLDS
414,DF012A,nvidia/nemotron-3-nano-omni,baseline,DF-12,defeasible,0,0,HOLDS
414,DF012A,nvidia/nemotron-3-nano-omni,baseline,DF-12,defeasible,0,0,HOLDS
414,DF012A,nvidia/nemotron-3-nano-omni,baseline,DF-12,defeasible,0,0,HOLDS
414,DF012A,nvidia/nemotron-3-nano-omni,baseline,DF-12,defeasible,0,0,HOLDS
414,DF012A,nvidia/nemotron-3-nano-omni,baseline,DF-12,defeasible,0,0,HOLDS
414,DF012A,nvidia/nemotron-3-nano-omni,baseline,DF-12,defeasible,0,0,HOLDS
415,DF012B,nvidia/nemotron-3-nano-omni,baseline,DF-12,defeasible,1,0,DEFEATED
415,DF012B,nvidia/nemotron-3-nano-omni,baseline,DF-12,defeasible,1,0,DEFEATED
415,DF012B,nvidia/nemotron-3-nano-omni,baseline,DF-12,defeasible,1,0,DEFEATED
415,DF012B,nvidia/nemotron-3-nano-omni,baseline,DF-12,defeasible,1,0,DEFEATED
415,DF012B,nvidia/nemotron-3-nano-omni,baseline,DF-12,defeasible,1,0,DEFEATED
415,DF012B,nvidia/nemotron-3-nano-omni,baseline,DF-12,defeasible,1,0,DEFEATED
416,DF012C,nvidia/nemotron-3-nano-omni,baseline,DF-12,defeasible,0,0,HOLDS
416,DF012C,nvidia/nemotron-3-nano-omni,baseline,DF-12,defeasible,0,0,HOLDS
416,DF012C,nvidia/nemotron-3-nano-omni,baseline,DF-12,defeasible,0,0,HOLDS
416,DF012C,nvidia/nemotron-3-nano-omni,baseline,DF-12,defeasible,0,0,HOLDS
416,DF012C,nvidia/nemotron-3-nano-omni,baseline,DF-12,defeasible,0,0,HOLDS
416,DF012C,nvidia/nemotron-3-nano-omni,baseline,DF-12,defeasible,0,0,HOLDS
417,DF013A,nvidia/nemotron-3-nano-omni,baseline,DF-13,defeasible,1,0,HOLDS
417,DF013A,nvidia/nemotron-3-nano-omni,baseline,DF-13,defeasible,1,0,HOLDS
417,DF013A,nvidia/nemotron-3-nano-omni,baseline,DF-13,defeasible,1,0,HOLDS
417,DF013A,nvidia/nemotron-3-nano-omni,baseline,DF-13,defeasible,1,0,HOLDS
417,DF013A,nvidia/nemotron-3-nano-omni,baseline,DF-13,defeasible,1,0,HOLDS
417,DF013A,nvidia/nemotron-3-nano-omni,baseline,DF-13,defeasible,1,0,HOLDS
418,DF013B,nvidia/nemotron-3-nano-omni,baseline,DF-13,defeasible,0,0,DEFEATED
418,DF013B,nvidia/nemotron-3-nano-omni,baseline,DF-13,defeasible,0,0,DEFEATED
418,DF013B,nvidia/nemotron-3-nano-omni,baseline,DF-13,defeasible,0,0,DEFEATED
418,DF013B,nvidia/nemotron-3-nano-omni,baseline,DF-13,defeasible,0,0,DEFEATED
418,DF013B,nvidia/nemotron-3-nano-omni,baseline,DF-13,defeasible,0,0,DEFEATED
418,DF013B,nvidia/nemotron-3-nano-omni,baseline,DF-13,defeasible,0,0,DEFEATED
419,DF013C,nvidia/nemotron-3-nano-omni,baseline,DF-13,defeasible,1,0,HOLDS
419,DF013C,nvidia/nemotron-3-nano-omni,baseline,DF-13,defeasible,1,0,HOLDS
419,DF013C,nvidia/nemotron-3-nano-omni,baseline,DF-13,defeasible,1,0,HOLDS
419,DF013C,nvidia/nemotron-3-nano-omni,baseline,DF-13,defeasible,1,0,HOLDS
419,DF013C,nvidia/nemotron-3-nano-omni,baseline,DF-13,defeasible,1,0,HOLDS
419,DF013C,nvidia/nemotron-3-nano-omni,baseline,DF-13,defeasible,1,0,HOLDS
420,DF014A,nvidia/nemotron-3-nano-omni,baseline,DF-14,defeasible,1,0,HOLDS
420,DF014A,nvidia/nemotron-3-nano-omni,baseline,DF-14,defeasible,1,0,HOLDS
420,DF014A,nvidia/nemotron-3-nano-omni,baseline,DF-14,defeasible,1,0,HOLDS
420,DF014A,nvidia/nemotron-3-nano-omni,baseline,DF-14,defeasible,1,0,HOLDS
420,DF014A,nvidia/nemotron-3-nano-omni,baseline,DF-14,defeasible,1,0,HOLDS
420,DF014A,nvidia/nemotron-3-nano-omni,baseline,DF-14,defeasible,1,0,HOLDS
421,DF014B,nvidia/nemotron-3-nano-omni,baseline,DF-14,defeasible,1,0,DEFEATED
421,DF014B,nvidia/nemotron-3-nano-omni,baseline,DF-14,defeasible,1,0,DEFEATED
421,DF014B,nvidia/nemotron-3-nano-omni,baseline,DF-14,defeasible,1,0,DEFEATED
421,DF014B,nvidia/nemotron-3-nano-omni,baseline,DF-14,defeasible,1,0,DEFEATED
421,DF014B,nvidia/nemotron-3-nano-omni,baseline,DF-14,defeasible,1,0,DEFEATED
421,DF014B,nvidia/nemotron-3-nano-omni,baseline,DF-14,defeasible,1,0,DEFEATED
422,DF014C,nvidia/nemotron-3-nano-omni,baseline,DF-14,defeasible,1,0,HOLDS
422,DF014C,nvidia/nemotron-3-nano-omni,baseline,DF-14,defeasible,1,0,HOLDS
422,DF014C,nvidia/nemotron-3-nano-omni,baseline,DF-14,defeasible,1,0,HOLDS
422,DF014C,nvidia/nemotron-3-nano-omni,baseline,DF-14,defeasible,1,0,HOLDS
422,DF014C,nvidia/nemotron-3-nano-omni,baseline,DF-14,defeasible,1,0,HOLDS
422,DF014C,nvidia/nemotron-3-nano-omni,baseline,DF-14,defeasible,1,0,HOLDS
423,DF015A,nvidia/nemotron-3-nano-omni,baseline,DF-15,defeasible,1,0,HOLDS
423,DF015A,nvidia/nemotron-3-nano-omni,baseline,DF-15,defeasible,1,0,HOLDS
423,DF015A,nvidia/nemotron-3-nano-omni,baseline,DF-15,defeasible,1,0,HOLDS
423,DF015A,nvidia/nemotron-3-nano-omni,baseline,DF-15,defeasible,1,0,HOLDS
423,DF015A,nvidia/nemotron-3-nano-omni,baseline,DF-15,defeasible,1,0,HOLDS
423,DF015A,nvidia/nemotron-3-nano-omni,baseline,DF-15,defeasible,1,0,HOLDS
424,DF015B,nvidia/nemotron-3-nano-omni,baseline,DF-15,defeasible,1,0,DEFEATED
424,DF015B,nvidia/nemotron-3-nano-omni,baseline,DF-15,defeasible,1,0,DEFEATED
424,DF015B,nvidia/nemotron-3-nano-omni,baseline,DF-15,defeasible,1,0,DEFEATED
424,DF015B,nvidia/nemotron-3-nano-omni,baseline,DF-15,defeasible,1,0,DEFEATED
424,DF015B,nvidia/nemotron-3-nano-omni,baseline,DF-15,defeasible,1,0,DEFEATED
424,DF015B,nvidia/nemotron-3-nano-omni,baseline,DF-15,defeasible,1,0,DEFEATED
425,DF015C,nvidia/nemotron-3-nano-omni,baseline,DF-15,defeasible,1,0,HOLDS
425,DF015C,nvidia/nemotron-3-nano-omni,baseline,DF-15,defeasible,1,0,HOLDS
425,DF015C,nvidia/nemotron-3-nano-omni,baseline,DF-15,defeasible,1,0,HOLDS
425,DF015C,nvidia/nemotron-3-nano-omni,baseline,DF-15,defeasible,1,0,HOLDS
425,DF015C,nvidia/nemotron-3-nano-omni,baseline,DF-15,defeasible,1,0,HOLDS
425,DF015C,nvidia/nemotron-3-nano-omni,baseline,DF-15,defeasible,1,0,HOLDS
426,DF016A,nvidia/nemotron-3-nano-omni,baseline,DF-16,defeasible,1,0,HOLDS
426,DF016A,nvidia/nemotron-3-nano-omni,baseline,DF-16,defeasible,1,0,HOLDS
426,DF016A,nvidia/nemotron-3-nano-omni,baseline,DF-16,defeasible,1,0,HOLDS
426,DF016A,nvidia/nemotron-3-nano-omni,baseline,DF-16,defeasible,1,0,HOLDS
426,DF016A,nvidia/nemotron-3-nano-omni,baseline,DF-16,defeasible,1,0,HOLDS
426,DF016A,nvidia/nemotron-3-nano-omni,baseline,DF-16,defeasible,1,0,HOLDS
427,DF016B,nvidia/nemotron-3-nano-omni,baseline,DF-16,defeasible,1,0,DEFEATED
427,DF016B,nvidia/nemotron-3-nano-omni,baseline,DF-16,defeasible,1,0,DEFEATED
427,DF016B,nvidia/nemotron-3-nano-omni,baseline,DF-16,defeasible,1,0,DEFEATED
427,DF016B,nvidia/nemotron-3-nano-omni,baseline,DF-16,defeasible,1,0,DEFEATED
427,DF016B,nvidia/nemotron-3-nano-omni,baseline,DF-16,defeasible,1,0,DEFEATED
427,DF016B,nvidia/nemotron-3-nano-omni,baseline,DF-16,defeasible,1,0,DEFEATED
428,DF016C,nvidia/nemotron-3-nano-omni,baseline,DF-16,defeasible,1,0,HOLDS
428,DF016C,nvidia/nemotron-3-nano-omni,baseline,DF-16,defeasible,1,0,HOLDS
428,DF016C,nvidia/nemotron-3-nano-omni,baseline,DF-16,defeasible,1,0,HOLDS
428,DF016C,nvidia/nemotron-3-nano-omni,baseline,DF-16,defeasible,1,0,HOLDS
428,DF016C,nvidia/nemotron-3-nano-omni,baseline,DF-16,defeasible,1,0,HOLDS
428,DF016C,nvidia/nemotron-3-nano-omni,baseline,DF-16,defeasible,1,0,HOLDS
429,DF017A,nvidia/nemotron-3-nano-omni,baseline,DF-17,defeasible,1,0,HOLDS
429,DF017A,nvidia/nemotron-3-nano-omni,baseline,DF-17,defeasible,1,0,HOLDS
429,DF017A,nvidia/nemotron-3-nano-omni,baseline,DF-17,defeasible,1,0,HOLDS
429,DF017A,nvidia/nemotron-3-nano-omni,baseline,DF-17,defeasible,1,0,HOLDS
429,DF017A,nvidia/nemotron-3-nano-omni,baseline,DF-17,defeasible,1,0,HOLDS
429,DF017A,nvidia/nemotron-3-nano-omni,baseline,DF-17,defeasible,1,0,HOLDS
430,DF017B,nvidia/nemotron-3-nano-omni,baseline,DF-17,defeasible,1,0,DEFEATED
430,DF017B,nvidia/nemotron-3-nano-omni,baseline,DF-17,defeasible,1,0,DEFEATED
430,DF017B,nvidia/nemotron-3-nano-omni,baseline,DF-17,defeasible,1,0,DEFEATED
430,DF017B,nvidia/nemotron-3-nano-omni,baseline,DF-17,defeasible,1,0,DEFEATED
430,DF017B,nvidia/nemotron-3-nano-omni,baseline,DF-17,defeasible,1,0,DEFEATED
430,DF017B,nvidia/nemotron-3-nano-omni,baseline,DF-17,defeasible,1,0,DEFEATED
431,DF017C,nvidia/nemotron-3-nano-omni,baseline,DF-17,defeasible,1,0,HOLDS
431,DF017C,nvidia/nemotron-3-nano-omni,baseline,DF-17,defeasible,1,0,HOLDS
431,DF017C,nvidia/nemotron-3-nano-omni,baseline,DF-17,defeasible,1,0,HOLDS
431,DF017C,nvidia/nemotron-3-nano-omni,baseline,DF-17,defeasible,1,0,HOLDS
431,DF017C,nvidia/nemotron-3-nano-omni,baseline,DF-17,defeasible,1,0,HOLDS
431,DF017C,nvidia/nemotron-3-nano-omni,baseline,DF-17,defeasible,1,0,HOLDS
432,DF018A,nvidia/nemotron-3-nano-omni,baseline,DF-18,defeasible,1,0,HOLDS
432,DF018A,nvidia/nemotron-3-nano-omni,baseline,DF-18,defeasible,1,0,HOLDS
432,DF018A,nvidia/nemotron-3-nano-omni,baseline,DF-18,defeasible,1,0,HOLDS
432,DF018A,nvidia/nemotron-3-nano-omni,baseline,DF-18,defeasible,1,0,HOLDS
432,DF018A,nvidia/nemotron-3-nano-omni,baseline,DF-18,defeasible,1,0,HOLDS
432,DF018A,nvidia/nemotron-3-nano-omni,baseline,DF-18,defeasible,1,0,HOLDS
433,DF018B,nvidia/nemotron-3-nano-omni,baseline,DF-18,defeasible,1,0,DEFEATED
433,DF018B,nvidia/nemotron-3-nano-omni,baseline,DF-18,defeasible,1,0,DEFEATED
433,DF018B,nvidia/nemotron-3-nano-omni,baseline,DF-18,defeasible,1,0,DEFEATED
433,DF018B,nvidia/nemotron-3-nano-omni,baseline,DF-18,defeasible,1,0,DEFEATED
433,DF018B,nvidia/nemotron-3-nano-omni,baseline,DF-18,defeasible,1,0,DEFEATED
433,DF018B,nvidia/nemotron-3-nano-omni,baseline,DF-18,defeasible,1,0,DEFEATED
434,DF018C,nvidia/nemotron-3-nano-omni,baseline,DF-18,defeasible,1,0,HOLDS
434,DF018C,nvidia/nemotron-3-nano-omni,baseline,DF-18,defeasible,1,0,HOLDS
434,DF018C,nvidia/nemotron-3-nano-omni,baseline,DF-18,defeasible,1,0,HOLDS
434,DF018C,nvidia/nemotron-3-nano-omni,baseline,DF-18,defeasible,1,0,HOLDS
434,DF018C,nvidia/nemotron-3-nano-omni,baseline,DF-18,defeasible,1,0,HOLDS
434,DF018C,nvidia/nemotron-3-nano-omni,baseline,DF-18,defeasible,1,0,HOLDS
435,DF019A,nvidia/nemotron-3-nano-omni,baseline,DF-19,defeasible,1,0,HOLDS
435,DF019A,nvidia/nemotron-3-nano-omni,baseline,DF-19,defeasible,1,0,HOLDS
435,DF019A,nvidia/nemotron-3-nano-omni,baseline,DF-19,defeasible,1,0,HOLDS
435,DF019A,nvidia/nemotron-3-nano-omni,baseline,DF-19,defeasible,1,0,HOLDS
435,DF019A,nvidia/nemotron-3-nano-omni,baseline,DF-19,defeasible,1,0,HOLDS
435,DF019A,nvidia/nemotron-3-nano-omni,baseline,DF-19,defeasible,1,0,HOLDS
436,DF019B,nvidia/nemotron-3-nano-omni,baseline,DF-19,defeasible,1,0,DEFEATED
436,DF019B,nvidia/nemotron-3-nano-omni,baseline,DF-19,defeasible,1,0,DEFEATED
436,DF019B,nvidia/nemotron-3-nano-omni,baseline,DF-19,defeasible,1,0,DEFEATED
436,DF019B,nvidia/nemotron-3-nano-omni,baseline,DF-19,defeasible,1,0,DEFEATED
436,DF019B,nvidia/nemotron-3-nano-omni,baseline,DF-19,defeasible,1,0,DEFEATED
436,DF019B,nvidia/nemotron-3-nano-omni,baseline,DF-19,defeasible,1,0,DEFEATED
437,DF019C,nvidia/nemotron-3-nano-omni,baseline,DF-19,defeasible,1,0,HOLDS
437,DF019C,nvidia/nemotron-3-nano-omni,baseline,DF-19,defeasible,1,0,HOLDS
437,DF019C,nvidia/nemotron-3-nano-omni,baseline,DF-19,defeasible,1,0,HOLDS
437,DF019C,nvidia/nemotron-3-nano-omni,baseline,DF-19,defeasible,1,0,HOLDS
437,DF019C,nvidia/nemotron-3-nano-omni,baseline,DF-19,defeasible,1,0,HOLDS
437,DF019C,nvidia/nemotron-3-nano-omni,baseline,DF-19,defeasible,1,0,HOLDS
438,DF020A,nvidia/nemotron-3-nano-omni,baseline,DF-20,defeasible,1,0,HOLDS
438,DF020A,nvidia/nemotron-3-nano-omni,baseline,DF-20,defeasible,1,0,HOLDS
438,DF020A,nvidia/nemotron-3-nano-omni,baseline,DF-20,defeasible,1,0,HOLDS
438,DF020A,nvidia/nemotron-3-nano-omni,baseline,DF-20,defeasible,1,0,HOLDS
438,DF020A,nvidia/nemotron-3-nano-omni,baseline,DF-20,defeasible,1,0,HOLDS
438,DF020A,nvidia/nemotron-3-nano-omni,baseline,DF-20,defeasible,1,0,HOLDS
439,DF020B,nvidia/nemotron-3-nano-omni,baseline,DF-20,defeasible,1,0,DEFEATED
439,DF020B,nvidia/nemotron-3-nano-omni,baseline,DF-20,defeasible,1,0,DEFEATED
439,DF020B,nvidia/nemotron-3-nano-omni,baseline,DF-20,defeasible,1,0,DEFEATED
439,DF020B,nvidia/nemotron-3-nano-omni,baseline,DF-20,defeasible,1,0,DEFEATED
439,DF020B,nvidia/nemotron-3-nano-omni,baseline,DF-20,defeasible,1,0,DEFEATED
439,DF020B,nvidia/nemotron-3-nano-omni,baseline,DF-20,defeasible,1,0,DEFEATED
440,DF020C,nvidia/nemotron-3-nano-omni,baseline,DF-20,defeasible,1,0,HOLDS
440,DF020C,nvidia/nemotron-3-nano-omni,baseline,DF-20,defeasible,1,0,HOLDS
440,DF020C,nvidia/nemotron-3-nano-omni,baseline,DF-20,defeasible,1,0,HOLDS
440,DF020C,nvidia/nemotron-3-nano-omni,baseline,DF-20,defeasible,1,0,HOLDS
440,DF020C,nvidia/nemotron-3-nano-omni,baseline,DF-20,defeasible,1,0,HOLDS
440,DF020C,nvidia/nemotron-3-nano-omni,baseline,DF-20,defeasible,1,0,HOLDS
441,DF021A,nvidia/nemotron-3-nano-omni,baseline,DF-21,defeasible,1,0,HOLDS
441,DF021A,nvidia/nemotron-3-nano-omni,baseline,DF-21,defeasible,1,0,HOLDS
441,DF021A,nvidia/nemotron-3-nano-omni,baseline,DF-21,defeasible,1,0,HOLDS
441,DF021A,nvidia/nemotron-3-nano-omni,baseline,DF-21,defeasible,1,0,HOLDS
441,DF021A,nvidia/nemotron-3-nano-omni,baseline,DF-21,defeasible,1,0,HOLDS
441,DF021A,nvidia/nemotron-3-nano-omni,baseline,DF-21,defeasible,1,0,HOLDS
442,DF021B,nvidia/nemotron-3-nano-omni,baseline,DF-21,defeasible,1,0,DEFEATED
442,DF021B,nvidia/nemotron-3-nano-omni,baseline,DF-21,defeasible,1,0,DEFEATED
442,DF021B,nvidia/nemotron-3-nano-omni,baseline,DF-21,defeasible,1,0,DEFEATED
442,DF021B,nvidia/nemotron-3-nano-omni,baseline,DF-21,defeasible,1,0,DEFEATED
442,DF021B,nvidia/nemotron-3-nano-omni,baseline,DF-21,defeasible,1,0,DEFEATED
442,DF021B,nvidia/nemotron-3-nano-omni,baseline,DF-21,defeasible,1,0,DEFEATED
443,DF021C,nvidia/nemotron-3-nano-omni,baseline,DF-21,defeasible,1,0,HOLDS
443,DF021C,nvidia/nemotron-3-nano-omni,baseline,DF-21,defeasible,1,0,HOLDS
443,DF021C,nvidia/nemotron-3-nano-omni,baseline,DF-21,defeasible,1,0,HOLDS
443,DF021C,nvidia/nemotron-3-nano-omni,baseline,DF-21,defeasible,1,0,HOLDS
443,DF021C,nvidia/nemotron-3-nano-omni,baseline,DF-21,defeasible,1,0,HOLDS
443,DF021C,nvidia/nemotron-3-nano-omni,baseline,DF-21,defeasible,1,0,HOLDS
444,DF022A,nvidia/nemotron-3-nano-omni,baseline,DF-22,defeasible,1,0,HOLDS
444,DF022A,nvidia/nemotron-3-nano-omni,baseline,DF-22,defeasible,1,0,HOLDS
444,DF022A,nvidia/nemotron-3-nano-omni,baseline,DF-22,defeasible,1,0,HOLDS
444,DF022A,nvidia/nemotron-3-nano-omni,baseline,DF-22,defeasible,1,0,HOLDS
444,DF022A,nvidia/nemotron-3-nano-omni,baseline,DF-22,defeasible,1,0,HOLDS
444,DF022A,nvidia/nemotron-3-nano-omni,baseline,DF-22,defeasible,1,0,HOLDS
445,DF022B,nvidia/nemotron-3-nano-omni,baseline,DF-22,defeasible,1,0,DEFEATED
445,DF022B,nvidia/nemotron-3-nano-omni,baseline,DF-22,defeasible,1,0,DEFEATED
445,DF022B,nvidia/nemotron-3-nano-omni,baseline,DF-22,defeasible,1,0,DEFEATED
445,DF022B,nvidia/nemotron-3-nano-omni,baseline,DF-22,defeasible,1,0,DEFEATED
445,DF022B,nvidia/nemotron-3-nano-omni,baseline,DF-22,defeasible,1,0,DEFEATED
445,DF022B,nvidia/nemotron-3-nano-omni,baseline,DF-22,defeasible,1,0,DEFEATED
446,DF022C,nvidia/nemotron-3-nano-omni,baseline,DF-22,defeasible,1,0,HOLDS
446,DF022C,nvidia/nemotron-3-nano-omni,baseline,DF-22,defeasible,1,0,HOLDS
446,DF022C,nvidia/nemotron-3-nano-omni,baseline,DF-22,defeasible,1,0,HOLDS
446,DF022C,nvidia/nemotron-3-nano-omni,baseline,DF-22,defeasible,1,0,HOLDS
446,DF022C,nvidia/nemotron-3-nano-omni,baseline,DF-22,defeasible,1,0,HOLDS
446,DF022C,nvidia/nemotron-3-nano-omni,baseline,DF-22,defeasible,1,0,HOLDS
447,DF023A,nvidia/nemotron-3-nano-omni,baseline,DF-23,defeasible,1,0,HOLDS
447,DF023A,nvidia/nemotron-3-nano-omni,baseline,DF-23,defeasible,1,0,HOLDS
447,DF023A,nvidia/nemotron-3-nano-omni,baseline,DF-23,defeasible,1,0,HOLDS
447,DF023A,nvidia/nemotron-3-nano-omni,baseline,DF-23,defeasible,1,0,HOLDS
447,DF023A,nvidia/nemotron-3-nano-omni,baseline,DF-23,defeasible,1,0,HOLDS
447,DF023A,nvidia/nemotron-3-nano-omni,baseline,DF-23,defeasible,1,0,HOLDS
448,DF023B,nvidia/nemotron-3-nano-omni,baseline,DF-23,defeasible,1,0,DEFEATED
448,DF023B,nvidia/nemotron-3-nano-omni,baseline,DF-23,defeasible,1,0,DEFEATED
448,DF023B,nvidia/nemotron-3-nano-omni,baseline,DF-23,defeasible,1,0,DEFEATED
448,DF023B,nvidia/nemotron-3-nano-omni,baseline,DF-23,defeasible,1,0,DEFEATED
448,DF023B,nvidia/nemotron-3-nano-omni,baseline,DF-23,defeasible,1,0,DEFEATED
448,DF023B,nvidia/nemotron-3-nano-omni,baseline,DF-23,defeasible,1,0,DEFEATED
449,DF023C,nvidia/nemotron-3-nano-omni,baseline,DF-23,defeasible,1,0,HOLDS
449,DF023C,nvidia/nemotron-3-nano-omni,baseline,DF-23,defeasible,1,0,HOLDS
449,DF023C,nvidia/nemotron-3-nano-omni,baseline,DF-23,defeasible,1,0,HOLDS
449,DF023C,nvidia/nemotron-3-nano-omni,baseline,DF-23,defeasible,1,0,HOLDS
449,DF023C,nvidia/nemotron-3-nano-omni,baseline,DF-23,defeasible,1,0,HOLDS
449,DF023C,nvidia/nemotron-3-nano-omni,baseline,DF-23,defeasible,1,0,HOLDS
450,DF024A,nvidia/nemotron-3-nano-omni,baseline,DF-24,defeasible,1,0,HOLDS
450,DF024A,nvidia/nemotron-3-nano-omni,baseline,DF-24,defeasible,1,0,HOLDS
450,DF024A,nvidia/nemotron-3-nano-omni,baseline,DF-24,defeasible,1,0,HOLDS
450,DF024A,nvidia/nemotron-3-nano-omni,baseline,DF-24,defeasible,1,0,HOLDS
450,DF024A,nvidia/nemotron-3-nano-omni,baseline,DF-24,defeasible,1,0,HOLDS
450,DF024A,nvidia/nemotron-3-nano-omni,baseline,DF-24,defeasible,1,0,HOLDS
451,DF024B,nvidia/nemotron-3-nano-omni,baseline,DF-24,defeasible,1,0,DEFEATED
451,DF024B,nvidia/nemotron-3-nano-omni,baseline,DF-24,defeasible,1,0,DEFEATED
451,DF024B,nvidia/nemotron-3-nano-omni,baseline,DF-24,defeasible,1,0,DEFEATED
451,DF024B,nvidia/nemotron-3-nano-omni,baseline,DF-24,defeasible,1,0,DEFEATED
451,DF024B,nvidia/nemotron-3-nano-omni,baseline,DF-24,defeasible,1,0,DEFEATED
451,DF024B,nvidia/nemotron-3-nano-omni,baseline,DF-24,defeasible,1,0,DEFEATED
452,DF024C,nvidia/nemotron-3-nano-omni,baseline,DF-24,defeasible,1,0,HOLDS
452,DF024C,nvidia/nemotron-3-nano-omni,baseline,DF-24,defeasible,1,0,HOLDS
452,DF024C,nvidia/nemotron-3-nano-omni,baseline,DF-24,defeasible,1,0,HOLDS
452,DF024C,nvidia/nemotron-3-nano-omni,baseline,DF-24,defeasible,1,0,HOLDS
452,DF024C,nvidia/nemotron-3-nano-omni,baseline,DF-24,defeasible,1,0,HOLDS
452,DF024C,nvidia/nemotron-3-nano-omni,baseline,DF-24,defeasible,1,0,HOLDS
453,DF025A,nvidia/nemotron-3-nano-omni,baseline,DF-25,defeasible,1,0,HOLDS
453,DF025A,nvidia/nemotron-3-nano-omni,baseline,DF-25,defeasible,1,0,HOLDS
453,DF025A,nvidia/nemotron-3-nano-omni,baseline,DF-25,defeasible,1,0,HOLDS
453,DF025A,nvidia/nemotron-3-nano-omni,baseline,DF-25,defeasible,1,0,HOLDS
453,DF025A,nvidia/nemotron-3-nano-omni,baseline,DF-25,defeasible,1,0,HOLDS
453,DF025A,nvidia/nemotron-3-nano-omni,baseline,DF-25,defeasible,1,0,HOLDS
454,DF025B,nvidia/nemotron-3-nano-omni,baseline,DF-25,defeasible,1,0,DEFEATED
454,DF025B,nvidia/nemotron-3-nano-omni,baseline,DF-25,defeasible,1,0,DEFEATED
454,DF025B,nvidia/nemotron-3-nano-omni,baseline,DF-25,defeasible,1,0,DEFEATED
454,DF025B,nvidia/nemotron-3-nano-omni,baseline,DF-25,defeasible,1,0,DEFEATED
454,DF025B,nvidia/nemotron-3-nano-omni,baseline,DF-25,defeasible,1,0,DEFEATED
454,DF025B,nvidia/nemotron-3-nano-omni,baseline,DF-25,defeasible,1,0,DEFEATED
455,DF025C,nvidia/nemotron-3-nano-omni,baseline,DF-25,defeasible,1,0,HOLDS
455,DF025C,nvidia/nemotron-3-nano-omni,baseline,DF-25,defeasible,1,0,HOLDS
455,DF025C,nvidia/nemotron-3-nano-omni,baseline,DF-25,defeasible,1,0,HOLDS
455,DF025C,nvidia/nemotron-3-nano-omni,baseline,DF-25,defeasible,1,0,HOLDS
455,DF025C,nvidia/nemotron-3-nano-omni,baseline,DF-25,defeasible,1,0,HOLDS
455,DF025C,nvidia/nemotron-3-nano-omni,baseline,DF-25,defeasible,1,0,HOLDS
456,DF026A,nvidia/nemotron-3-nano-omni,baseline,DF-26,defeasible,0,0,HOLDS
456,DF026A,nvidia/nemotron-3-nano-omni,baseline,DF-26,defeasible,0,0,HOLDS
456,DF026A,nvidia/nemotron-3-nano-omni,baseline,DF-26,defeasible,0,0,HOLDS
456,DF026A,nvidia/nemotron-3-nano-omni,baseline,DF-26,defeasible,0,0,HOLDS
456,DF026A,nvidia/nemotron-3-nano-omni,baseline,DF-26,defeasible,0,0,HOLDS
456,DF026A,nvidia/nemotron-3-nano-omni,baseline,DF-26,defeasible,0,0,HOLDS
457,DF026B,nvidia/nemotron-3-nano-omni,baseline,DF-26,defeasible,1,0,DEFEATED
457,DF026B,nvidia/nemotron-3-nano-omni,baseline,DF-26,defeasible,1,0,DEFEATED
457,DF026B,nvidia/nemotron-3-nano-omni,baseline,DF-26,defeasible,1,0,DEFEATED
457,DF026B,nvidia/nemotron-3-nano-omni,baseline,DF-26,defeasible,1,0,DEFEATED
457,DF026B,nvidia/nemotron-3-nano-omni,baseline,DF-26,defeasible,1,0,DEFEATED
457,DF026B,nvidia/nemotron-3-nano-omni,baseline,DF-26,defeasible,1,0,DEFEATED
458,DF026C,nvidia/nemotron-3-nano-omni,baseline,DF-26,defeasible,1,0,HOLDS
458,DF026C,nvidia/nemotron-3-nano-omni,baseline,DF-26,defeasible,1,0,HOLDS
458,DF026C,nvidia/nemotron-3-nano-omni,baseline,DF-26,defeasible,1,0,HOLDS
458,DF026C,nvidia/nemotron-3-nano-omni,baseline,DF-26,defeasible,1,0,HOLDS
458,DF026C,nvidia/nemotron-3-nano-omni,baseline,DF-26,defeasible,1,0,HOLDS
458,DF026C,nvidia/nemotron-3-nano-omni,baseline,DF-26,defeasible,1,0,HOLDS
459,DF027A,nvidia/nemotron-3-nano-omni,baseline,DF-27,defeasible,1,0,HOLDS
459,DF027A,nvidia/nemotron-3-nano-omni,baseline,DF-27,defeasible,1,0,HOLDS
459,DF027A,nvidia/nemotron-3-nano-omni,baseline,DF-27,defeasible,1,0,HOLDS
459,DF027A,nvidia/nemotron-3-nano-omni,baseline,DF-27,defeasible,1,0,HOLDS
459,DF027A,nvidia/nemotron-3-nano-omni,baseline,DF-27,defeasible,1,0,HOLDS
459,DF027A,nvidia/nemotron-3-nano-omni,baseline,DF-27,defeasible,1,0,HOLDS
460,DF027B,nvidia/nemotron-3-nano-omni,baseline,DF-27,defeasible,1,0,DEFEATED
460,DF027B,nvidia/nemotron-3-nano-omni,baseline,DF-27,defeasible,1,0,DEFEATED
460,DF027B,nvidia/nemotron-3-nano-omni,baseline,DF-27,defeasible,1,0,DEFEATED
460,DF027B,nvidia/nemotron-3-nano-omni,baseline,DF-27,defeasible,1,0,DEFEATED
460,DF027B,nvidia/nemotron-3-nano-omni,baseline,DF-27,defeasible,1,0,DEFEATED
460,DF027B,nvidia/nemotron-3-nano-omni,baseline,DF-27,defeasible,1,0,DEFEATED
461,DF027C,nvidia/nemotron-3-nano-omni,baseline,DF-27,defeasible,1,0,HOLDS
461,DF027C,nvidia/nemotron-3-nano-omni,baseline,DF-27,defeasible,1,0,HOLDS
461,DF027C,nvidia/nemotron-3-nano-omni,baseline,DF-27,defeasible,1,0,HOLDS
461,DF027C,nvidia/nemotron-3-nano-omni,baseline,DF-27,defeasible,1,0,HOLDS
461,DF027C,nvidia/nemotron-3-nano-omni,baseline,DF-27,defeasible,1,0,HOLDS
461,DF027C,nvidia/nemotron-3-nano-omni,baseline,DF-27,defeasible,1,0,HOLDS
462,DF028A,nvidia/nemotron-3-nano-omni,baseline,DF-28,defeasible,0,0,HOLDS
462,DF028A,nvidia/nemotron-3-nano-omni,baseline,DF-28,defeasible,0,0,HOLDS
462,DF028A,nvidia/nemotron-3-nano-omni,baseline,DF-28,defeasible,0,0,HOLDS
462,DF028A,nvidia/nemotron-3-nano-omni,baseline,DF-28,defeasible,0,0,HOLDS
462,DF028A,nvidia/nemotron-3-nano-omni,baseline,DF-28,defeasible,0,0,HOLDS
462,DF028A,nvidia/nemotron-3-nano-omni,baseline,DF-28,defeasible,0,0,HOLDS
463,DF028B,nvidia/nemotron-3-nano-omni,baseline,DF-28,defeasible,0,0,DEFEATED
463,DF028B,nvidia/nemotron-3-nano-omni,baseline,DF-28,defeasible,0,0,DEFEATED
463,DF028B,nvidia/nemotron-3-nano-omni,baseline,DF-28,defeasible,0,0,DEFEATED
463,DF028B,nvidia/nemotron-3-nano-omni,baseline,DF-28,defeasible,0,0,DEFEATED
463,DF028B,nvidia/nemotron-3-nano-omni,baseline,DF-28,defeasible,0,0,DEFEATED
463,DF028B,nvidia/nemotron-3-nano-omni,baseline,DF-28,defeasible,0,0,DEFEATED
464,DF028C,nvidia/nemotron-3-nano-omni,baseline,DF-28,defeasible,1,0,HOLDS
464,DF028C,nvidia/nemotron-3-nano-omni,baseline,DF-28,defeasible,1,0,HOLDS
464,DF028C,nvidia/nemotron-3-nano-omni,baseline,DF-28,defeasible,1,0,HOLDS
464,DF028C,nvidia/nemotron-3-nano-omni,baseline,DF-28,defeasible,1,0,HOLDS
464,DF028C,nvidia/nemotron-3-nano-omni,baseline,DF-28,defeasible,1,0,HOLDS
464,DF028C,nvidia/nemotron-3-nano-omni,baseline,DF-28,defeasible,1,0,HOLDS
465,DF029A,nvidia/nemotron-3-nano-omni,baseline,DF-29,defeasible,1,0,HOLDS
465,DF029A,nvidia/nemotron-3-nano-omni,baseline,DF-29,defeasible,1,0,HOLDS
465,DF029A,nvidia/nemotron-3-nano-omni,baseline,DF-29,defeasible,1,0,HOLDS
465,DF029A,nvidia/nemotron-3-nano-omni,baseline,DF-29,defeasible,1,0,HOLDS
465,DF029A,nvidia/nemotron-3-nano-omni,baseline,DF-29,defeasible,1,0,HOLDS
465,DF029A,nvidia/nemotron-3-nano-omni,baseline,DF-29,defeasible,1,0,HOLDS
466,DF029B,nvidia/nemotron-3-nano-omni,baseline,DF-29,defeasible,1,0,DEFEATED
466,DF029B,nvidia/nemotron-3-nano-omni,baseline,DF-29,defeasible,1,0,DEFEATED
466,DF029B,nvidia/nemotron-3-nano-omni,baseline,DF-29,defeasible,1,0,DEFEATED
466,DF029B,nvidia/nemotron-3-nano-omni,baseline,DF-29,defeasible,1,0,DEFEATED
466,DF029B,nvidia/nemotron-3-nano-omni,baseline,DF-29,defeasible,1,0,DEFEATED
466,DF029B,nvidia/nemotron-3-nano-omni,baseline,DF-29,defeasible,1,0,DEFEATED
467,DF029C,nvidia/nemotron-3-nano-omni,baseline,DF-29,defeasible,1,0,HOLDS
467,DF029C,nvidia/nemotron-3-nano-omni,baseline,DF-29,defeasible,1,0,HOLDS
467,DF029C,nvidia/nemotron-3-nano-omni,baseline,DF-29,defeasible,1,0,HOLDS
467,DF029C,nvidia/nemotron-3-nano-omni,baseline,DF-29,defeasible,1,0,HOLDS
467,DF029C,nvidia/nemotron-3-nano-omni,baseline,DF-29,defeasible,1,0,HOLDS
467,DF029C,nvidia/nemotron-3-nano-omni,baseline,DF-29,defeasible,1,0,HOLDS
468,DF030A,nvidia/nemotron-3-nano-omni,baseline,DF-30,defeasible,1,0,HOLDS
468,DF030A,nvidia/nemotron-3-nano-omni,baseline,DF-30,defeasible,1,0,HOLDS
468,DF030A,nvidia/nemotron-3-nano-omni,baseline,DF-30,defeasible,1,0,HOLDS
468,DF030A,nvidia/nemotron-3-nano-omni,baseline,DF-30,defeasible,1,0,HOLDS
468,DF030A,nvidia/nemotron-3-nano-omni,baseline,DF-30,defeasible,1,0,HOLDS
468,DF030A,nvidia/nemotron-3-nano-omni,baseline,DF-30,defeasible,1,0,HOLDS
469,DF030B,nvidia/nemotron-3-nano-omni,baseline,DF-30,defeasible,1,0,DEFEATED
469,DF030B,nvidia/nemotron-3-nano-omni,baseline,DF-30,defeasible,1,0,DEFEATED
469,DF030B,nvidia/nemotron-3-nano-omni,baseline,DF-30,defeasible,1,0,DEFEATED
469,DF030B,nvidia/nemotron-3-nano-omni,baseline,DF-30,defeasible,1,0,DEFEATED
469,DF030B,nvidia/nemotron-3-nano-omni,baseline,DF-30,defeasible,1,0,DEFEATED
469,DF030B,nvidia/nemotron-3-nano-omni,baseline,DF-30,defeasible,1,0,DEFEATED
470,DF030C,nvidia/nemotron-3-nano-omni,baseline,DF-30,defeasible,1,0,HOLDS
470,DF030C,nvidia/nemotron-3-nano-omni,baseline,DF-30,defeasible,1,0,HOLDS
470,DF030C,nvidia/nemotron-3-nano-omni,baseline,DF-30,defeasible,1,0,HOLDS
470,DF030C,nvidia/nemotron-3-nano-omni,baseline,DF-30,defeasible,1,0,HOLDS
470,DF030C,nvidia/nemotron-3-nano-omni,baseline,DF-30,defeasible,1,0,HOLDS
470,DF030C,nvidia/nemotron-3-nano-omni,baseline,DF-30,defeasible,1,0,HOLDS
471,DF031A,nvidia/nemotron-3-nano-omni,baseline,DF-31,defeasible,1,0,HOLDS
471,DF031A,nvidia/nemotron-3-nano-omni,baseline,DF-31,defeasible,1,0,HOLDS
471,DF031A,nvidia/nemotron-3-nano-omni,baseline,DF-31,defeasible,1,0,HOLDS
471,DF031A,nvidia/nemotron-3-nano-omni,baseline,DF-31,defeasible,1,0,HOLDS
471,DF031A,nvidia/nemotron-3-nano-omni,baseline,DF-31,defeasible,1,0,HOLDS
471,DF031A,nvidia/nemotron-3-nano-omni,baseline,DF-31,defeasible,1,0,HOLDS
472,DF031B,nvidia/nemotron-3-nano-omni,baseline,DF-31,defeasible,1,0,DEFEATED
472,DF031B,nvidia/nemotron-3-nano-omni,baseline,DF-31,defeasible,1,0,DEFEATED
472,DF031B,nvidia/nemotron-3-nano-omni,baseline,DF-31,defeasible,1,0,DEFEATED
472,DF031B,nvidia/nemotron-3-nano-omni,baseline,DF-31,defeasible,1,0,DEFEATED
472,DF031B,nvidia/nemotron-3-nano-omni,baseline,DF-31,defeasible,1,0,DEFEATED
472,DF031B,nvidia/nemotron-3-nano-omni,baseline,DF-31,defeasible,1,0,DEFEATED
473,DF031C,nvidia/nemotron-3-nano-omni,baseline,DF-31,defeasible,1,0,HOLDS
473,DF031C,nvidia/nemotron-3-nano-omni,baseline,DF-31,defeasible,1,0,HOLDS
473,DF031C,nvidia/nemotron-3-nano-omni,baseline,DF-31,defeasible,1,0,HOLDS
473,DF031C,nvidia/nemotron-3-nano-omni,baseline,DF-31,defeasible,1,0,HOLDS
473,DF031C,nvidia/nemotron-3-nano-omni,baseline,DF-31,defeasible,1,0,HOLDS
473,DF031C,nvidia/nemotron-3-nano-omni,baseline,DF-31,defeasible,1,0,HOLDS
474,DF032A,nvidia/nemotron-3-nano-omni,baseline,DF-32,defeasible,1,0,HOLDS
474,DF032A,nvidia/nemotron-3-nano-omni,baseline,DF-32,defeasible,1,0,HOLDS
474,DF032A,nvidia/nemotron-3-nano-omni,baseline,DF-32,defeasible,1,0,HOLDS
474,DF032A,nvidia/nemotron-3-nano-omni,baseline,DF-32,defeasible,1,0,HOLDS
474,DF032A,nvidia/nemotron-3-nano-omni,baseline,DF-32,defeasible,1,0,HOLDS
474,DF032A,nvidia/nemotron-3-nano-omni,baseline,DF-32,defeasible,1,0,HOLDS
475,DF032B,nvidia/nemotron-3-nano-omni,baseline,DF-32,defeasible,0,0,DEFEATED
475,DF032B,nvidia/nemotron-3-nano-omni,baseline,DF-32,defeasible,0,0,DEFEATED
475,DF032B,nvidia/nemotron-3-nano-omni,baseline,DF-32,defeasible,0,0,DEFEATED
475,DF032B,nvidia/nemotron-3-nano-omni,baseline,DF-32,defeasible,0,0,DEFEATED
475,DF032B,nvidia/nemotron-3-nano-omni,baseline,DF-32,defeasible,0,0,DEFEATED
475,DF032B,nvidia/nemotron-3-nano-omni,baseline,DF-32,defeasible,0,0,DEFEATED
476,DF032C,nvidia/nemotron-3-nano-omni,baseline,DF-32,defeasible,1,0,HOLDS
476,DF032C,nvidia/nemotron-3-nano-omni,baseline,DF-32,defeasible,1,0,HOLDS
476,DF032C,nvidia/nemotron-3-nano-omni,baseline,DF-32,defeasible,1,0,HOLDS
476,DF032C,nvidia/nemotron-3-nano-omni,baseline,DF-32,defeasible,1,0,HOLDS
476,DF032C,nvidia/nemotron-3-nano-omni,baseline,DF-32,defeasible,1,0,HOLDS
476,DF032C,nvidia/nemotron-3-nano-omni,baseline,DF-32,defeasible,1,0,HOLDS
477,DF033A,nvidia/nemotron-3-nano-omni,baseline,DF-33,defeasible,0,0,HOLDS
477,DF033A,nvidia/nemotron-3-nano-omni,baseline,DF-33,defeasible,0,0,HOLDS
477,DF033A,nvidia/nemotron-3-nano-omni,baseline,DF-33,defeasible,0,0,HOLDS
477,DF033A,nvidia/nemotron-3-nano-omni,baseline,DF-33,defeasible,0,0,HOLDS
477,DF033A,nvidia/nemotron-3-nano-omni,baseline,DF-33,defeasible,0,0,HOLDS
477,DF033A,nvidia/nemotron-3-nano-omni,baseline,DF-33,defeasible,0,0,HOLDS
478,DF033B,nvidia/nemotron-3-nano-omni,baseline,DF-33,defeasible,0,0,DEFEATED
478,DF033B,nvidia/nemotron-3-nano-omni,baseline,DF-33,defeasible,0,0,DEFEATED
478,DF033B,nvidia/nemotron-3-nano-omni,baseline,DF-33,defeasible,0,0,DEFEATED
478,DF033B,nvidia/nemotron-3-nano-omni,baseline,DF-33,defeasible,0,0,DEFEATED
478,DF033B,nvidia/nemotron-3-nano-omni,baseline,DF-33,defeasible,0,0,DEFEATED
478,DF033B,nvidia/nemotron-3-nano-omni,baseline,DF-33,defeasible,0,0,DEFEATED
479,DF033C,nvidia/nemotron-3-nano-omni,baseline,DF-33,defeasible,1,0,HOLDS
479,DF033C,nvidia/nemotron-3-nano-omni,baseline,DF-33,defeasible,1,0,HOLDS
479,DF033C,nvidia/nemotron-3-nano-omni,baseline,DF-33,defeasible,1,0,HOLDS
479,DF033C,nvidia/nemotron-3-nano-omni,baseline,DF-33,defeasible,1,0,HOLDS
479,DF033C,nvidia/nemotron-3-nano-omni,baseline,DF-33,defeasible,1,0,HOLDS
479,DF033C,nvidia/nemotron-3-nano-omni,baseline,DF-33,defeasible,1,0,HOLDS
480,DF034A,nvidia/nemotron-3-nano-omni,baseline,DF-34,defeasible,1,0,HOLDS
480,DF034A,nvidia/nemotron-3-nano-omni,baseline,DF-34,defeasible,1,0,HOLDS
480,DF034A,nvidia/nemotron-3-nano-omni,baseline,DF-34,defeasible,1,0,HOLDS
480,DF034A,nvidia/nemotron-3-nano-omni,baseline,DF-34,defeasible,1,0,HOLDS
480,DF034A,nvidia/nemotron-3-nano-omni,baseline,DF-34,defeasible,1,0,HOLDS
480,DF034A,nvidia/nemotron-3-nano-omni,baseline,DF-34,defeasible,1,0,HOLDS
481,DF034B,nvidia/nemotron-3-nano-omni,baseline,DF-34,defeasible,1,0,DEFEATED
481,DF034B,nvidia/nemotron-3-nano-omni,baseline,DF-34,defeasible,1,0,DEFEATED
481,DF034B,nvidia/nemotron-3-nano-omni,baseline,DF-34,defeasible,1,0,DEFEATED
481,DF034B,nvidia/nemotron-3-nano-omni,baseline,DF-34,defeasible,1,0,DEFEATED
481,DF034B,nvidia/nemotron-3-nano-omni,baseline,DF-34,defeasible,1,0,DEFEATED
481,DF034B,nvidia/nemotron-3-nano-omni,baseline,DF-34,defeasible,1,0,DEFEATED
482,DF034C,nvidia/nemotron-3-nano-omni,baseline,DF-34,defeasible,1,0,HOLDS
482,DF034C,nvidia/nemotron-3-nano-omni,baseline,DF-34,defeasible,1,0,HOLDS
482,DF034C,nvidia/nemotron-3-nano-omni,baseline,DF-34,defeasible,1,0,HOLDS
482,DF034C,nvidia/nemotron-3-nano-omni,baseline,DF-34,defeasible,1,0,HOLDS
482,DF034C,nvidia/nemotron-3-nano-omni,baseline,DF-34,defeasible,1,0,HOLDS
482,DF034C,nvidia/nemotron-3-nano-omni,baseline,DF-34,defeasible,1,0,HOLDS
483,DF035A,nvidia/nemotron-3-nano-omni,baseline,DF-35,defeasible,1,0,HOLDS
483,DF035A,nvidia/nemotron-3-nano-omni,baseline,DF-35,defeasible,1,0,HOLDS
483,DF035A,nvidia/nemotron-3-nano-omni,baseline,DF-35,defeasible,1,0,HOLDS
483,DF035A,nvidia/nemotron-3-nano-omni,baseline,DF-35,defeasible,1,0,HOLDS
483,DF035A,nvidia/nemotron-3-nano-omni,baseline,DF-35,defeasible,1,0,HOLDS
483,DF035A,nvidia/nemotron-3-nano-omni,baseline,DF-35,defeasible,1,0,HOLDS
484,DF035B,nvidia/nemotron-3-nano-omni,baseline,DF-35,defeasible,1,0,DEFEATED
484,DF035B,nvidia/nemotron-3-nano-omni,baseline,DF-35,defeasible,1,0,DEFEATED
484,DF035B,nvidia/nemotron-3-nano-omni,baseline,DF-35,defeasible,1,0,DEFEATED
484,DF035B,nvidia/nemotron-3-nano-omni,baseline,DF-35,defeasible,1,0,DEFEATED
484,DF035B,nvidia/nemotron-3-nano-omni,baseline,DF-35,defeasible,1,0,DEFEATED
484,DF035B,nvidia/nemotron-3-nano-omni,baseline,DF-35,defeasible,1,0,DEFEATED
485,DF035C,nvidia/nemotron-3-nano-omni,baseline,DF-35,defeasible,1,0,HOLDS
485,DF035C,nvidia/nemotron-3-nano-omni,baseline,DF-35,defeasible,1,0,HOLDS
485,DF035C,nvidia/nemotron-3-nano-omni,baseline,DF-35,defeasible,1,0,HOLDS
485,DF035C,nvidia/nemotron-3-nano-omni,baseline,DF-35,defeasible,1,0,HOLDS
485,DF035C,nvidia/nemotron-3-nano-omni,baseline,DF-35,defeasible,1,0,HOLDS
485,DF035C,nvidia/nemotron-3-nano-omni,baseline,DF-35,defeasible,1,0,HOLDS
486,DF036A,nvidia/nemotron-3-nano-omni,baseline,DF-36,defeasible,0,0,HOLDS
486,DF036A,nvidia/nemotron-3-nano-omni,baseline,DF-36,defeasible,0,0,HOLDS
486,DF036A,nvidia/nemotron-3-nano-omni,baseline,DF-36,defeasible,0,0,HOLDS
486,DF036A,nvidia/nemotron-3-nano-omni,baseline,DF-36,defeasible,0,0,HOLDS
486,DF036A,nvidia/nemotron-3-nano-omni,baseline,DF-36,defeasible,0,0,HOLDS
486,DF036A,nvidia/nemotron-3-nano-omni,baseline,DF-36,defeasible,0,0,HOLDS
487,DF036B,nvidia/nemotron-3-nano-omni,baseline,DF-36,defeasible,1,0,DEFEATED
487,DF036B,nvidia/nemotron-3-nano-omni,baseline,DF-36,defeasible,1,0,DEFEATED
487,DF036B,nvidia/nemotron-3-nano-omni,baseline,DF-36,defeasible,1,0,DEFEATED
487,DF036B,nvidia/nemotron-3-nano-omni,baseline,DF-36,defeasible,1,0,DEFEATED
487,DF036B,nvidia/nemotron-3-nano-omni,baseline,DF-36,defeasible,1,0,DEFEATED
487,DF036B,nvidia/nemotron-3-nano-omni,baseline,DF-36,defeasible,1,0,DEFEATED
488,DF036C,nvidia/nemotron-3-nano-omni,baseline,DF-36,defeasible,1,0,HOLDS
488,DF036C,nvidia/nemotron-3-nano-omni,baseline,DF-36,defeasible,1,0,HOLDS
488,DF036C,nvidia/nemotron-3-nano-omni,baseline,DF-36,defeasible,1,0,HOLDS
488,DF036C,nvidia/nemotron-3-nano-omni,baseline,DF-36,defeasible,1,0,HOLDS
488,DF036C,nvidia/nemotron-3-nano-omni,baseline,DF-36,defeasible,1,0,HOLDS
488,DF036C,nvidia/nemotron-3-nano-omni,baseline,DF-36,defeasible,1,0,HOLDS
489,DF037A,nvidia/nemotron-3-nano-omni,baseline,DF-37,defeasible,1,0,HOLDS
489,DF037A,nvidia/nemotron-3-nano-omni,baseline,DF-37,defeasible,1,0,HOLDS
489,DF037A,nvidia/nemotron-3-nano-omni,baseline,DF-37,defeasible,1,0,HOLDS
489,DF037A,nvidia/nemotron-3-nano-omni,baseline,DF-37,defeasible,1,0,HOLDS
489,DF037A,nvidia/nemotron-3-nano-omni,baseline,DF-37,defeasible,1,0,HOLDS
489,DF037A,nvidia/nemotron-3-nano-omni,baseline,DF-37,defeasible,1,0,HOLDS
490,DF037B,nvidia/nemotron-3-nano-omni,baseline,DF-37,defeasible,1,0,DEFEATED
490,DF037B,nvidia/nemotron-3-nano-omni,baseline,DF-37,defeasible,1,0,DEFEATED
490,DF037B,nvidia/nemotron-3-nano-omni,baseline,DF-37,defeasible,1,0,DEFEATED
490,DF037B,nvidia/nemotron-3-nano-omni,baseline,DF-37,defeasible,1,0,DEFEATED
490,DF037B,nvidia/nemotron-3-nano-omni,baseline,DF-37,defeasible,1,0,DEFEATED
490,DF037B,nvidia/nemotron-3-nano-omni,baseline,DF-37,defeasible,1,0,DEFEATED
491,DF037C,nvidia/nemotron-3-nano-omni,baseline,DF-37,defeasible,1,0,HOLDS
491,DF037C,nvidia/nemotron-3-nano-omni,baseline,DF-37,defeasible,1,0,HOLDS
491,DF037C,nvidia/nemotron-3-nano-omni,baseline,DF-37,defeasible,1,0,HOLDS
491,DF037C,nvidia/nemotron-3-nano-omni,baseline,DF-37,defeasible,1,0,HOLDS
491,DF037C,nvidia/nemotron-3-nano-omni,baseline,DF-37,defeasible,1,0,HOLDS
491,DF037C,nvidia/nemotron-3-nano-omni,baseline,DF-37,defeasible,1,0,HOLDS
199,QS001A,nvidia/nemotron-3-nano-omni,lean,QS-FA01,quant-scope,1,0,TRUE
199,QS001A,nvidia/nemotron-3-nano-omni,lean,QS-FA01,quant-scope,1,0,TRUE
199,QS001A,nvidia/nemotron-3-nano-omni,lean,QS-FA01,quant-scope,1,0,TRUE
199,QS001A,nvidia/nemotron-3-nano-omni,lean,QS-FA01,quant-scope,1,0,TRUE
199,QS001A,nvidia/nemotron-3-nano-omni,lean,QS-FA01,quant-scope,1,0,TRUE
199,QS001A,nvidia/nemotron-3-nano-omni,lean,QS-FA01,quant-scope,1,0,TRUE
200,QS001B,nvidia/nemotron-3-nano-omni,lean,QS-FA01,quant-scope,1,0,FALSE
200,QS001B,nvidia/nemotron-3-nano-omni,lean,QS-FA01,quant-scope,1,0,FALSE
200,QS001B,nvidia/nemotron-3-nano-omni,lean,QS-FA01,quant-scope,1,0,FALSE
200,QS001B,nvidia/nemotron-3-nano-omni,lean,QS-FA01,quant-scope,1,0,FALSE
200,QS001B,nvidia/nemotron-3-nano-omni,lean,QS-FA01,quant-scope,1,0,FALSE
200,QS001B,nvidia/nemotron-3-nano-omni,lean,QS-FA01,quant-scope,1,0,FALSE
201,QS002A,nvidia/nemotron-3-nano-omni,lean,QS-FA02,quant-scope,1,0,TRUE
201,QS002A,nvidia/nemotron-3-nano-omni,lean,QS-FA02,quant-scope,1,0,TRUE
201,QS002A,nvidia/nemotron-3-nano-omni,lean,QS-FA02,quant-scope,1,0,TRUE
201,QS002A,nvidia/nemotron-3-nano-omni,lean,QS-FA02,quant-scope,1,0,TRUE
201,QS002A,nvidia/nemotron-3-nano-omni,lean,QS-FA02,quant-scope,1,0,TRUE
201,QS002A,nvidia/nemotron-3-nano-omni,lean,QS-FA02,quant-scope,1,0,TRUE
202,QS002B,nvidia/nemotron-3-nano-omni,lean,QS-FA02,quant-scope,1,0,FALSE
202,QS002B,nvidia/nemotron-3-nano-omni,lean,QS-FA02,quant-scope,1,0,FALSE
202,QS002B,nvidia/nemotron-3-nano-omni,lean,QS-FA02,quant-scope,1,0,FALSE
202,QS002B,nvidia/nemotron-3-nano-omni,lean,QS-FA02,quant-scope,1,0,FALSE
202,QS002B,nvidia/nemotron-3-nano-omni,lean,QS-FA02,quant-scope,1,0,FALSE
202,QS002B,nvidia/nemotron-3-nano-omni,lean,QS-FA02,quant-scope,1,0,FALSE
203,QS003A,nvidia/nemotron-3-nano-omni,lean,QS-FA03,quant-scope,1,0,TRUE
203,QS003A,nvidia/nemotron-3-nano-omni,lean,QS-FA03,quant-scope,1,0,TRUE
203,QS003A,nvidia/nemotron-3-nano-omni,lean,QS-FA03,quant-scope,1,0,TRUE
203,QS003A,nvidia/nemotron-3-nano-omni,lean,QS-FA03,quant-scope,1,0,TRUE
203,QS003A,nvidia/nemotron-3-nano-omni,lean,QS-FA03,quant-scope,1,0,TRUE
203,QS003A,nvidia/nemotron-3-nano-omni,lean,QS-FA03,quant-scope,1,0,TRUE
204,QS003B,nvidia/nemotron-3-nano-omni,lean,QS-FA03,quant-scope,1,0,FALSE
204,QS003B,nvidia/nemotron-3-nano-omni,lean,QS-FA03,quant-scope,1,0,FALSE
204,QS003B,nvidia/nemotron-3-nano-omni,lean,QS-FA03,quant-scope,1,0,FALSE
204,QS003B,nvidia/nemotron-3-nano-omni,lean,QS-FA03,quant-scope,1,0,FALSE
204,QS003B,nvidia/nemotron-3-nano-omni,lean,QS-FA03,quant-scope,1,0,FALSE
204,QS003B,nvidia/nemotron-3-nano-omni,lean,QS-FA03,quant-scope,1,0,FALSE
205,QS004A,nvidia/nemotron-3-nano-omni,lean,QS-FA04,quant-scope,1,0,TRUE
205,QS004A,nvidia/nemotron-3-nano-omni,lean,QS-FA04,quant-scope,1,0,TRUE
205,QS004A,nvidia/nemotron-3-nano-omni,lean,QS-FA04,quant-scope,1,0,TRUE
205,QS004A,nvidia/nemotron-3-nano-omni,lean,QS-FA04,quant-scope,1,0,TRUE
205,QS004A,nvidia/nemotron-3-nano-omni,lean,QS-FA04,quant-scope,1,0,TRUE
205,QS004A,nvidia/nemotron-3-nano-omni,lean,QS-FA04,quant-scope,1,0,TRUE
206,QS004B,nvidia/nemotron-3-nano-omni,lean,QS-FA04,quant-scope,1,0,FALSE
206,QS004B,nvidia/nemotron-3-nano-omni,lean,QS-FA04,quant-scope,1,0,FALSE
206,QS004B,nvidia/nemotron-3-nano-omni,lean,QS-FA04,quant-scope,1,0,FALSE
206,QS004B,nvidia/nemotron-3-nano-omni,lean,QS-FA04,quant-scope,1,0,FALSE
206,QS004B,nvidia/nemotron-3-nano-omni,lean,QS-FA04,quant-scope,1,0,FALSE
206,QS004B,nvidia/nemotron-3-nano-omni,lean,QS-FA04,quant-scope,1,0,FALSE
207,QS005A,nvidia/nemotron-3-nano-omni,lean,QS-FA05,quant-scope,0,0,TRUE
207,QS005A,nvidia/nemotron-3-nano-omni,lean,QS-FA05,quant-scope,0,0,TRUE
207,QS005A,nvidia/nemotron-3-nano-omni,lean,QS-FA05,quant-scope,0,0,TRUE
207,QS005A,nvidia/nemotron-3-nano-omni,lean,QS-FA05,quant-scope,0,0,TRUE
207,QS005A,nvidia/nemotron-3-nano-omni,lean,QS-FA05,quant-scope,0,0,TRUE
207,QS005A,nvidia/nemotron-3-nano-omni,lean,QS-FA05,quant-scope,0,0,TRUE
208,QS005B,nvidia/nemotron-3-nano-omni,lean,QS-FA05,quant-scope,1,0,FALSE
208,QS005B,nvidia/nemotron-3-nano-omni,lean,QS-FA05,quant-scope,1,0,FALSE
208,QS005B,nvidia/nemotron-3-nano-omni,lean,QS-FA05,quant-scope,1,0,FALSE
208,QS005B,nvidia/nemotron-3-nano-omni,lean,QS-FA05,quant-scope,1,0,FALSE
208,QS005B,nvidia/nemotron-3-nano-omni,lean,QS-FA05,quant-scope,1,0,FALSE
208,QS005B,nvidia/nemotron-3-nano-omni,lean,QS-FA05,quant-scope,1,0,FALSE
209,QS006A,nvidia/nemotron-3-nano-omni,lean,QS-FA06,quant-scope,0,0,TRUE
209,QS006A,nvidia/nemotron-3-nano-omni,lean,QS-FA06,quant-scope,0,0,TRUE
209,QS006A,nvidia/nemotron-3-nano-omni,lean,QS-FA06,quant-scope,0,0,TRUE
209,QS006A,nvidia/nemotron-3-nano-omni,lean,QS-FA06,quant-scope,0,0,TRUE
209,QS006A,nvidia/nemotron-3-nano-omni,lean,QS-FA06,quant-scope,0,0,TRUE
209,QS006A,nvidia/nemotron-3-nano-omni,lean,QS-FA06,quant-scope,0,0,TRUE
210,QS006B,nvidia/nemotron-3-nano-omni,lean,QS-FA06,quant-scope,1,0,FALSE
210,QS006B,nvidia/nemotron-3-nano-omni,lean,QS-FA06,quant-scope,1,0,FALSE
210,QS006B,nvidia/nemotron-3-nano-omni,lean,QS-FA06,quant-scope,1,0,FALSE
210,QS006B,nvidia/nemotron-3-nano-omni,lean,QS-FA06,quant-scope,1,0,FALSE
210,QS006B,nvidia/nemotron-3-nano-omni,lean,QS-FA06,quant-scope,1,0,FALSE
210,QS006B,nvidia/nemotron-3-nano-omni,lean,QS-FA06,quant-scope,1,0,FALSE
211,QS007A,nvidia/nemotron-3-nano-omni,lean,QS-FA07,quant-scope,1,0,TRUE
211,QS007A,nvidia/nemotron-3-nano-omni,lean,QS-FA07,quant-scope,1,0,TRUE
211,QS007A,nvidia/nemotron-3-nano-omni,lean,QS-FA07,quant-scope,1,0,TRUE
211,QS007A,nvidia/nemotron-3-nano-omni,lean,QS-FA07,quant-scope,1,0,TRUE
211,QS007A,nvidia/nemotron-3-nano-omni,lean,QS-FA07,quant-scope,1,0,TRUE
211,QS007A,nvidia/nemotron-3-nano-omni,lean,QS-FA07,quant-scope,1,0,TRUE
212,QS007B,nvidia/nemotron-3-nano-omni,lean,QS-FA07,quant-scope,1,0,FALSE
212,QS007B,nvidia/nemotron-3-nano-omni,lean,QS-FA07,quant-scope,1,0,FALSE
212,QS007B,nvidia/nemotron-3-nano-omni,lean,QS-FA07,quant-scope,1,0,FALSE
212,QS007B,nvidia/nemotron-3-nano-omni,lean,QS-FA07,quant-scope,1,0,FALSE
212,QS007B,nvidia/nemotron-3-nano-omni,lean,QS-FA07,quant-scope,1,0,FALSE
212,QS007B,nvidia/nemotron-3-nano-omni,lean,QS-FA07,quant-scope,1,0,FALSE
213,QS008A,nvidia/nemotron-3-nano-omni,lean,QS-FA08,quant-scope,0,0,TRUE
213,QS008A,nvidia/nemotron-3-nano-omni,lean,QS-FA08,quant-scope,0,0,TRUE
213,QS008A,nvidia/nemotron-3-nano-omni,lean,QS-FA08,quant-scope,0,0,TRUE
213,QS008A,nvidia/nemotron-3-nano-omni,lean,QS-FA08,quant-scope,0,0,TRUE
213,QS008A,nvidia/nemotron-3-nano-omni,lean,QS-FA08,quant-scope,0,0,TRUE
213,QS008A,nvidia/nemotron-3-nano-omni,lean,QS-FA08,quant-scope,0,0,TRUE
214,QS008B,nvidia/nemotron-3-nano-omni,lean,QS-FA08,quant-scope,1,0,FALSE
214,QS008B,nvidia/nemotron-3-nano-omni,lean,QS-FA08,quant-scope,1,0,FALSE
214,QS008B,nvidia/nemotron-3-nano-omni,lean,QS-FA08,quant-scope,1,0,FALSE
214,QS008B,nvidia/nemotron-3-nano-omni,lean,QS-FA08,quant-scope,1,0,FALSE
214,QS008B,nvidia/nemotron-3-nano-omni,lean,QS-FA08,quant-scope,1,0,FALSE
214,QS008B,nvidia/nemotron-3-nano-omni,lean,QS-FA08,quant-scope,1,0,FALSE
215,QS009A,nvidia/nemotron-3-nano-omni,lean,QS-FA09,quant-scope,1,0,TRUE
215,QS009A,nvidia/nemotron-3-nano-omni,lean,QS-FA09,quant-scope,1,0,TRUE
215,QS009A,nvidia/nemotron-3-nano-omni,lean,QS-FA09,quant-scope,1,0,TRUE
215,QS009A,nvidia/nemotron-3-nano-omni,lean,QS-FA09,quant-scope,1,0,TRUE
215,QS009A,nvidia/nemotron-3-nano-omni,lean,QS-FA09,quant-scope,1,0,TRUE
215,QS009A,nvidia/nemotron-3-nano-omni,lean,QS-FA09,quant-scope,1,0,TRUE
216,QS009B,nvidia/nemotron-3-nano-omni,lean,QS-FA09,quant-scope,1,0,FALSE
216,QS009B,nvidia/nemotron-3-nano-omni,lean,QS-FA09,quant-scope,1,0,FALSE
216,QS009B,nvidia/nemotron-3-nano-omni,lean,QS-FA09,quant-scope,1,0,FALSE
216,QS009B,nvidia/nemotron-3-nano-omni,lean,QS-FA09,quant-scope,1,0,FALSE
216,QS009B,nvidia/nemotron-3-nano-omni,lean,QS-FA09,quant-scope,1,0,FALSE
216,QS009B,nvidia/nemotron-3-nano-omni,lean,QS-FA09,quant-scope,1,0,FALSE
217,QS010A,nvidia/nemotron-3-nano-omni,lean,QS-FA10,quant-scope,0,0,TRUE
217,QS010A,nvidia/nemotron-3-nano-omni,lean,QS-FA10,quant-scope,0,0,TRUE
217,QS010A,nvidia/nemotron-3-nano-omni,lean,QS-FA10,quant-scope,0,0,TRUE
217,QS010A,nvidia/nemotron-3-nano-omni,lean,QS-FA10,quant-scope,0,0,TRUE
217,QS010A,nvidia/nemotron-3-nano-omni,lean,QS-FA10,quant-scope,0,0,TRUE
217,QS010A,nvidia/nemotron-3-nano-omni,lean,QS-FA10,quant-scope,0,0,TRUE
218,QS010B,nvidia/nemotron-3-nano-omni,lean,QS-FA10,quant-scope,1,0,FALSE
218,QS010B,nvidia/nemotron-3-nano-omni,lean,QS-FA10,quant-scope,1,0,FALSE
218,QS010B,nvidia/nemotron-3-nano-omni,lean,QS-FA10,quant-scope,1,0,FALSE
218,QS010B,nvidia/nemotron-3-nano-omni,lean,QS-FA10,quant-scope,1,0,FALSE
218,QS010B,nvidia/nemotron-3-nano-omni,lean,QS-FA10,quant-scope,1,0,FALSE
218,QS010B,nvidia/nemotron-3-nano-omni,lean,QS-FA10,quant-scope,1,0,FALSE
219,QS011A,nvidia/nemotron-3-nano-omni,lean,QS-FA11,quant-scope,0,0,TRUE
219,QS011A,nvidia/nemotron-3-nano-omni,lean,QS-FA11,quant-scope,0,0,TRUE
219,QS011A,nvidia/nemotron-3-nano-omni,lean,QS-FA11,quant-scope,0,0,TRUE
219,QS011A,nvidia/nemotron-3-nano-omni,lean,QS-FA11,quant-scope,0,0,TRUE
219,QS011A,nvidia/nemotron-3-nano-omni,lean,QS-FA11,quant-scope,0,0,TRUE
219,QS011A,nvidia/nemotron-3-nano-omni,lean,QS-FA11,quant-scope,0,0,TRUE
220,QS011B,nvidia/nemotron-3-nano-omni,lean,QS-FA11,quant-scope,1,0,FALSE
220,QS011B,nvidia/nemotron-3-nano-omni,lean,QS-FA11,quant-scope,1,0,FALSE
220,QS011B,nvidia/nemotron-3-nano-omni,lean,QS-FA11,quant-scope,1,0,FALSE
220,QS011B,nvidia/nemotron-3-nano-omni,lean,QS-FA11,quant-scope,1,0,FALSE
220,QS011B,nvidia/nemotron-3-nano-omni,lean,QS-FA11,quant-scope,1,0,FALSE
220,QS011B,nvidia/nemotron-3-nano-omni,lean,QS-FA11,quant-scope,1,0,FALSE
221,QS012A,nvidia/nemotron-3-nano-omni,lean,QS-FA12,quant-scope,1,0,TRUE
221,QS012A,nvidia/nemotron-3-nano-omni,lean,QS-FA12,quant-scope,1,0,TRUE
221,QS012A,nvidia/nemotron-3-nano-omni,lean,QS-FA12,quant-scope,1,0,TRUE
221,QS012A,nvidia/nemotron-3-nano-omni,lean,QS-FA12,quant-scope,1,0,TRUE
221,QS012A,nvidia/nemotron-3-nano-omni,lean,QS-FA12,quant-scope,1,0,TRUE
221,QS012A,nvidia/nemotron-3-nano-omni,lean,QS-FA12,quant-scope,1,0,TRUE
222,QS012B,nvidia/nemotron-3-nano-omni,lean,QS-FA12,quant-scope,1,0,FALSE
222,QS012B,nvidia/nemotron-3-nano-omni,lean,QS-FA12,quant-scope,1,0,FALSE
222,QS012B,nvidia/nemotron-3-nano-omni,lean,QS-FA12,quant-scope,1,0,FALSE
222,QS012B,nvidia/nemotron-3-nano-omni,lean,QS-FA12,quant-scope,1,0,FALSE
222,QS012B,nvidia/nemotron-3-nano-omni,lean,QS-FA12,quant-scope,1,0,FALSE
222,QS012B,nvidia/nemotron-3-nano-omni,lean,QS-FA12,quant-scope,1,0,FALSE
223,QS013A,nvidia/nemotron-3-nano-omni,lean,QS-FA13,quant-scope,1,0,TRUE
223,QS013A,nvidia/nemotron-3-nano-omni,lean,QS-FA13,quant-scope,1,0,TRUE
223,QS013A,nvidia/nemotron-3-nano-omni,lean,QS-FA13,quant-scope,1,0,TRUE
223,QS013A,nvidia/nemotron-3-nano-omni,lean,QS-FA13,quant-scope,1,0,TRUE
223,QS013A,nvidia/nemotron-3-nano-omni,lean,QS-FA13,quant-scope,1,0,TRUE
223,QS013A,nvidia/nemotron-3-nano-omni,lean,QS-FA13,quant-scope,1,0,TRUE
224,QS013B,nvidia/nemotron-3-nano-omni,lean,QS-FA13,quant-scope,1,0,FALSE
224,QS013B,nvidia/nemotron-3-nano-omni,lean,QS-FA13,quant-scope,1,0,FALSE
224,QS013B,nvidia/nemotron-3-nano-omni,lean,QS-FA13,quant-scope,1,0,FALSE
224,QS013B,nvidia/nemotron-3-nano-omni,lean,QS-FA13,quant-scope,1,0,FALSE
224,QS013B,nvidia/nemotron-3-nano-omni,lean,QS-FA13,quant-scope,1,0,FALSE
224,QS013B,nvidia/nemotron-3-nano-omni,lean,QS-FA13,quant-scope,1,0,FALSE
225,QS014A,nvidia/nemotron-3-nano-omni,lean,QS-FA14,quant-scope,0,0,TRUE
225,QS014A,nvidia/nemotron-3-nano-omni,lean,QS-FA14,quant-scope,0,0,TRUE
225,QS014A,nvidia/nemotron-3-nano-omni,lean,QS-FA14,quant-scope,0,0,TRUE
225,QS014A,nvidia/nemotron-3-nano-omni,lean,QS-FA14,quant-scope,0,0,TRUE
225,QS014A,nvidia/nemotron-3-nano-omni,lean,QS-FA14,quant-scope,0,0,TRUE
225,QS014A,nvidia/nemotron-3-nano-omni,lean,QS-FA14,quant-scope,0,0,TRUE
226,QS014B,nvidia/nemotron-3-nano-omni,lean,QS-FA14,quant-scope,1,0,FALSE
226,QS014B,nvidia/nemotron-3-nano-omni,lean,QS-FA14,quant-scope,1,0,FALSE
226,QS014B,nvidia/nemotron-3-nano-omni,lean,QS-FA14,quant-scope,1,0,FALSE
226,QS014B,nvidia/nemotron-3-nano-omni,lean,QS-FA14,quant-scope,1,0,FALSE
226,QS014B,nvidia/nemotron-3-nano-omni,lean,QS-FA14,quant-scope,1,0,FALSE
226,QS014B,nvidia/nemotron-3-nano-omni,lean,QS-FA14,quant-scope,1,0,FALSE
227,QS015A,nvidia/nemotron-3-nano-omni,lean,QS-FA15,quant-scope,1,0,TRUE
227,QS015A,nvidia/nemotron-3-nano-omni,lean,QS-FA15,quant-scope,1,0,TRUE
227,QS015A,nvidia/nemotron-3-nano-omni,lean,QS-FA15,quant-scope,1,0,TRUE
227,QS015A,nvidia/nemotron-3-nano-omni,lean,QS-FA15,quant-scope,1,0,TRUE
227,QS015A,nvidia/nemotron-3-nano-omni,lean,QS-FA15,quant-scope,1,0,TRUE
227,QS015A,nvidia/nemotron-3-nano-omni,lean,QS-FA15,quant-scope,1,0,TRUE
228,QS015B,nvidia/nemotron-3-nano-omni,lean,QS-FA15,quant-scope,1,0,FALSE
228,QS015B,nvidia/nemotron-3-nano-omni,lean,QS-FA15,quant-scope,1,0,FALSE
228,QS015B,nvidia/nemotron-3-nano-omni,lean,QS-FA15,quant-scope,1,0,FALSE
228,QS015B,nvidia/nemotron-3-nano-omni,lean,QS-FA15,quant-scope,1,0,FALSE
228,QS015B,nvidia/nemotron-3-nano-omni,lean,QS-FA15,quant-scope,1,0,FALSE
228,QS015B,nvidia/nemotron-3-nano-omni,lean,QS-FA15,quant-scope,1,0,FALSE
229,QS016A,nvidia/nemotron-3-nano-omni,lean,QS-FA16,quant-scope,0,0,TRUE
229,QS016A,nvidia/nemotron-3-nano-omni,lean,QS-FA16,quant-scope,0,0,TRUE
229,QS016A,nvidia/nemotron-3-nano-omni,lean,QS-FA16,quant-scope,0,0,TRUE
229,QS016A,nvidia/nemotron-3-nano-omni,lean,QS-FA16,quant-scope,0,0,TRUE
229,QS016A,nvidia/nemotron-3-nano-omni,lean,QS-FA16,quant-scope,0,0,TRUE
229,QS016A,nvidia/nemotron-3-nano-omni,lean,QS-FA16,quant-scope,0,0,TRUE
230,QS016B,nvidia/nemotron-3-nano-omni,lean,QS-FA16,quant-scope,1,0,FALSE
230,QS016B,nvidia/nemotron-3-nano-omni,lean,QS-FA16,quant-scope,1,0,FALSE
230,QS016B,nvidia/nemotron-3-nano-omni,lean,QS-FA16,quant-scope,1,0,FALSE
230,QS016B,nvidia/nemotron-3-nano-omni,lean,QS-FA16,quant-scope,1,0,FALSE
230,QS016B,nvidia/nemotron-3-nano-omni,lean,QS-FA16,quant-scope,1,0,FALSE
230,QS016B,nvidia/nemotron-3-nano-omni,lean,QS-FA16,quant-scope,1,0,FALSE
231,QS017A,nvidia/nemotron-3-nano-omni,lean,QS-FA17,quant-scope,0,0,TRUE
231,QS017A,nvidia/nemotron-3-nano-omni,lean,QS-FA17,quant-scope,0,0,TRUE
231,QS017A,nvidia/nemotron-3-nano-omni,lean,QS-FA17,quant-scope,0,0,TRUE
231,QS017A,nvidia/nemotron-3-nano-omni,lean,QS-FA17,quant-scope,0,0,TRUE
231,QS017A,nvidia/nemotron-3-nano-omni,lean,QS-FA17,quant-scope,0,0,TRUE
231,QS017A,nvidia/nemotron-3-nano-omni,lean,QS-FA17,quant-scope,0,0,TRUE
232,QS017B,nvidia/nemotron-3-nano-omni,lean,QS-FA17,quant-scope,1,0,FALSE
232,QS017B,nvidia/nemotron-3-nano-omni,lean,QS-FA17,quant-scope,1,0,FALSE
232,QS017B,nvidia/nemotron-3-nano-omni,lean,QS-FA17,quant-scope,1,0,FALSE
232,QS017B,nvidia/nemotron-3-nano-omni,lean,QS-FA17,quant-scope,1,0,FALSE
232,QS017B,nvidia/nemotron-3-nano-omni,lean,QS-FA17,quant-scope,1,0,FALSE
232,QS017B,nvidia/nemotron-3-nano-omni,lean,QS-FA17,quant-scope,1,0,FALSE
233,QS018A,nvidia/nemotron-3-nano-omni,lean,QS-FA18,quant-scope,1,0,TRUE
233,QS018A,nvidia/nemotron-3-nano-omni,lean,QS-FA18,quant-scope,1,0,TRUE
233,QS018A,nvidia/nemotron-3-nano-omni,lean,QS-FA18,quant-scope,1,0,TRUE
233,QS018A,nvidia/nemotron-3-nano-omni,lean,QS-FA18,quant-scope,1,0,TRUE
233,QS018A,nvidia/nemotron-3-nano-omni,lean,QS-FA18,quant-scope,1,0,TRUE
233,QS018A,nvidia/nemotron-3-nano-omni,lean,QS-FA18,quant-scope,1,0,TRUE
234,QS018B,nvidia/nemotron-3-nano-omni,lean,QS-FA18,quant-scope,1,0,FALSE
234,QS018B,nvidia/nemotron-3-nano-omni,lean,QS-FA18,quant-scope,1,0,FALSE
234,QS018B,nvidia/nemotron-3-nano-omni,lean,QS-FA18,quant-scope,1,0,FALSE
234,QS018B,nvidia/nemotron-3-nano-omni,lean,QS-FA18,quant-scope,1,0,FALSE
234,QS018B,nvidia/nemotron-3-nano-omni,lean,QS-FA18,quant-scope,1,0,FALSE
234,QS018B,nvidia/nemotron-3-nano-omni,lean,QS-FA18,quant-scope,1,0,FALSE
235,QS019A,nvidia/nemotron-3-nano-omni,lean,QS-FA19,quant-scope,1,0,TRUE
235,QS019A,nvidia/nemotron-3-nano-omni,lean,QS-FA19,quant-scope,1,0,TRUE
235,QS019A,nvidia/nemotron-3-nano-omni,lean,QS-FA19,quant-scope,1,0,TRUE
235,QS019A,nvidia/nemotron-3-nano-omni,lean,QS-FA19,quant-scope,1,0,TRUE
235,QS019A,nvidia/nemotron-3-nano-omni,lean,QS-FA19,quant-scope,1,0,TRUE
235,QS019A,nvidia/nemotron-3-nano-omni,lean,QS-FA19,quant-scope,1,0,TRUE
236,QS019B,nvidia/nemotron-3-nano-omni,lean,QS-FA19,quant-scope,1,0,FALSE
236,QS019B,nvidia/nemotron-3-nano-omni,lean,QS-FA19,quant-scope,1,0,FALSE
236,QS019B,nvidia/nemotron-3-nano-omni,lean,QS-FA19,quant-scope,1,0,FALSE
236,QS019B,nvidia/nemotron-3-nano-omni,lean,QS-FA19,quant-scope,1,0,FALSE
236,QS019B,nvidia/nemotron-3-nano-omni,lean,QS-FA19,quant-scope,1,0,FALSE
236,QS019B,nvidia/nemotron-3-nano-omni,lean,QS-FA19,quant-scope,1,0,FALSE
237,QS020A,nvidia/nemotron-3-nano-omni,lean,QS-FA20,quant-scope,0,0,TRUE
237,QS020A,nvidia/nemotron-3-nano-omni,lean,QS-FA20,quant-scope,0,0,TRUE
237,QS020A,nvidia/nemotron-3-nano-omni,lean,QS-FA20,quant-scope,0,0,TRUE
237,QS020A,nvidia/nemotron-3-nano-omni,lean,QS-FA20,quant-scope,0,0,TRUE
237,QS020A,nvidia/nemotron-3-nano-omni,lean,QS-FA20,quant-scope,0,0,TRUE
237,QS020A,nvidia/nemotron-3-nano-omni,lean,QS-FA20,quant-scope,0,0,TRUE
238,QS020B,nvidia/nemotron-3-nano-omni,lean,QS-FA20,quant-scope,1,0,FALSE
238,QS020B,nvidia/nemotron-3-nano-omni,lean,QS-FA20,quant-scope,1,0,FALSE
238,QS020B,nvidia/nemotron-3-nano-omni,lean,QS-FA20,quant-scope,1,0,FALSE
238,QS020B,nvidia/nemotron-3-nano-omni,lean,QS-FA20,quant-scope,1,0,FALSE
238,QS020B,nvidia/nemotron-3-nano-omni,lean,QS-FA20,quant-scope,1,0,FALSE
238,QS020B,nvidia/nemotron-3-nano-omni,lean,QS-FA20,quant-scope,1,0,FALSE
239,QS021A,nvidia/nemotron-3-nano-omni,lean,QS-FA21,quant-scope,1,0,TRUE
239,QS021A,nvidia/nemotron-3-nano-omni,lean,QS-FA21,quant-scope,1,0,TRUE
239,QS021A,nvidia/nemotron-3-nano-omni,lean,QS-FA21,quant-scope,1,0,TRUE
239,QS021A,nvidia/nemotron-3-nano-omni,lean,QS-FA21,quant-scope,1,0,TRUE
239,QS021A,nvidia/nemotron-3-nano-omni,lean,QS-FA21,quant-scope,1,0,TRUE
239,QS021A,nvidia/nemotron-3-nano-omni,lean,QS-FA21,quant-scope,1,0,TRUE
240,QS021B,nvidia/nemotron-3-nano-omni,lean,QS-FA21,quant-scope,1,0,FALSE
240,QS021B,nvidia/nemotron-3-nano-omni,lean,QS-FA21,quant-scope,1,0,FALSE
240,QS021B,nvidia/nemotron-3-nano-omni,lean,QS-FA21,quant-scope,1,0,FALSE
240,QS021B,nvidia/nemotron-3-nano-omni,lean,QS-FA21,quant-scope,1,0,FALSE
240,QS021B,nvidia/nemotron-3-nano-omni,lean,QS-FA21,quant-scope,1,0,FALSE
240,QS021B,nvidia/nemotron-3-nano-omni,lean,QS-FA21,quant-scope,1,0,FALSE
241,QS022A,nvidia/nemotron-3-nano-omni,lean,QS-FA22,quant-scope,1,0,TRUE
241,QS022A,nvidia/nemotron-3-nano-omni,lean,QS-FA22,quant-scope,1,0,TRUE
241,QS022A,nvidia/nemotron-3-nano-omni,lean,QS-FA22,quant-scope,1,0,TRUE
241,QS022A,nvidia/nemotron-3-nano-omni,lean,QS-FA22,quant-scope,1,0,TRUE
241,QS022A,nvidia/nemotron-3-nano-omni,lean,QS-FA22,quant-scope,1,0,TRUE
241,QS022A,nvidia/nemotron-3-nano-omni,lean,QS-FA22,quant-scope,1,0,TRUE
242,QS022B,nvidia/nemotron-3-nano-omni,lean,QS-FA22,quant-scope,1,0,FALSE
242,QS022B,nvidia/nemotron-3-nano-omni,lean,QS-FA22,quant-scope,1,0,FALSE
242,QS022B,nvidia/nemotron-3-nano-omni,lean,QS-FA22,quant-scope,1,0,FALSE
242,QS022B,nvidia/nemotron-3-nano-omni,lean,QS-FA22,quant-scope,1,0,FALSE
242,QS022B,nvidia/nemotron-3-nano-omni,lean,QS-FA22,quant-scope,1,0,FALSE
242,QS022B,nvidia/nemotron-3-nano-omni,lean,QS-FA22,quant-scope,1,0,FALSE
243,QS023A,nvidia/nemotron-3-nano-omni,lean,QS-FA23,quant-scope,1,0,TRUE
243,QS023A,nvidia/nemotron-3-nano-omni,lean,QS-FA23,quant-scope,1,0,TRUE
243,QS023A,nvidia/nemotron-3-nano-omni,lean,QS-FA23,quant-scope,1,0,TRUE
243,QS023A,nvidia/nemotron-3-nano-omni,lean,QS-FA23,quant-scope,1,0,TRUE
243,QS023A,nvidia/nemotron-3-nano-omni,lean,QS-FA23,quant-scope,1,0,TRUE
243,QS023A,nvidia/nemotron-3-nano-omni,lean,QS-FA23,quant-scope,1,0,TRUE
244,QS023B,nvidia/nemotron-3-nano-omni,lean,QS-FA23,quant-scope,1,0,FALSE
244,QS023B,nvidia/nemotron-3-nano-omni,lean,QS-FA23,quant-scope,1,0,FALSE
244,QS023B,nvidia/nemotron-3-nano-omni,lean,QS-FA23,quant-scope,1,0,FALSE
244,QS023B,nvidia/nemotron-3-nano-omni,lean,QS-FA23,quant-scope,1,0,FALSE
244,QS023B,nvidia/nemotron-3-nano-omni,lean,QS-FA23,quant-scope,1,0,FALSE
244,QS023B,nvidia/nemotron-3-nano-omni,lean,QS-FA23,quant-scope,1,0,FALSE
245,QS024A,nvidia/nemotron-3-nano-omni,lean,QS-FA24,quant-scope,1,0,TRUE
245,QS024A,nvidia/nemotron-3-nano-omni,lean,QS-FA24,quant-scope,1,0,TRUE
245,QS024A,nvidia/nemotron-3-nano-omni,lean,QS-FA24,quant-scope,1,0,TRUE
245,QS024A,nvidia/nemotron-3-nano-omni,lean,QS-FA24,quant-scope,1,0,TRUE
245,QS024A,nvidia/nemotron-3-nano-omni,lean,QS-FA24,quant-scope,1,0,TRUE
245,QS024A,nvidia/nemotron-3-nano-omni,lean,QS-FA24,quant-scope,1,0,TRUE
246,QS024B,nvidia/nemotron-3-nano-omni,lean,QS-FA24,quant-scope,1,0,FALSE
246,QS024B,nvidia/nemotron-3-nano-omni,lean,QS-FA24,quant-scope,1,0,FALSE
246,QS024B,nvidia/nemotron-3-nano-omni,lean,QS-FA24,quant-scope,1,0,FALSE
246,QS024B,nvidia/nemotron-3-nano-omni,lean,QS-FA24,quant-scope,1,0,FALSE
246,QS024B,nvidia/nemotron-3-nano-omni,lean,QS-FA24,quant-scope,1,0,FALSE
246,QS024B,nvidia/nemotron-3-nano-omni,lean,QS-FA24,quant-scope,1,0,FALSE
247,QS025A,nvidia/nemotron-3-nano-omni,lean,QS-FA25,quant-scope,1,0,TRUE
247,QS025A,nvidia/nemotron-3-nano-omni,lean,QS-FA25,quant-scope,1,0,TRUE
247,QS025A,nvidia/nemotron-3-nano-omni,lean,QS-FA25,quant-scope,1,0,TRUE
247,QS025A,nvidia/nemotron-3-nano-omni,lean,QS-FA25,quant-scope,1,0,TRUE
247,QS025A,nvidia/nemotron-3-nano-omni,lean,QS-FA25,quant-scope,1,0,TRUE
247,QS025A,nvidia/nemotron-3-nano-omni,lean,QS-FA25,quant-scope,1,0,TRUE
248,QS025B,nvidia/nemotron-3-nano-omni,lean,QS-FA25,quant-scope,1,0,FALSE
248,QS025B,nvidia/nemotron-3-nano-omni,lean,QS-FA25,quant-scope,1,0,FALSE
248,QS025B,nvidia/nemotron-3-nano-omni,lean,QS-FA25,quant-scope,1,0,FALSE
248,QS025B,nvidia/nemotron-3-nano-omni,lean,QS-FA25,quant-scope,1,0,FALSE
248,QS025B,nvidia/nemotron-3-nano-omni,lean,QS-FA25,quant-scope,1,0,FALSE
248,QS025B,nvidia/nemotron-3-nano-omni,lean,QS-FA25,quant-scope,1,0,FALSE
249,QS026A,nvidia/nemotron-3-nano-omni,lean,QS-FA26,quant-scope,0,0,TRUE
249,QS026A,nvidia/nemotron-3-nano-omni,lean,QS-FA26,quant-scope,0,0,TRUE
249,QS026A,nvidia/nemotron-3-nano-omni,lean,QS-FA26,quant-scope,0,0,TRUE
249,QS026A,nvidia/nemotron-3-nano-omni,lean,QS-FA26,quant-scope,0,0,TRUE
249,QS026A,nvidia/nemotron-3-nano-omni,lean,QS-FA26,quant-scope,0,0,TRUE
249,QS026A,nvidia/nemotron-3-nano-omni,lean,QS-FA26,quant-scope,0,0,TRUE
250,QS026B,nvidia/nemotron-3-nano-omni,lean,QS-FA26,quant-scope,1,0,FALSE
250,QS026B,nvidia/nemotron-3-nano-omni,lean,QS-FA26,quant-scope,1,0,FALSE
250,QS026B,nvidia/nemotron-3-nano-omni,lean,QS-FA26,quant-scope,1,0,FALSE
250,QS026B,nvidia/nemotron-3-nano-omni,lean,QS-FA26,quant-scope,1,0,FALSE
250,QS026B,nvidia/nemotron-3-nano-omni,lean,QS-FA26,quant-scope,1,0,FALSE
250,QS026B,nvidia/nemotron-3-nano-omni,lean,QS-FA26,quant-scope,1,0,FALSE
251,QS027A,nvidia/nemotron-3-nano-omni,lean,QS-FA27,quant-scope,0,0,TRUE
251,QS027A,nvidia/nemotron-3-nano-omni,lean,QS-FA27,quant-scope,0,0,TRUE
251,QS027A,nvidia/nemotron-3-nano-omni,lean,QS-FA27,quant-scope,0,0,TRUE
251,QS027A,nvidia/nemotron-3-nano-omni,lean,QS-FA27,quant-scope,0,0,TRUE
251,QS027A,nvidia/nemotron-3-nano-omni,lean,QS-FA27,quant-scope,0,0,TRUE
251,QS027A,nvidia/nemotron-3-nano-omni,lean,QS-FA27,quant-scope,0,0,TRUE
252,QS027B,nvidia/nemotron-3-nano-omni,lean,QS-FA27,quant-scope,1,0,FALSE
252,QS027B,nvidia/nemotron-3-nano-omni,lean,QS-FA27,quant-scope,1,0,FALSE
252,QS027B,nvidia/nemotron-3-nano-omni,lean,QS-FA27,quant-scope,1,0,FALSE
252,QS027B,nvidia/nemotron-3-nano-omni,lean,QS-FA27,quant-scope,1,0,FALSE
252,QS027B,nvidia/nemotron-3-nano-omni,lean,QS-FA27,quant-scope,1,0,FALSE
252,QS027B,nvidia/nemotron-3-nano-omni,lean,QS-FA27,quant-scope,1,0,FALSE
253,QS028A,nvidia/nemotron-3-nano-omni,lean,QS-FA28,quant-scope,1,0,TRUE
253,QS028A,nvidia/nemotron-3-nano-omni,lean,QS-FA28,quant-scope,1,0,TRUE
253,QS028A,nvidia/nemotron-3-nano-omni,lean,QS-FA28,quant-scope,1,0,TRUE
253,QS028A,nvidia/nemotron-3-nano-omni,lean,QS-FA28,quant-scope,1,0,TRUE
253,QS028A,nvidia/nemotron-3-nano-omni,lean,QS-FA28,quant-scope,1,0,TRUE
253,QS028A,nvidia/nemotron-3-nano-omni,lean,QS-FA28,quant-scope,1,0,TRUE
254,QS028B,nvidia/nemotron-3-nano-omni,lean,QS-FA28,quant-scope,1,0,FALSE
254,QS028B,nvidia/nemotron-3-nano-omni,lean,QS-FA28,quant-scope,1,0,FALSE
254,QS028B,nvidia/nemotron-3-nano-omni,lean,QS-FA28,quant-scope,1,0,FALSE
254,QS028B,nvidia/nemotron-3-nano-omni,lean,QS-FA28,quant-scope,1,0,FALSE
254,QS028B,nvidia/nemotron-3-nano-omni,lean,QS-FA28,quant-scope,1,0,FALSE
254,QS028B,nvidia/nemotron-3-nano-omni,lean,QS-FA28,quant-scope,1,0,FALSE
255,QS029A,nvidia/nemotron-3-nano-omni,lean,QS-FA29,quant-scope,1,0,TRUE
255,QS029A,nvidia/nemotron-3-nano-omni,lean,QS-FA29,quant-scope,1,0,TRUE
255,QS029A,nvidia/nemotron-3-nano-omni,lean,QS-FA29,quant-scope,1,0,TRUE
255,QS029A,nvidia/nemotron-3-nano-omni,lean,QS-FA29,quant-scope,1,0,TRUE
255,QS029A,nvidia/nemotron-3-nano-omni,lean,QS-FA29,quant-scope,1,0,TRUE
255,QS029A,nvidia/nemotron-3-nano-omni,lean,QS-FA29,quant-scope,1,0,TRUE
256,QS029B,nvidia/nemotron-3-nano-omni,lean,QS-FA29,quant-scope,1,0,FALSE
256,QS029B,nvidia/nemotron-3-nano-omni,lean,QS-FA29,quant-scope,1,0,FALSE
256,QS029B,nvidia/nemotron-3-nano-omni,lean,QS-FA29,quant-scope,1,0,FALSE
256,QS029B,nvidia/nemotron-3-nano-omni,lean,QS-FA29,quant-scope,1,0,FALSE
256,QS029B,nvidia/nemotron-3-nano-omni,lean,QS-FA29,quant-scope,1,0,FALSE
256,QS029B,nvidia/nemotron-3-nano-omni,lean,QS-FA29,quant-scope,1,0,FALSE
257,QS030A,nvidia/nemotron-3-nano-omni,lean,QS-FA30,quant-scope,0,0,TRUE
257,QS030A,nvidia/nemotron-3-nano-omni,lean,QS-FA30,quant-scope,0,0,TRUE
257,QS030A,nvidia/nemotron-3-nano-omni,lean,QS-FA30,quant-scope,0,0,TRUE
257,QS030A,nvidia/nemotron-3-nano-omni,lean,QS-FA30,quant-scope,0,0,TRUE
257,QS030A,nvidia/nemotron-3-nano-omni,lean,QS-FA30,quant-scope,0,0,TRUE
257,QS030A,nvidia/nemotron-3-nano-omni,lean,QS-FA30,quant-scope,0,0,TRUE
258,QS030B,nvidia/nemotron-3-nano-omni,lean,QS-FA30,quant-scope,1,0,FALSE
258,QS030B,nvidia/nemotron-3-nano-omni,lean,QS-FA30,quant-scope,1,0,FALSE
258,QS030B,nvidia/nemotron-3-nano-omni,lean,QS-FA30,quant-scope,1,0,FALSE
258,QS030B,nvidia/nemotron-3-nano-omni,lean,QS-FA30,quant-scope,1,0,FALSE
258,QS030B,nvidia/nemotron-3-nano-omni,lean,QS-FA30,quant-scope,1,0,FALSE
258,QS030B,nvidia/nemotron-3-nano-omni,lean,QS-FA30,quant-scope,1,0,FALSE
259,QS031A,nvidia/nemotron-3-nano-omni,lean,QS-FA31,quant-scope,1,0,TRUE
259,QS031A,nvidia/nemotron-3-nano-omni,lean,QS-FA31,quant-scope,1,0,TRUE
259,QS031A,nvidia/nemotron-3-nano-omni,lean,QS-FA31,quant-scope,1,0,TRUE
259,QS031A,nvidia/nemotron-3-nano-omni,lean,QS-FA31,quant-scope,1,0,TRUE
259,QS031A,nvidia/nemotron-3-nano-omni,lean,QS-FA31,quant-scope,1,0,TRUE
259,QS031A,nvidia/nemotron-3-nano-omni,lean,QS-FA31,quant-scope,1,0,TRUE
260,QS031B,nvidia/nemotron-3-nano-omni,lean,QS-FA31,quant-scope,1,0,FALSE
260,QS031B,nvidia/nemotron-3-nano-omni,lean,QS-FA31,quant-scope,1,0,FALSE
260,QS031B,nvidia/nemotron-3-nano-omni,lean,QS-FA31,quant-scope,1,0,FALSE
260,QS031B,nvidia/nemotron-3-nano-omni,lean,QS-FA31,quant-scope,1,0,FALSE
260,QS031B,nvidia/nemotron-3-nano-omni,lean,QS-FA31,quant-scope,1,0,FALSE
260,QS031B,nvidia/nemotron-3-nano-omni,lean,QS-FA31,quant-scope,1,0,FALSE
261,QS032A,nvidia/nemotron-3-nano-omni,lean,QS-FA32,quant-scope,1,0,TRUE
261,QS032A,nvidia/nemotron-3-nano-omni,lean,QS-FA32,quant-scope,1,0,TRUE
261,QS032A,nvidia/nemotron-3-nano-omni,lean,QS-FA32,quant-scope,1,0,TRUE
261,QS032A,nvidia/nemotron-3-nano-omni,lean,QS-FA32,quant-scope,1,0,TRUE
261,QS032A,nvidia/nemotron-3-nano-omni,lean,QS-FA32,quant-scope,1,0,TRUE
261,QS032A,nvidia/nemotron-3-nano-omni,lean,QS-FA32,quant-scope,1,0,TRUE
262,QS032B,nvidia/nemotron-3-nano-omni,lean,QS-FA32,quant-scope,1,0,FALSE
262,QS032B,nvidia/nemotron-3-nano-omni,lean,QS-FA32,quant-scope,1,0,FALSE
262,QS032B,nvidia/nemotron-3-nano-omni,lean,QS-FA32,quant-scope,1,0,FALSE
262,QS032B,nvidia/nemotron-3-nano-omni,lean,QS-FA32,quant-scope,1,0,FALSE
262,QS032B,nvidia/nemotron-3-nano-omni,lean,QS-FA32,quant-scope,1,0,FALSE
262,QS032B,nvidia/nemotron-3-nano-omni,lean,QS-FA32,quant-scope,1,0,FALSE
263,QS033A,nvidia/nemotron-3-nano-omni,lean,QS-FA33,quant-scope,0,0,TRUE
263,QS033A,nvidia/nemotron-3-nano-omni,lean,QS-FA33,quant-scope,0,0,TRUE
263,QS033A,nvidia/nemotron-3-nano-omni,lean,QS-FA33,quant-scope,0,0,TRUE
263,QS033A,nvidia/nemotron-3-nano-omni,lean,QS-FA33,quant-scope,0,0,TRUE
263,QS033A,nvidia/nemotron-3-nano-omni,lean,QS-FA33,quant-scope,0,0,TRUE
263,QS033A,nvidia/nemotron-3-nano-omni,lean,QS-FA33,quant-scope,0,0,TRUE
264,QS033B,nvidia/nemotron-3-nano-omni,lean,QS-FA33,quant-scope,1,0,FALSE
264,QS033B,nvidia/nemotron-3-nano-omni,lean,QS-FA33,quant-scope,1,0,FALSE
264,QS033B,nvidia/nemotron-3-nano-omni,lean,QS-FA33,quant-scope,1,0,FALSE
264,QS033B,nvidia/nemotron-3-nano-omni,lean,QS-FA33,quant-scope,1,0,FALSE
264,QS033B,nvidia/nemotron-3-nano-omni,lean,QS-FA33,quant-scope,1,0,FALSE
264,QS033B,nvidia/nemotron-3-nano-omni,lean,QS-FA33,quant-scope,1,0,FALSE
265,QS034A,nvidia/nemotron-3-nano-omni,lean,QS-FA34,quant-scope,0,0,TRUE
265,QS034A,nvidia/nemotron-3-nano-omni,lean,QS-FA34,quant-scope,0,0,TRUE
265,QS034A,nvidia/nemotron-3-nano-omni,lean,QS-FA34,quant-scope,0,0,TRUE
265,QS034A,nvidia/nemotron-3-nano-omni,lean,QS-FA34,quant-scope,0,0,TRUE
265,QS034A,nvidia/nemotron-3-nano-omni,lean,QS-FA34,quant-scope,0,0,TRUE
265,QS034A,nvidia/nemotron-3-nano-omni,lean,QS-FA34,quant-scope,0,0,TRUE
266,QS034B,nvidia/nemotron-3-nano-omni,lean,QS-FA34,quant-scope,1,0,FALSE
266,QS034B,nvidia/nemotron-3-nano-omni,lean,QS-FA34,quant-scope,1,0,FALSE
266,QS034B,nvidia/nemotron-3-nano-omni,lean,QS-FA34,quant-scope,1,0,FALSE
266,QS034B,nvidia/nemotron-3-nano-omni,lean,QS-FA34,quant-scope,1,0,FALSE
266,QS034B,nvidia/nemotron-3-nano-omni,lean,QS-FA34,quant-scope,1,0,FALSE
266,QS034B,nvidia/nemotron-3-nano-omni,lean,QS-FA34,quant-scope,1,0,FALSE
267,QS035A,nvidia/nemotron-3-nano-omni,lean,QS-FA35,quant-scope,1,0,TRUE
267,QS035A,nvidia/nemotron-3-nano-omni,lean,QS-FA35,quant-scope,1,0,TRUE
267,QS035A,nvidia/nemotron-3-nano-omni,lean,QS-FA35,quant-scope,1,0,TRUE
267,QS035A,nvidia/nemotron-3-nano-omni,lean,QS-FA35,quant-scope,1,0,TRUE
267,QS035A,nvidia/nemotron-3-nano-omni,lean,QS-FA35,quant-scope,1,0,TRUE
267,QS035A,nvidia/nemotron-3-nano-omni,lean,QS-FA35,quant-scope,1,0,TRUE
268,QS035B,nvidia/nemotron-3-nano-omni,lean,QS-FA35,quant-scope,1,0,FALSE
268,QS035B,nvidia/nemotron-3-nano-omni,lean,QS-FA35,quant-scope,1,0,FALSE
268,QS035B,nvidia/nemotron-3-nano-omni,lean,QS-FA35,quant-scope,1,0,FALSE
268,QS035B,nvidia/nemotron-3-nano-omni,lean,QS-FA35,quant-scope,1,0,FALSE
268,QS035B,nvidia/nemotron-3-nano-omni,lean,QS-FA35,quant-scope,1,0,FALSE
268,QS035B,nvidia/nemotron-3-nano-omni,lean,QS-FA35,quant-scope,1,0,FALSE
269,QS036A,nvidia/nemotron-3-nano-omni,lean,QS-FA36,quant-scope,0,0,TRUE
269,QS036A,nvidia/nemotron-3-nano-omni,lean,QS-FA36,quant-scope,0,0,TRUE
269,QS036A,nvidia/nemotron-3-nano-omni,lean,QS-FA36,quant-scope,0,0,TRUE
269,QS036A,nvidia/nemotron-3-nano-omni,lean,QS-FA36,quant-scope,0,0,TRUE
269,QS036A,nvidia/nemotron-3-nano-omni,lean,QS-FA36,quant-scope,0,0,TRUE
269,QS036A,nvidia/nemotron-3-nano-omni,lean,QS-FA36,quant-scope,0,0,TRUE
270,QS036B,nvidia/nemotron-3-nano-omni,lean,QS-FA36,quant-scope,1,0,FALSE
270,QS036B,nvidia/nemotron-3-nano-omni,lean,QS-FA36,quant-scope,1,0,FALSE
270,QS036B,nvidia/nemotron-3-nano-omni,lean,QS-FA36,quant-scope,1,0,FALSE
270,QS036B,nvidia/nemotron-3-nano-omni,lean,QS-FA36,quant-scope,1,0,FALSE
270,QS036B,nvidia/nemotron-3-nano-omni,lean,QS-FA36,quant-scope,1,0,FALSE
270,QS036B,nvidia/nemotron-3-nano-omni,lean,QS-FA36,quant-scope,1,0,FALSE
271,QS037A,nvidia/nemotron-3-nano-omni,lean,QS-FA37,quant-scope,1,0,TRUE
271,QS037A,nvidia/nemotron-3-nano-omni,lean,QS-FA37,quant-scope,1,0,TRUE
271,QS037A,nvidia/nemotron-3-nano-omni,lean,QS-FA37,quant-scope,1,0,TRUE
271,QS037A,nvidia/nemotron-3-nano-omni,lean,QS-FA37,quant-scope,1,0,TRUE
271,QS037A,nvidia/nemotron-3-nano-omni,lean,QS-FA37,quant-scope,1,0,TRUE
271,QS037A,nvidia/nemotron-3-nano-omni,lean,QS-FA37,quant-scope,1,0,TRUE
272,QS037B,nvidia/nemotron-3-nano-omni,lean,QS-FA37,quant-scope,1,0,FALSE
272,QS037B,nvidia/nemotron-3-nano-omni,lean,QS-FA37,quant-scope,1,0,FALSE
272,QS037B,nvidia/nemotron-3-nano-omni,lean,QS-FA37,quant-scope,1,0,FALSE
272,QS037B,nvidia/nemotron-3-nano-omni,lean,QS-FA37,quant-scope,1,0,FALSE
272,QS037B,nvidia/nemotron-3-nano-omni,lean,QS-FA37,quant-scope,1,0,FALSE
272,QS037B,nvidia/nemotron-3-nano-omni,lean,QS-FA37,quant-scope,1,0,FALSE
273,QS038A,nvidia/nemotron-3-nano-omni,lean,QS-FA38,quant-scope,0,0,TRUE
273,QS038A,nvidia/nemotron-3-nano-omni,lean,QS-FA38,quant-scope,0,0,TRUE
273,QS038A,nvidia/nemotron-3-nano-omni,lean,QS-FA38,quant-scope,0,0,TRUE
273,QS038A,nvidia/nemotron-3-nano-omni,lean,QS-FA38,quant-scope,0,0,TRUE
273,QS038A,nvidia/nemotron-3-nano-omni,lean,QS-FA38,quant-scope,0,0,TRUE
273,QS038A,nvidia/nemotron-3-nano-omni,lean,QS-FA38,quant-scope,0,0,TRUE
274,QS038B,nvidia/nemotron-3-nano-omni,lean,QS-FA38,quant-scope,1,0,FALSE
274,QS038B,nvidia/nemotron-3-nano-omni,lean,QS-FA38,quant-scope,1,0,FALSE
274,QS038B,nvidia/nemotron-3-nano-omni,lean,QS-FA38,quant-scope,1,0,FALSE
274,QS038B,nvidia/nemotron-3-nano-omni,lean,QS-FA38,quant-scope,1,0,FALSE
274,QS038B,nvidia/nemotron-3-nano-omni,lean,QS-FA38,quant-scope,1,0,FALSE
274,QS038B,nvidia/nemotron-3-nano-omni,lean,QS-FA38,quant-scope,1,0,FALSE
275,QS039A,nvidia/nemotron-3-nano-omni,lean,QS-FA39,quant-scope,1,0,TRUE
275,QS039A,nvidia/nemotron-3-nano-omni,lean,QS-FA39,quant-scope,1,0,TRUE
275,QS039A,nvidia/nemotron-3-nano-omni,lean,QS-FA39,quant-scope,1,0,TRUE
275,QS039A,nvidia/nemotron-3-nano-omni,lean,QS-FA39,quant-scope,1,0,TRUE
275,QS039A,nvidia/nemotron-3-nano-omni,lean,QS-FA39,quant-scope,1,0,TRUE
275,QS039A,nvidia/nemotron-3-nano-omni,lean,QS-FA39,quant-scope,1,0,TRUE
276,QS039B,nvidia/nemotron-3-nano-omni,lean,QS-FA39,quant-scope,1,0,FALSE
276,QS039B,nvidia/nemotron-3-nano-omni,lean,QS-FA39,quant-scope,1,0,FALSE
276,QS039B,nvidia/nemotron-3-nano-omni,lean,QS-FA39,quant-scope,1,0,FALSE
276,QS039B,nvidia/nemotron-3-nano-omni,lean,QS-FA39,quant-scope,1,0,FALSE
276,QS039B,nvidia/nemotron-3-nano-omni,lean,QS-FA39,quant-scope,1,0,FALSE
276,QS039B,nvidia/nemotron-3-nano-omni,lean,QS-FA39,quant-scope,1,0,FALSE
277,QS040A,nvidia/nemotron-3-nano-omni,lean,QS-FA40,quant-scope,0,0,TRUE
277,QS040A,nvidia/nemotron-3-nano-omni,lean,QS-FA40,quant-scope,0,0,TRUE
277,QS040A,nvidia/nemotron-3-nano-omni,lean,QS-FA40,quant-scope,0,0,TRUE
277,QS040A,nvidia/nemotron-3-nano-omni,lean,QS-FA40,quant-scope,0,0,TRUE
277,QS040A,nvidia/nemotron-3-nano-omni,lean,QS-FA40,quant-scope,0,0,TRUE
277,QS040A,nvidia/nemotron-3-nano-omni,lean,QS-FA40,quant-scope,0,0,TRUE
278,QS040B,nvidia/nemotron-3-nano-omni,lean,QS-FA40,quant-scope,1,0,FALSE
278,QS040B,nvidia/nemotron-3-nano-omni,lean,QS-FA40,quant-scope,1,0,FALSE
278,QS040B,nvidia/nemotron-3-nano-omni,lean,QS-FA40,quant-scope,1,0,FALSE
278,QS040B,nvidia/nemotron-3-nano-omni,lean,QS-FA40,quant-scope,1,0,FALSE
278,QS040B,nvidia/nemotron-3-nano-omni,lean,QS-FA40,quant-scope,1,0,FALSE
278,QS040B,nvidia/nemotron-3-nano-omni,lean,QS-FA40,quant-scope,1,0,FALSE
279,QS041A,nvidia/nemotron-3-nano-omni,lean,QS-FA41,quant-scope,0,0,TRUE
279,QS041A,nvidia/nemotron-3-nano-omni,lean,QS-FA41,quant-scope,0,0,TRUE
279,QS041A,nvidia/nemotron-3-nano-omni,lean,QS-FA41,quant-scope,0,0,TRUE
279,QS041A,nvidia/nemotron-3-nano-omni,lean,QS-FA41,quant-scope,0,0,TRUE
279,QS041A,nvidia/nemotron-3-nano-omni,lean,QS-FA41,quant-scope,0,0,TRUE
279,QS041A,nvidia/nemotron-3-nano-omni,lean,QS-FA41,quant-scope,0,0,TRUE
280,QS041B,nvidia/nemotron-3-nano-omni,lean,QS-FA41,quant-scope,1,0,FALSE
280,QS041B,nvidia/nemotron-3-nano-omni,lean,QS-FA41,quant-scope,1,0,FALSE
280,QS041B,nvidia/nemotron-3-nano-omni,lean,QS-FA41,quant-scope,1,0,FALSE
280,QS041B,nvidia/nemotron-3-nano-omni,lean,QS-FA41,quant-scope,1,0,FALSE
280,QS041B,nvidia/nemotron-3-nano-omni,lean,QS-FA41,quant-scope,1,0,FALSE
280,QS041B,nvidia/nemotron-3-nano-omni,lean,QS-FA41,quant-scope,1,0,FALSE
281,QS042A,nvidia/nemotron-3-nano-omni,lean,QS-FA42,quant-scope,1,0,TRUE
281,QS042A,nvidia/nemotron-3-nano-omni,lean,QS-FA42,quant-scope,1,0,TRUE
281,QS042A,nvidia/nemotron-3-nano-omni,lean,QS-FA42,quant-scope,1,0,TRUE
281,QS042A,nvidia/nemotron-3-nano-omni,lean,QS-FA42,quant-scope,1,0,TRUE
281,QS042A,nvidia/nemotron-3-nano-omni,lean,QS-FA42,quant-scope,1,0,TRUE
281,QS042A,nvidia/nemotron-3-nano-omni,lean,QS-FA42,quant-scope,1,0,TRUE
282,QS042B,nvidia/nemotron-3-nano-omni,lean,QS-FA42,quant-scope,1,0,FALSE
282,QS042B,nvidia/nemotron-3-nano-omni,lean,QS-FA42,quant-scope,1,0,FALSE
282,QS042B,nvidia/nemotron-3-nano-omni,lean,QS-FA42,quant-scope,1,0,FALSE
282,QS042B,nvidia/nemotron-3-nano-omni,lean,QS-FA42,quant-scope,1,0,FALSE
282,QS042B,nvidia/nemotron-3-nano-omni,lean,QS-FA42,quant-scope,1,0,FALSE
282,QS042B,nvidia/nemotron-3-nano-omni,lean,QS-FA42,quant-scope,1,0,FALSE
283,QS043A,nvidia/nemotron-3-nano-omni,lean,QS-FA43,quant-scope,1,0,TRUE
283,QS043A,nvidia/nemotron-3-nano-omni,lean,QS-FA43,quant-scope,1,0,TRUE
283,QS043A,nvidia/nemotron-3-nano-omni,lean,QS-FA43,quant-scope,1,0,TRUE
283,QS043A,nvidia/nemotron-3-nano-omni,lean,QS-FA43,quant-scope,1,0,TRUE
283,QS043A,nvidia/nemotron-3-nano-omni,lean,QS-FA43,quant-scope,1,0,TRUE
283,QS043A,nvidia/nemotron-3-nano-omni,lean,QS-FA43,quant-scope,1,0,TRUE
284,QS043B,nvidia/nemotron-3-nano-omni,lean,QS-FA43,quant-scope,1,0,FALSE
284,QS043B,nvidia/nemotron-3-nano-omni,lean,QS-FA43,quant-scope,1,0,FALSE
284,QS043B,nvidia/nemotron-3-nano-omni,lean,QS-FA43,quant-scope,1,0,FALSE
284,QS043B,nvidia/nemotron-3-nano-omni,lean,QS-FA43,quant-scope,1,0,FALSE
284,QS043B,nvidia/nemotron-3-nano-omni,lean,QS-FA43,quant-scope,1,0,FALSE
284,QS043B,nvidia/nemotron-3-nano-omni,lean,QS-FA43,quant-scope,1,0,FALSE
285,QS044A,nvidia/nemotron-3-nano-omni,lean,QS-FA44,quant-scope,1,0,TRUE
285,QS044A,nvidia/nemotron-3-nano-omni,lean,QS-FA44,quant-scope,1,0,TRUE
285,QS044A,nvidia/nemotron-3-nano-omni,lean,QS-FA44,quant-scope,1,0,TRUE
285,QS044A,nvidia/nemotron-3-nano-omni,lean,QS-FA44,quant-scope,1,0,TRUE
285,QS044A,nvidia/nemotron-3-nano-omni,lean,QS-FA44,quant-scope,1,0,TRUE
285,QS044A,nvidia/nemotron-3-nano-omni,lean,QS-FA44,quant-scope,1,0,TRUE
286,QS044B,nvidia/nemotron-3-nano-omni,lean,QS-FA44,quant-scope,1,0,FALSE
286,QS044B,nvidia/nemotron-3-nano-omni,lean,QS-FA44,quant-scope,1,0,FALSE
286,QS044B,nvidia/nemotron-3-nano-omni,lean,QS-FA44,quant-scope,1,0,FALSE
286,QS044B,nvidia/nemotron-3-nano-omni,lean,QS-FA44,quant-scope,1,0,FALSE
286,QS044B,nvidia/nemotron-3-nano-omni,lean,QS-FA44,quant-scope,1,0,FALSE
286,QS044B,nvidia/nemotron-3-nano-omni,lean,QS-FA44,quant-scope,1,0,FALSE
287,QS045A,nvidia/nemotron-3-nano-omni,lean,QS-FA45,quant-scope,0,0,TRUE
287,QS045A,nvidia/nemotron-3-nano-omni,lean,QS-FA45,quant-scope,0,0,TRUE
287,QS045A,nvidia/nemotron-3-nano-omni,lean,QS-FA45,quant-scope,0,0,TRUE
287,QS045A,nvidia/nemotron-3-nano-omni,lean,QS-FA45,quant-scope,0,0,TRUE
287,QS045A,nvidia/nemotron-3-nano-omni,lean,QS-FA45,quant-scope,0,0,TRUE
287,QS045A,nvidia/nemotron-3-nano-omni,lean,QS-FA45,quant-scope,0,0,TRUE
288,QS045B,nvidia/nemotron-3-nano-omni,lean,QS-FA45,quant-scope,1,0,FALSE
288,QS045B,nvidia/nemotron-3-nano-omni,lean,QS-FA45,quant-scope,1,0,FALSE
288,QS045B,nvidia/nemotron-3-nano-omni,lean,QS-FA45,quant-scope,1,0,FALSE
288,QS045B,nvidia/nemotron-3-nano-omni,lean,QS-FA45,quant-scope,1,0,FALSE
288,QS045B,nvidia/nemotron-3-nano-omni,lean,QS-FA45,quant-scope,1,0,FALSE
288,QS045B,nvidia/nemotron-3-nano-omni,lean,QS-FA45,quant-scope,1,0,FALSE
289,QS046A,nvidia/nemotron-3-nano-omni,lean,QS-FA46,quant-scope,0,0,TRUE
289,QS046A,nvidia/nemotron-3-nano-omni,lean,QS-FA46,quant-scope,0,0,TRUE
289,QS046A,nvidia/nemotron-3-nano-omni,lean,QS-FA46,quant-scope,0,0,TRUE
289,QS046A,nvidia/nemotron-3-nano-omni,lean,QS-FA46,quant-scope,0,0,TRUE
289,QS046A,nvidia/nemotron-3-nano-omni,lean,QS-FA46,quant-scope,0,0,TRUE
289,QS046A,nvidia/nemotron-3-nano-omni,lean,QS-FA46,quant-scope,0,0,TRUE
290,QS046B,nvidia/nemotron-3-nano-omni,lean,QS-FA46,quant-scope,1,0,FALSE
290,QS046B,nvidia/nemotron-3-nano-omni,lean,QS-FA46,quant-scope,1,0,FALSE
290,QS046B,nvidia/nemotron-3-nano-omni,lean,QS-FA46,quant-scope,1,0,FALSE
290,QS046B,nvidia/nemotron-3-nano-omni,lean,QS-FA46,quant-scope,1,0,FALSE
290,QS046B,nvidia/nemotron-3-nano-omni,lean,QS-FA46,quant-scope,1,0,FALSE
290,QS046B,nvidia/nemotron-3-nano-omni,lean,QS-FA46,quant-scope,1,0,FALSE
291,QS047A,nvidia/nemotron-3-nano-omni,lean,QS-FA47,quant-scope,1,0,TRUE
291,QS047A,nvidia/nemotron-3-nano-omni,lean,QS-FA47,quant-scope,1,0,TRUE
291,QS047A,nvidia/nemotron-3-nano-omni,lean,QS-FA47,quant-scope,1,0,TRUE
291,QS047A,nvidia/nemotron-3-nano-omni,lean,QS-FA47,quant-scope,1,0,TRUE
291,QS047A,nvidia/nemotron-3-nano-omni,lean,QS-FA47,quant-scope,1,0,TRUE
291,QS047A,nvidia/nemotron-3-nano-omni,lean,QS-FA47,quant-scope,1,0,TRUE
292,QS047B,nvidia/nemotron-3-nano-omni,lean,QS-FA47,quant-scope,1,0,FALSE
292,QS047B,nvidia/nemotron-3-nano-omni,lean,QS-FA47,quant-scope,1,0,FALSE
292,QS047B,nvidia/nemotron-3-nano-omni,lean,QS-FA47,quant-scope,1,0,FALSE
292,QS047B,nvidia/nemotron-3-nano-omni,lean,QS-FA47,quant-scope,1,0,FALSE
292,QS047B,nvidia/nemotron-3-nano-omni,lean,QS-FA47,quant-scope,1,0,FALSE
292,QS047B,nvidia/nemotron-3-nano-omni,lean,QS-FA47,quant-scope,1,0,FALSE
293,QS048A,nvidia/nemotron-3-nano-omni,lean,QS-FA48,quant-scope,0,0,TRUE
293,QS048A,nvidia/nemotron-3-nano-omni,lean,QS-FA48,quant-scope,0,0,TRUE
293,QS048A,nvidia/nemotron-3-nano-omni,lean,QS-FA48,quant-scope,0,0,TRUE
293,QS048A,nvidia/nemotron-3-nano-omni,lean,QS-FA48,quant-scope,0,0,TRUE
293,QS048A,nvidia/nemotron-3-nano-omni,lean,QS-FA48,quant-scope,0,0,TRUE
293,QS048A,nvidia/nemotron-3-nano-omni,lean,QS-FA48,quant-scope,0,0,TRUE
294,QS048B,nvidia/nemotron-3-nano-omni,lean,QS-FA48,quant-scope,1,0,FALSE
294,QS048B,nvidia/nemotron-3-nano-omni,lean,QS-FA48,quant-scope,1,0,FALSE
294,QS048B,nvidia/nemotron-3-nano-omni,lean,QS-FA48,quant-scope,1,0,FALSE
294,QS048B,nvidia/nemotron-3-nano-omni,lean,QS-FA48,quant-scope,1,0,FALSE
294,QS048B,nvidia/nemotron-3-nano-omni,lean,QS-FA48,quant-scope,1,0,FALSE
294,QS048B,nvidia/nemotron-3-nano-omni,lean,QS-FA48,quant-scope,1,0,FALSE
295,QS049A,nvidia/nemotron-3-nano-omni,lean,QS-FA49,quant-scope,0,0,TRUE
295,QS049A,nvidia/nemotron-3-nano-omni,lean,QS-FA49,quant-scope,0,0,TRUE
295,QS049A,nvidia/nemotron-3-nano-omni,lean,QS-FA49,quant-scope,0,0,TRUE
295,QS049A,nvidia/nemotron-3-nano-omni,lean,QS-FA49,quant-scope,0,0,TRUE
295,QS049A,nvidia/nemotron-3-nano-omni,lean,QS-FA49,quant-scope,0,0,TRUE
295,QS049A,nvidia/nemotron-3-nano-omni,lean,QS-FA49,quant-scope,0,0,TRUE
296,QS049B,nvidia/nemotron-3-nano-omni,lean,QS-FA49,quant-scope,1,0,FALSE
296,QS049B,nvidia/nemotron-3-nano-omni,lean,QS-FA49,quant-scope,1,0,FALSE
296,QS049B,nvidia/nemotron-3-nano-omni,lean,QS-FA49,quant-scope,1,0,FALSE
296,QS049B,nvidia/nemotron-3-nano-omni,lean,QS-FA49,quant-scope,1,0,FALSE
296,QS049B,nvidia/nemotron-3-nano-omni,lean,QS-FA49,quant-scope,1,0,FALSE
296,QS049B,nvidia/nemotron-3-nano-omni,lean,QS-FA49,quant-scope,1,0,FALSE
297,QS050A,nvidia/nemotron-3-nano-omni,lean,QS-FA50,quant-scope,0,0,TRUE
297,QS050A,nvidia/nemotron-3-nano-omni,lean,QS-FA50,quant-scope,0,0,TRUE
297,QS050A,nvidia/nemotron-3-nano-omni,lean,QS-FA50,quant-scope,0,0,TRUE
297,QS050A,nvidia/nemotron-3-nano-omni,lean,QS-FA50,quant-scope,0,0,TRUE
297,QS050A,nvidia/nemotron-3-nano-omni,lean,QS-FA50,quant-scope,0,0,TRUE
297,QS050A,nvidia/nemotron-3-nano-omni,lean,QS-FA50,quant-scope,0,0,TRUE
298,QS050B,nvidia/nemotron-3-nano-omni,lean,QS-FA50,quant-scope,1,0,FALSE
298,QS050B,nvidia/nemotron-3-nano-omni,lean,QS-FA50,quant-scope,1,0,FALSE
298,QS050B,nvidia/nemotron-3-nano-omni,lean,QS-FA50,quant-scope,1,0,FALSE
298,QS050B,nvidia/nemotron-3-nano-omni,lean,QS-FA50,quant-scope,1,0,FALSE
298,QS050B,nvidia/nemotron-3-nano-omni,lean,QS-FA50,quant-scope,1,0,FALSE
298,QS050B,nvidia/nemotron-3-nano-omni,lean,QS-FA50,quant-scope,1,0,FALSE
299,QS051A,nvidia/nemotron-3-nano-omni,lean,QS-FA51,quant-scope,1,0,TRUE
299,QS051A,nvidia/nemotron-3-nano-omni,lean,QS-FA51,quant-scope,1,0,TRUE
299,QS051A,nvidia/nemotron-3-nano-omni,lean,QS-FA51,quant-scope,1,0,TRUE
299,QS051A,nvidia/nemotron-3-nano-omni,lean,QS-FA51,quant-scope,1,0,TRUE
299,QS051A,nvidia/nemotron-3-nano-omni,lean,QS-FA51,quant-scope,1,0,TRUE
299,QS051A,nvidia/nemotron-3-nano-omni,lean,QS-FA51,quant-scope,1,0,TRUE
300,QS051B,nvidia/nemotron-3-nano-omni,lean,QS-FA51,quant-scope,1,0,FALSE
300,QS051B,nvidia/nemotron-3-nano-omni,lean,QS-FA51,quant-scope,1,0,FALSE
300,QS051B,nvidia/nemotron-3-nano-omni,lean,QS-FA51,quant-scope,1,0,FALSE
300,QS051B,nvidia/nemotron-3-nano-omni,lean,QS-FA51,quant-scope,1,0,FALSE
300,QS051B,nvidia/nemotron-3-nano-omni,lean,QS-FA51,quant-scope,1,0,FALSE
300,QS051B,nvidia/nemotron-3-nano-omni,lean,QS-FA51,quant-scope,1,0,FALSE
301,QS052A,nvidia/nemotron-3-nano-omni,lean,QS-FA52,quant-scope,0,0,TRUE
301,QS052A,nvidia/nemotron-3-nano-omni,lean,QS-FA52,quant-scope,0,0,TRUE
301,QS052A,nvidia/nemotron-3-nano-omni,lean,QS-FA52,quant-scope,0,0,TRUE
301,QS052A,nvidia/nemotron-3-nano-omni,lean,QS-FA52,quant-scope,0,0,TRUE
301,QS052A,nvidia/nemotron-3-nano-omni,lean,QS-FA52,quant-scope,0,0,TRUE
301,QS052A,nvidia/nemotron-3-nano-omni,lean,QS-FA52,quant-scope,0,0,TRUE
302,QS052B,nvidia/nemotron-3-nano-omni,lean,QS-FA52,quant-scope,1,0,FALSE
302,QS052B,nvidia/nemotron-3-nano-omni,lean,QS-FA52,quant-scope,1,0,FALSE
302,QS052B,nvidia/nemotron-3-nano-omni,lean,QS-FA52,quant-scope,1,0,FALSE
302,QS052B,nvidia/nemotron-3-nano-omni,lean,QS-FA52,quant-scope,1,0,FALSE
302,QS052B,nvidia/nemotron-3-nano-omni,lean,QS-FA52,quant-scope,1,0,FALSE
302,QS052B,nvidia/nemotron-3-nano-omni,lean,QS-FA52,quant-scope,1,0,FALSE
303,QS053A,nvidia/nemotron-3-nano-omni,lean,QS-FA53,quant-scope,0,0,TRUE
303,QS053A,nvidia/nemotron-3-nano-omni,lean,QS-FA53,quant-scope,0,0,TRUE
303,QS053A,nvidia/nemotron-3-nano-omni,lean,QS-FA53,quant-scope,0,0,TRUE
303,QS053A,nvidia/nemotron-3-nano-omni,lean,QS-FA53,quant-scope,0,0,TRUE
303,QS053A,nvidia/nemotron-3-nano-omni,lean,QS-FA53,quant-scope,0,0,TRUE
303,QS053A,nvidia/nemotron-3-nano-omni,lean,QS-FA53,quant-scope,0,0,TRUE
304,QS053B,nvidia/nemotron-3-nano-omni,lean,QS-FA53,quant-scope,1,0,FALSE
304,QS053B,nvidia/nemotron-3-nano-omni,lean,QS-FA53,quant-scope,1,0,FALSE
304,QS053B,nvidia/nemotron-3-nano-omni,lean,QS-FA53,quant-scope,1,0,FALSE
304,QS053B,nvidia/nemotron-3-nano-omni,lean,QS-FA53,quant-scope,1,0,FALSE
304,QS053B,nvidia/nemotron-3-nano-omni,lean,QS-FA53,quant-scope,1,0,FALSE
304,QS053B,nvidia/nemotron-3-nano-omni,lean,QS-FA53,quant-scope,1,0,FALSE
305,QS054A,nvidia/nemotron-3-nano-omni,lean,QS-FA54,quant-scope,0,0,TRUE
305,QS054A,nvidia/nemotron-3-nano-omni,lean,QS-FA54,quant-scope,0,0,TRUE
305,QS054A,nvidia/nemotron-3-nano-omni,lean,QS-FA54,quant-scope,0,0,TRUE
305,QS054A,nvidia/nemotron-3-nano-omni,lean,QS-FA54,quant-scope,0,0,TRUE
305,QS054A,nvidia/nemotron-3-nano-omni,lean,QS-FA54,quant-scope,0,0,TRUE
305,QS054A,nvidia/nemotron-3-nano-omni,lean,QS-FA54,quant-scope,0,0,TRUE
306,QS054B,nvidia/nemotron-3-nano-omni,lean,QS-FA54,quant-scope,1,0,FALSE
306,QS054B,nvidia/nemotron-3-nano-omni,lean,QS-FA54,quant-scope,1,0,FALSE
306,QS054B,nvidia/nemotron-3-nano-omni,lean,QS-FA54,quant-scope,1,0,FALSE
306,QS054B,nvidia/nemotron-3-nano-omni,lean,QS-FA54,quant-scope,1,0,FALSE
306,QS054B,nvidia/nemotron-3-nano-omni,lean,QS-FA54,quant-scope,1,0,FALSE
306,QS054B,nvidia/nemotron-3-nano-omni,lean,QS-FA54,quant-scope,1,0,FALSE
307,QS055A,nvidia/nemotron-3-nano-omni,lean,QS-FA55,quant-scope,1,0,TRUE
307,QS055A,nvidia/nemotron-3-nano-omni,lean,QS-FA55,quant-scope,1,0,TRUE
307,QS055A,nvidia/nemotron-3-nano-omni,lean,QS-FA55,quant-scope,1,0,TRUE
307,QS055A,nvidia/nemotron-3-nano-omni,lean,QS-FA55,quant-scope,1,0,TRUE
307,QS055A,nvidia/nemotron-3-nano-omni,lean,QS-FA55,quant-scope,1,0,TRUE
307,QS055A,nvidia/nemotron-3-nano-omni,lean,QS-FA55,quant-scope,1,0,TRUE
308,QS055B,nvidia/nemotron-3-nano-omni,lean,QS-FA55,quant-scope,1,0,FALSE
308,QS055B,nvidia/nemotron-3-nano-omni,lean,QS-FA55,quant-scope,1,0,FALSE
308,QS055B,nvidia/nemotron-3-nano-omni,lean,QS-FA55,quant-scope,1,0,FALSE
308,QS055B,nvidia/nemotron-3-nano-omni,lean,QS-FA55,quant-scope,1,0,FALSE
308,QS055B,nvidia/nemotron-3-nano-omni,lean,QS-FA55,quant-scope,1,0,FALSE
308,QS055B,nvidia/nemotron-3-nano-omni,lean,QS-FA55,quant-scope,1,0,FALSE
309,QS056A,nvidia/nemotron-3-nano-omni,lean,QS-FA56,quant-scope,1,0,TRUE
309,QS056A,nvidia/nemotron-3-nano-omni,lean,QS-FA56,quant-scope,1,0,TRUE
309,QS056A,nvidia/nemotron-3-nano-omni,lean,QS-FA56,quant-scope,1,0,TRUE
309,QS056A,nvidia/nemotron-3-nano-omni,lean,QS-FA56,quant-scope,1,0,TRUE
309,QS056A,nvidia/nemotron-3-nano-omni,lean,QS-FA56,quant-scope,1,0,TRUE
309,QS056A,nvidia/nemotron-3-nano-omni,lean,QS-FA56,quant-scope,1,0,TRUE
310,QS056B,nvidia/nemotron-3-nano-omni,lean,QS-FA56,quant-scope,1,0,FALSE
310,QS056B,nvidia/nemotron-3-nano-omni,lean,QS-FA56,quant-scope,1,0,FALSE
310,QS056B,nvidia/nemotron-3-nano-omni,lean,QS-FA56,quant-scope,1,0,FALSE
310,QS056B,nvidia/nemotron-3-nano-omni,lean,QS-FA56,quant-scope,1,0,FALSE
310,QS056B,nvidia/nemotron-3-nano-omni,lean,QS-FA56,quant-scope,1,0,FALSE
310,QS056B,nvidia/nemotron-3-nano-omni,lean,QS-FA56,quant-scope,1,0,FALSE
311,QS057A,nvidia/nemotron-3-nano-omni,lean,QS-FA57,quant-scope,1,0,TRUE
311,QS057A,nvidia/nemotron-3-nano-omni,lean,QS-FA57,quant-scope,1,0,TRUE
311,QS057A,nvidia/nemotron-3-nano-omni,lean,QS-FA57,quant-scope,1,0,TRUE
311,QS057A,nvidia/nemotron-3-nano-omni,lean,QS-FA57,quant-scope,1,0,TRUE
311,QS057A,nvidia/nemotron-3-nano-omni,lean,QS-FA57,quant-scope,1,0,TRUE
311,QS057A,nvidia/nemotron-3-nano-omni,lean,QS-FA57,quant-scope,1,0,TRUE
312,QS057B,nvidia/nemotron-3-nano-omni,lean,QS-FA57,quant-scope,1,0,FALSE
312,QS057B,nvidia/nemotron-3-nano-omni,lean,QS-FA57,quant-scope,1,0,FALSE
312,QS057B,nvidia/nemotron-3-nano-omni,lean,QS-FA57,quant-scope,1,0,FALSE
312,QS057B,nvidia/nemotron-3-nano-omni,lean,QS-FA57,quant-scope,1,0,FALSE
312,QS057B,nvidia/nemotron-3-nano-omni,lean,QS-FA57,quant-scope,1,0,FALSE
312,QS057B,nvidia/nemotron-3-nano-omni,lean,QS-FA57,quant-scope,1,0,FALSE
313,QS058A,nvidia/nemotron-3-nano-omni,lean,QS-EA01,quant-scope,1,0,TRUE
313,QS058A,nvidia/nemotron-3-nano-omni,lean,QS-EA01,quant-scope,1,0,TRUE
313,QS058A,nvidia/nemotron-3-nano-omni,lean,QS-EA01,quant-scope,1,0,TRUE
313,QS058A,nvidia/nemotron-3-nano-omni,lean,QS-EA01,quant-scope,1,0,TRUE
313,QS058A,nvidia/nemotron-3-nano-omni,lean,QS-EA01,quant-scope,1,0,TRUE
313,QS058A,nvidia/nemotron-3-nano-omni,lean,QS-EA01,quant-scope,1,0,TRUE
314,QS059B,nvidia/nemotron-3-nano-omni,lean,QS-EA01,quant-scope,1,0,FALSE
314,QS059B,nvidia/nemotron-3-nano-omni,lean,QS-EA01,quant-scope,1,0,FALSE
314,QS059B,nvidia/nemotron-3-nano-omni,lean,QS-EA01,quant-scope,1,0,FALSE
314,QS059B,nvidia/nemotron-3-nano-omni,lean,QS-EA01,quant-scope,1,0,FALSE
314,QS059B,nvidia/nemotron-3-nano-omni,lean,QS-EA01,quant-scope,1,0,FALSE
314,QS059B,nvidia/nemotron-3-nano-omni,lean,QS-EA01,quant-scope,1,0,FALSE
315,QS060C,nvidia/nemotron-3-nano-omni,lean,QS-EA01,quant-scope,1,0,TRUE
315,QS060C,nvidia/nemotron-3-nano-omni,lean,QS-EA01,quant-scope,1,0,TRUE
315,QS060C,nvidia/nemotron-3-nano-omni,lean,QS-EA01,quant-scope,1,0,TRUE
315,QS060C,nvidia/nemotron-3-nano-omni,lean,QS-EA01,quant-scope,1,0,TRUE
315,QS060C,nvidia/nemotron-3-nano-omni,lean,QS-EA01,quant-scope,1,0,TRUE
315,QS060C,nvidia/nemotron-3-nano-omni,lean,QS-EA01,quant-scope,1,0,TRUE
316,QS061A,nvidia/nemotron-3-nano-omni,lean,QS-EA02,quant-scope,1,0,TRUE
316,QS061A,nvidia/nemotron-3-nano-omni,lean,QS-EA02,quant-scope,1,0,TRUE
316,QS061A,nvidia/nemotron-3-nano-omni,lean,QS-EA02,quant-scope,1,0,TRUE
316,QS061A,nvidia/nemotron-3-nano-omni,lean,QS-EA02,quant-scope,1,0,TRUE
316,QS061A,nvidia/nemotron-3-nano-omni,lean,QS-EA02,quant-scope,1,0,TRUE
316,QS061A,nvidia/nemotron-3-nano-omni,lean,QS-EA02,quant-scope,1,0,TRUE
317,QS062B,nvidia/nemotron-3-nano-omni,lean,QS-EA02,quant-scope,1,0,FALSE
317,QS062B,nvidia/nemotron-3-nano-omni,lean,QS-EA02,quant-scope,1,0,FALSE
317,QS062B,nvidia/nemotron-3-nano-omni,lean,QS-EA02,quant-scope,1,0,FALSE
317,QS062B,nvidia/nemotron-3-nano-omni,lean,QS-EA02,quant-scope,1,0,FALSE
317,QS062B,nvidia/nemotron-3-nano-omni,lean,QS-EA02,quant-scope,1,0,FALSE
317,QS062B,nvidia/nemotron-3-nano-omni,lean,QS-EA02,quant-scope,1,0,FALSE
318,QS063C,nvidia/nemotron-3-nano-omni,lean,QS-EA02,quant-scope,1,0,TRUE
318,QS063C,nvidia/nemotron-3-nano-omni,lean,QS-EA02,quant-scope,1,0,TRUE
318,QS063C,nvidia/nemotron-3-nano-omni,lean,QS-EA02,quant-scope,1,0,TRUE
318,QS063C,nvidia/nemotron-3-nano-omni,lean,QS-EA02,quant-scope,1,0,TRUE
318,QS063C,nvidia/nemotron-3-nano-omni,lean,QS-EA02,quant-scope,1,0,TRUE
318,QS063C,nvidia/nemotron-3-nano-omni,lean,QS-EA02,quant-scope,1,0,TRUE
319,QS064A,nvidia/nemotron-3-nano-omni,lean,QS-EA03,quant-scope,1,0,TRUE
319,QS064A,nvidia/nemotron-3-nano-omni,lean,QS-EA03,quant-scope,1,0,TRUE
319,QS064A,nvidia/nemotron-3-nano-omni,lean,QS-EA03,quant-scope,1,0,TRUE
319,QS064A,nvidia/nemotron-3-nano-omni,lean,QS-EA03,quant-scope,1,0,TRUE
319,QS064A,nvidia/nemotron-3-nano-omni,lean,QS-EA03,quant-scope,1,0,TRUE
319,QS064A,nvidia/nemotron-3-nano-omni,lean,QS-EA03,quant-scope,1,0,TRUE
320,QS065B,nvidia/nemotron-3-nano-omni,lean,QS-EA03,quant-scope,1,0,FALSE
320,QS065B,nvidia/nemotron-3-nano-omni,lean,QS-EA03,quant-scope,1,0,FALSE
320,QS065B,nvidia/nemotron-3-nano-omni,lean,QS-EA03,quant-scope,1,0,FALSE
320,QS065B,nvidia/nemotron-3-nano-omni,lean,QS-EA03,quant-scope,1,0,FALSE
320,QS065B,nvidia/nemotron-3-nano-omni,lean,QS-EA03,quant-scope,1,0,FALSE
320,QS065B,nvidia/nemotron-3-nano-omni,lean,QS-EA03,quant-scope,1,0,FALSE
321,QS066C,nvidia/nemotron-3-nano-omni,lean,QS-EA03,quant-scope,1,0,TRUE
321,QS066C,nvidia/nemotron-3-nano-omni,lean,QS-EA03,quant-scope,1,0,TRUE
321,QS066C,nvidia/nemotron-3-nano-omni,lean,QS-EA03,quant-scope,1,0,TRUE
321,QS066C,nvidia/nemotron-3-nano-omni,lean,QS-EA03,quant-scope,1,0,TRUE
321,QS066C,nvidia/nemotron-3-nano-omni,lean,QS-EA03,quant-scope,1,0,TRUE
321,QS066C,nvidia/nemotron-3-nano-omni,lean,QS-EA03,quant-scope,1,0,TRUE
322,QS067A,nvidia/nemotron-3-nano-omni,lean,QS-EA04,quant-scope,1,0,TRUE
322,QS067A,nvidia/nemotron-3-nano-omni,lean,QS-EA04,quant-scope,1,0,TRUE
322,QS067A,nvidia/nemotron-3-nano-omni,lean,QS-EA04,quant-scope,1,0,TRUE
322,QS067A,nvidia/nemotron-3-nano-omni,lean,QS-EA04,quant-scope,1,0,TRUE
322,QS067A,nvidia/nemotron-3-nano-omni,lean,QS-EA04,quant-scope,1,0,TRUE
322,QS067A,nvidia/nemotron-3-nano-omni,lean,QS-EA04,quant-scope,1,0,TRUE
323,QS068B,nvidia/nemotron-3-nano-omni,lean,QS-EA04,quant-scope,1,0,FALSE
323,QS068B,nvidia/nemotron-3-nano-omni,lean,QS-EA04,quant-scope,1,0,FALSE
323,QS068B,nvidia/nemotron-3-nano-omni,lean,QS-EA04,quant-scope,1,0,FALSE
323,QS068B,nvidia/nemotron-3-nano-omni,lean,QS-EA04,quant-scope,1,0,FALSE
323,QS068B,nvidia/nemotron-3-nano-omni,lean,QS-EA04,quant-scope,1,0,FALSE
323,QS068B,nvidia/nemotron-3-nano-omni,lean,QS-EA04,quant-scope,1,0,FALSE
324,QS069C,nvidia/nemotron-3-nano-omni,lean,QS-EA04,quant-scope,1,0,TRUE
324,QS069C,nvidia/nemotron-3-nano-omni,lean,QS-EA04,quant-scope,1,0,TRUE
324,QS069C,nvidia/nemotron-3-nano-omni,lean,QS-EA04,quant-scope,1,0,TRUE
324,QS069C,nvidia/nemotron-3-nano-omni,lean,QS-EA04,quant-scope,1,0,TRUE
324,QS069C,nvidia/nemotron-3-nano-omni,lean,QS-EA04,quant-scope,1,0,TRUE
324,QS069C,nvidia/nemotron-3-nano-omni,lean,QS-EA04,quant-scope,1,0,TRUE
325,QS070A,nvidia/nemotron-3-nano-omni,lean,QS-EA05,quant-scope,0,0,TRUE
325,QS070A,nvidia/nemotron-3-nano-omni,lean,QS-EA05,quant-scope,0,0,TRUE
325,QS070A,nvidia/nemotron-3-nano-omni,lean,QS-EA05,quant-scope,0,0,TRUE
325,QS070A,nvidia/nemotron-3-nano-omni,lean,QS-EA05,quant-scope,0,0,TRUE
325,QS070A,nvidia/nemotron-3-nano-omni,lean,QS-EA05,quant-scope,0,0,TRUE
325,QS070A,nvidia/nemotron-3-nano-omni,lean,QS-EA05,quant-scope,0,0,TRUE
326,QS071B,nvidia/nemotron-3-nano-omni,lean,QS-EA05,quant-scope,1,0,FALSE
326,QS071B,nvidia/nemotron-3-nano-omni,lean,QS-EA05,quant-scope,1,0,FALSE
326,QS071B,nvidia/nemotron-3-nano-omni,lean,QS-EA05,quant-scope,1,0,FALSE
326,QS071B,nvidia/nemotron-3-nano-omni,lean,QS-EA05,quant-scope,1,0,FALSE
326,QS071B,nvidia/nemotron-3-nano-omni,lean,QS-EA05,quant-scope,1,0,FALSE
326,QS071B,nvidia/nemotron-3-nano-omni,lean,QS-EA05,quant-scope,1,0,FALSE
327,QS072C,nvidia/nemotron-3-nano-omni,lean,QS-EA05,quant-scope,1,0,TRUE
327,QS072C,nvidia/nemotron-3-nano-omni,lean,QS-EA05,quant-scope,1,0,TRUE
327,QS072C,nvidia/nemotron-3-nano-omni,lean,QS-EA05,quant-scope,1,0,TRUE
327,QS072C,nvidia/nemotron-3-nano-omni,lean,QS-EA05,quant-scope,1,0,TRUE
327,QS072C,nvidia/nemotron-3-nano-omni,lean,QS-EA05,quant-scope,1,0,TRUE
327,QS072C,nvidia/nemotron-3-nano-omni,lean,QS-EA05,quant-scope,1,0,TRUE
328,QS073A,nvidia/nemotron-3-nano-omni,lean,QS-EA06,quant-scope,1,0,TRUE
328,QS073A,nvidia/nemotron-3-nano-omni,lean,QS-EA06,quant-scope,1,0,TRUE
328,QS073A,nvidia/nemotron-3-nano-omni,lean,QS-EA06,quant-scope,1,0,TRUE
328,QS073A,nvidia/nemotron-3-nano-omni,lean,QS-EA06,quant-scope,1,0,TRUE
328,QS073A,nvidia/nemotron-3-nano-omni,lean,QS-EA06,quant-scope,1,0,TRUE
328,QS073A,nvidia/nemotron-3-nano-omni,lean,QS-EA06,quant-scope,1,0,TRUE
329,QS074B,nvidia/nemotron-3-nano-omni,lean,QS-EA06,quant-scope,0,0,FALSE
329,QS074B,nvidia/nemotron-3-nano-omni,lean,QS-EA06,quant-scope,0,0,FALSE
329,QS074B,nvidia/nemotron-3-nano-omni,lean,QS-EA06,quant-scope,0,0,FALSE
329,QS074B,nvidia/nemotron-3-nano-omni,lean,QS-EA06,quant-scope,0,0,FALSE
329,QS074B,nvidia/nemotron-3-nano-omni,lean,QS-EA06,quant-scope,0,0,FALSE
329,QS074B,nvidia/nemotron-3-nano-omni,lean,QS-EA06,quant-scope,0,0,FALSE
330,QS075C,nvidia/nemotron-3-nano-omni,lean,QS-EA06,quant-scope,1,0,TRUE
330,QS075C,nvidia/nemotron-3-nano-omni,lean,QS-EA06,quant-scope,1,0,TRUE
330,QS075C,nvidia/nemotron-3-nano-omni,lean,QS-EA06,quant-scope,1,0,TRUE
330,QS075C,nvidia/nemotron-3-nano-omni,lean,QS-EA06,quant-scope,1,0,TRUE
330,QS075C,nvidia/nemotron-3-nano-omni,lean,QS-EA06,quant-scope,1,0,TRUE
330,QS075C,nvidia/nemotron-3-nano-omni,lean,QS-EA06,quant-scope,1,0,TRUE
331,QS076A,nvidia/nemotron-3-nano-omni,lean,QS-EA07,quant-scope,1,0,TRUE
331,QS076A,nvidia/nemotron-3-nano-omni,lean,QS-EA07,quant-scope,1,0,TRUE
331,QS076A,nvidia/nemotron-3-nano-omni,lean,QS-EA07,quant-scope,1,0,TRUE
331,QS076A,nvidia/nemotron-3-nano-omni,lean,QS-EA07,quant-scope,1,0,TRUE
331,QS076A,nvidia/nemotron-3-nano-omni,lean,QS-EA07,quant-scope,1,0,TRUE
331,QS076A,nvidia/nemotron-3-nano-omni,lean,QS-EA07,quant-scope,1,0,TRUE
332,QS077B,nvidia/nemotron-3-nano-omni,lean,QS-EA07,quant-scope,1,0,FALSE
332,QS077B,nvidia/nemotron-3-nano-omni,lean,QS-EA07,quant-scope,1,0,FALSE
332,QS077B,nvidia/nemotron-3-nano-omni,lean,QS-EA07,quant-scope,1,0,FALSE
332,QS077B,nvidia/nemotron-3-nano-omni,lean,QS-EA07,quant-scope,1,0,FALSE
332,QS077B,nvidia/nemotron-3-nano-omni,lean,QS-EA07,quant-scope,1,0,FALSE
332,QS077B,nvidia/nemotron-3-nano-omni,lean,QS-EA07,quant-scope,1,0,FALSE
333,QS078C,nvidia/nemotron-3-nano-omni,lean,QS-EA07,quant-scope,1,0,TRUE
333,QS078C,nvidia/nemotron-3-nano-omni,lean,QS-EA07,quant-scope,1,0,TRUE
333,QS078C,nvidia/nemotron-3-nano-omni,lean,QS-EA07,quant-scope,1,0,TRUE
333,QS078C,nvidia/nemotron-3-nano-omni,lean,QS-EA07,quant-scope,1,0,TRUE
333,QS078C,nvidia/nemotron-3-nano-omni,lean,QS-EA07,quant-scope,1,0,TRUE
333,QS078C,nvidia/nemotron-3-nano-omni,lean,QS-EA07,quant-scope,1,0,TRUE
334,QS079A,nvidia/nemotron-3-nano-omni,lean,QS-EA08,quant-scope,1,0,TRUE
334,QS079A,nvidia/nemotron-3-nano-omni,lean,QS-EA08,quant-scope,1,0,TRUE
334,QS079A,nvidia/nemotron-3-nano-omni,lean,QS-EA08,quant-scope,1,0,TRUE
334,QS079A,nvidia/nemotron-3-nano-omni,lean,QS-EA08,quant-scope,1,0,TRUE
334,QS079A,nvidia/nemotron-3-nano-omni,lean,QS-EA08,quant-scope,1,0,TRUE
334,QS079A,nvidia/nemotron-3-nano-omni,lean,QS-EA08,quant-scope,1,0,TRUE
335,QS080B,nvidia/nemotron-3-nano-omni,lean,QS-EA08,quant-scope,1,0,FALSE
335,QS080B,nvidia/nemotron-3-nano-omni,lean,QS-EA08,quant-scope,1,0,FALSE
335,QS080B,nvidia/nemotron-3-nano-omni,lean,QS-EA08,quant-scope,1,0,FALSE
335,QS080B,nvidia/nemotron-3-nano-omni,lean,QS-EA08,quant-scope,1,0,FALSE
335,QS080B,nvidia/nemotron-3-nano-omni,lean,QS-EA08,quant-scope,1,0,FALSE
335,QS080B,nvidia/nemotron-3-nano-omni,lean,QS-EA08,quant-scope,1,0,FALSE
336,QS081C,nvidia/nemotron-3-nano-omni,lean,QS-EA08,quant-scope,1,0,TRUE
336,QS081C,nvidia/nemotron-3-nano-omni,lean,QS-EA08,quant-scope,1,0,TRUE
336,QS081C,nvidia/nemotron-3-nano-omni,lean,QS-EA08,quant-scope,1,0,TRUE
336,QS081C,nvidia/nemotron-3-nano-omni,lean,QS-EA08,quant-scope,1,0,TRUE
336,QS081C,nvidia/nemotron-3-nano-omni,lean,QS-EA08,quant-scope,1,0,TRUE
336,QS081C,nvidia/nemotron-3-nano-omni,lean,QS-EA08,quant-scope,1,0,TRUE
337,QS082A,nvidia/nemotron-3-nano-omni,lean,QS-EA09,quant-scope,1,0,TRUE
337,QS082A,nvidia/nemotron-3-nano-omni,lean,QS-EA09,quant-scope,1,0,TRUE
337,QS082A,nvidia/nemotron-3-nano-omni,lean,QS-EA09,quant-scope,1,0,TRUE
337,QS082A,nvidia/nemotron-3-nano-omni,lean,QS-EA09,quant-scope,1,0,TRUE
337,QS082A,nvidia/nemotron-3-nano-omni,lean,QS-EA09,quant-scope,1,0,TRUE
337,QS082A,nvidia/nemotron-3-nano-omni,lean,QS-EA09,quant-scope,1,0,TRUE
338,QS083B,nvidia/nemotron-3-nano-omni,lean,QS-EA09,quant-scope,1,0,FALSE
338,QS083B,nvidia/nemotron-3-nano-omni,lean,QS-EA09,quant-scope,1,0,FALSE
338,QS083B,nvidia/nemotron-3-nano-omni,lean,QS-EA09,quant-scope,1,0,FALSE
338,QS083B,nvidia/nemotron-3-nano-omni,lean,QS-EA09,quant-scope,1,0,FALSE
338,QS083B,nvidia/nemotron-3-nano-omni,lean,QS-EA09,quant-scope,1,0,FALSE
338,QS083B,nvidia/nemotron-3-nano-omni,lean,QS-EA09,quant-scope,1,0,FALSE
339,QS084C,nvidia/nemotron-3-nano-omni,lean,QS-EA09,quant-scope,1,0,TRUE
339,QS084C,nvidia/nemotron-3-nano-omni,lean,QS-EA09,quant-scope,1,0,TRUE
339,QS084C,nvidia/nemotron-3-nano-omni,lean,QS-EA09,quant-scope,1,0,TRUE
339,QS084C,nvidia/nemotron-3-nano-omni,lean,QS-EA09,quant-scope,1,0,TRUE
339,QS084C,nvidia/nemotron-3-nano-omni,lean,QS-EA09,quant-scope,1,0,TRUE
339,QS084C,nvidia/nemotron-3-nano-omni,lean,QS-EA09,quant-scope,1,0,TRUE
340,QS085A,nvidia/nemotron-3-nano-omni,lean,QS-EA10,quant-scope,1,0,TRUE
340,QS085A,nvidia/nemotron-3-nano-omni,lean,QS-EA10,quant-scope,1,0,TRUE
340,QS085A,nvidia/nemotron-3-nano-omni,lean,QS-EA10,quant-scope,1,0,TRUE
340,QS085A,nvidia/nemotron-3-nano-omni,lean,QS-EA10,quant-scope,1,0,TRUE
340,QS085A,nvidia/nemotron-3-nano-omni,lean,QS-EA10,quant-scope,1,0,TRUE
340,QS085A,nvidia/nemotron-3-nano-omni,lean,QS-EA10,quant-scope,1,0,TRUE
341,QS086B,nvidia/nemotron-3-nano-omni,lean,QS-EA10,quant-scope,1,0,FALSE
341,QS086B,nvidia/nemotron-3-nano-omni,lean,QS-EA10,quant-scope,1,0,FALSE
341,QS086B,nvidia/nemotron-3-nano-omni,lean,QS-EA10,quant-scope,1,0,FALSE
341,QS086B,nvidia/nemotron-3-nano-omni,lean,QS-EA10,quant-scope,1,0,FALSE
341,QS086B,nvidia/nemotron-3-nano-omni,lean,QS-EA10,quant-scope,1,0,FALSE
341,QS086B,nvidia/nemotron-3-nano-omni,lean,QS-EA10,quant-scope,1,0,FALSE
342,QS087C,nvidia/nemotron-3-nano-omni,lean,QS-EA10,quant-scope,1,0,TRUE
342,QS087C,nvidia/nemotron-3-nano-omni,lean,QS-EA10,quant-scope,1,0,TRUE
342,QS087C,nvidia/nemotron-3-nano-omni,lean,QS-EA10,quant-scope,1,0,TRUE
342,QS087C,nvidia/nemotron-3-nano-omni,lean,QS-EA10,quant-scope,1,0,TRUE
342,QS087C,nvidia/nemotron-3-nano-omni,lean,QS-EA10,quant-scope,1,0,TRUE
342,QS087C,nvidia/nemotron-3-nano-omni,lean,QS-EA10,quant-scope,1,0,TRUE
343,QS088A,nvidia/nemotron-3-nano-omni,lean,QS-EA11,quant-scope,1,0,TRUE
343,QS088A,nvidia/nemotron-3-nano-omni,lean,QS-EA11,quant-scope,1,0,TRUE
343,QS088A,nvidia/nemotron-3-nano-omni,lean,QS-EA11,quant-scope,1,0,TRUE
343,QS088A,nvidia/nemotron-3-nano-omni,lean,QS-EA11,quant-scope,1,0,TRUE
343,QS088A,nvidia/nemotron-3-nano-omni,lean,QS-EA11,quant-scope,1,0,TRUE
343,QS088A,nvidia/nemotron-3-nano-omni,lean,QS-EA11,quant-scope,1,0,TRUE
344,QS089B,nvidia/nemotron-3-nano-omni,lean,QS-EA11,quant-scope,1,0,FALSE
344,QS089B,nvidia/nemotron-3-nano-omni,lean,QS-EA11,quant-scope,1,0,FALSE
344,QS089B,nvidia/nemotron-3-nano-omni,lean,QS-EA11,quant-scope,1,0,FALSE
344,QS089B,nvidia/nemotron-3-nano-omni,lean,QS-EA11,quant-scope,1,0,FALSE
344,QS089B,nvidia/nemotron-3-nano-omni,lean,QS-EA11,quant-scope,1,0,FALSE
344,QS089B,nvidia/nemotron-3-nano-omni,lean,QS-EA11,quant-scope,1,0,FALSE
345,QS090C,nvidia/nemotron-3-nano-omni,lean,QS-EA11,quant-scope,1,0,TRUE
345,QS090C,nvidia/nemotron-3-nano-omni,lean,QS-EA11,quant-scope,1,0,TRUE
345,QS090C,nvidia/nemotron-3-nano-omni,lean,QS-EA11,quant-scope,1,0,TRUE
345,QS090C,nvidia/nemotron-3-nano-omni,lean,QS-EA11,quant-scope,1,0,TRUE
345,QS090C,nvidia/nemotron-3-nano-omni,lean,QS-EA11,quant-scope,1,0,TRUE
345,QS090C,nvidia/nemotron-3-nano-omni,lean,QS-EA11,quant-scope,1,0,TRUE
346,QS091A,nvidia/nemotron-3-nano-omni,lean,QS-EA12,quant-scope,1,0,TRUE
346,QS091A,nvidia/nemotron-3-nano-omni,lean,QS-EA12,quant-scope,1,0,TRUE
346,QS091A,nvidia/nemotron-3-nano-omni,lean,QS-EA12,quant-scope,1,0,TRUE
346,QS091A,nvidia/nemotron-3-nano-omni,lean,QS-EA12,quant-scope,1,0,TRUE
346,QS091A,nvidia/nemotron-3-nano-omni,lean,QS-EA12,quant-scope,1,0,TRUE
346,QS091A,nvidia/nemotron-3-nano-omni,lean,QS-EA12,quant-scope,1,0,TRUE
347,QS092B,nvidia/nemotron-3-nano-omni,lean,QS-EA12,quant-scope,1,0,FALSE
347,QS092B,nvidia/nemotron-3-nano-omni,lean,QS-EA12,quant-scope,1,0,FALSE
347,QS092B,nvidia/nemotron-3-nano-omni,lean,QS-EA12,quant-scope,1,0,FALSE
347,QS092B,nvidia/nemotron-3-nano-omni,lean,QS-EA12,quant-scope,1,0,FALSE
347,QS092B,nvidia/nemotron-3-nano-omni,lean,QS-EA12,quant-scope,1,0,FALSE
347,QS092B,nvidia/nemotron-3-nano-omni,lean,QS-EA12,quant-scope,1,0,FALSE
348,QS093C,nvidia/nemotron-3-nano-omni,lean,QS-EA12,quant-scope,1,0,TRUE
348,QS093C,nvidia/nemotron-3-nano-omni,lean,QS-EA12,quant-scope,1,0,TRUE
348,QS093C,nvidia/nemotron-3-nano-omni,lean,QS-EA12,quant-scope,1,0,TRUE
348,QS093C,nvidia/nemotron-3-nano-omni,lean,QS-EA12,quant-scope,1,0,TRUE
348,QS093C,nvidia/nemotron-3-nano-omni,lean,QS-EA12,quant-scope,1,0,TRUE
348,QS093C,nvidia/nemotron-3-nano-omni,lean,QS-EA12,quant-scope,1,0,TRUE
349,QS094A,nvidia/nemotron-3-nano-omni,lean,QS-EA13,quant-scope,1,0,TRUE
349,QS094A,nvidia/nemotron-3-nano-omni,lean,QS-EA13,quant-scope,1,0,TRUE
349,QS094A,nvidia/nemotron-3-nano-omni,lean,QS-EA13,quant-scope,1,0,TRUE
349,QS094A,nvidia/nemotron-3-nano-omni,lean,QS-EA13,quant-scope,1,0,TRUE
349,QS094A,nvidia/nemotron-3-nano-omni,lean,QS-EA13,quant-scope,1,0,TRUE
349,QS094A,nvidia/nemotron-3-nano-omni,lean,QS-EA13,quant-scope,1,0,TRUE
350,QS095B,nvidia/nemotron-3-nano-omni,lean,QS-EA13,quant-scope,1,0,FALSE
350,QS095B,nvidia/nemotron-3-nano-omni,lean,QS-EA13,quant-scope,1,0,FALSE
350,QS095B,nvidia/nemotron-3-nano-omni,lean,QS-EA13,quant-scope,1,0,FALSE
350,QS095B,nvidia/nemotron-3-nano-omni,lean,QS-EA13,quant-scope,1,0,FALSE
350,QS095B,nvidia/nemotron-3-nano-omni,lean,QS-EA13,quant-scope,1,0,FALSE
350,QS095B,nvidia/nemotron-3-nano-omni,lean,QS-EA13,quant-scope,1,0,FALSE
351,QS096C,nvidia/nemotron-3-nano-omni,lean,QS-EA13,quant-scope,1,0,TRUE
351,QS096C,nvidia/nemotron-3-nano-omni,lean,QS-EA13,quant-scope,1,0,TRUE
351,QS096C,nvidia/nemotron-3-nano-omni,lean,QS-EA13,quant-scope,1,0,TRUE
351,QS096C,nvidia/nemotron-3-nano-omni,lean,QS-EA13,quant-scope,1,0,TRUE
351,QS096C,nvidia/nemotron-3-nano-omni,lean,QS-EA13,quant-scope,1,0,TRUE
351,QS096C,nvidia/nemotron-3-nano-omni,lean,QS-EA13,quant-scope,1,0,TRUE
352,QS097A,nvidia/nemotron-3-nano-omni,lean,QS-EA14,quant-scope,1,0,TRUE
352,QS097A,nvidia/nemotron-3-nano-omni,lean,QS-EA14,quant-scope,1,0,TRUE
352,QS097A,nvidia/nemotron-3-nano-omni,lean,QS-EA14,quant-scope,1,0,TRUE
352,QS097A,nvidia/nemotron-3-nano-omni,lean,QS-EA14,quant-scope,1,0,TRUE
352,QS097A,nvidia/nemotron-3-nano-omni,lean,QS-EA14,quant-scope,1,0,TRUE
352,QS097A,nvidia/nemotron-3-nano-omni,lean,QS-EA14,quant-scope,1,0,TRUE
353,QS098B,nvidia/nemotron-3-nano-omni,lean,QS-EA14,quant-scope,1,0,FALSE
353,QS098B,nvidia/nemotron-3-nano-omni,lean,QS-EA14,quant-scope,1,0,FALSE
353,QS098B,nvidia/nemotron-3-nano-omni,lean,QS-EA14,quant-scope,1,0,FALSE
353,QS098B,nvidia/nemotron-3-nano-omni,lean,QS-EA14,quant-scope,1,0,FALSE
353,QS098B,nvidia/nemotron-3-nano-omni,lean,QS-EA14,quant-scope,1,0,FALSE
353,QS098B,nvidia/nemotron-3-nano-omni,lean,QS-EA14,quant-scope,1,0,FALSE
354,QS099C,nvidia/nemotron-3-nano-omni,lean,QS-EA14,quant-scope,1,0,TRUE
354,QS099C,nvidia/nemotron-3-nano-omni,lean,QS-EA14,quant-scope,1,0,TRUE
354,QS099C,nvidia/nemotron-3-nano-omni,lean,QS-EA14,quant-scope,1,0,TRUE
354,QS099C,nvidia/nemotron-3-nano-omni,lean,QS-EA14,quant-scope,1,0,TRUE
354,QS099C,nvidia/nemotron-3-nano-omni,lean,QS-EA14,quant-scope,1,0,TRUE
354,QS099C,nvidia/nemotron-3-nano-omni,lean,QS-EA14,quant-scope,1,0,TRUE
355,QS100A,nvidia/nemotron-3-nano-omni,lean,QS-EA15,quant-scope,1,0,TRUE
355,QS100A,nvidia/nemotron-3-nano-omni,lean,QS-EA15,quant-scope,1,0,TRUE
355,QS100A,nvidia/nemotron-3-nano-omni,lean,QS-EA15,quant-scope,1,0,TRUE
355,QS100A,nvidia/nemotron-3-nano-omni,lean,QS-EA15,quant-scope,1,0,TRUE
355,QS100A,nvidia/nemotron-3-nano-omni,lean,QS-EA15,quant-scope,1,0,TRUE
355,QS100A,nvidia/nemotron-3-nano-omni,lean,QS-EA15,quant-scope,1,0,TRUE
356,QS101B,nvidia/nemotron-3-nano-omni,lean,QS-EA15,quant-scope,1,0,FALSE
356,QS101B,nvidia/nemotron-3-nano-omni,lean,QS-EA15,quant-scope,1,0,FALSE
356,QS101B,nvidia/nemotron-3-nano-omni,lean,QS-EA15,quant-scope,1,0,FALSE
356,QS101B,nvidia/nemotron-3-nano-omni,lean,QS-EA15,quant-scope,1,0,FALSE
356,QS101B,nvidia/nemotron-3-nano-omni,lean,QS-EA15,quant-scope,1,0,FALSE
356,QS101B,nvidia/nemotron-3-nano-omni,lean,QS-EA15,quant-scope,1,0,FALSE
357,QS102C,nvidia/nemotron-3-nano-omni,lean,QS-EA15,quant-scope,1,0,TRUE
357,QS102C,nvidia/nemotron-3-nano-omni,lean,QS-EA15,quant-scope,1,0,TRUE
357,QS102C,nvidia/nemotron-3-nano-omni,lean,QS-EA15,quant-scope,1,0,TRUE
357,QS102C,nvidia/nemotron-3-nano-omni,lean,QS-EA15,quant-scope,1,0,TRUE
357,QS102C,nvidia/nemotron-3-nano-omni,lean,QS-EA15,quant-scope,1,0,TRUE
357,QS102C,nvidia/nemotron-3-nano-omni,lean,QS-EA15,quant-scope,1,0,TRUE
358,QS103A,nvidia/nemotron-3-nano-omni,lean,QS-EA16,quant-scope,1,0,TRUE
358,QS103A,nvidia/nemotron-3-nano-omni,lean,QS-EA16,quant-scope,1,0,TRUE
358,QS103A,nvidia/nemotron-3-nano-omni,lean,QS-EA16,quant-scope,1,0,TRUE
358,QS103A,nvidia/nemotron-3-nano-omni,lean,QS-EA16,quant-scope,1,0,TRUE
358,QS103A,nvidia/nemotron-3-nano-omni,lean,QS-EA16,quant-scope,1,0,TRUE
358,QS103A,nvidia/nemotron-3-nano-omni,lean,QS-EA16,quant-scope,1,0,TRUE
359,QS104B,nvidia/nemotron-3-nano-omni,lean,QS-EA16,quant-scope,1,0,FALSE
359,QS104B,nvidia/nemotron-3-nano-omni,lean,QS-EA16,quant-scope,1,0,FALSE
359,QS104B,nvidia/nemotron-3-nano-omni,lean,QS-EA16,quant-scope,1,0,FALSE
359,QS104B,nvidia/nemotron-3-nano-omni,lean,QS-EA16,quant-scope,1,0,FALSE
359,QS104B,nvidia/nemotron-3-nano-omni,lean,QS-EA16,quant-scope,1,0,FALSE
359,QS104B,nvidia/nemotron-3-nano-omni,lean,QS-EA16,quant-scope,1,0,FALSE
360,QS105C,nvidia/nemotron-3-nano-omni,lean,QS-EA16,quant-scope,1,0,TRUE
360,QS105C,nvidia/nemotron-3-nano-omni,lean,QS-EA16,quant-scope,1,0,TRUE
360,QS105C,nvidia/nemotron-3-nano-omni,lean,QS-EA16,quant-scope,1,0,TRUE
360,QS105C,nvidia/nemotron-3-nano-omni,lean,QS-EA16,quant-scope,1,0,TRUE
360,QS105C,nvidia/nemotron-3-nano-omni,lean,QS-EA16,quant-scope,1,0,TRUE
360,QS105C,nvidia/nemotron-3-nano-omni,lean,QS-EA16,quant-scope,1,0,TRUE
361,QS106A,nvidia/nemotron-3-nano-omni,lean,QS-EA17,quant-scope,1,0,TRUE
361,QS106A,nvidia/nemotron-3-nano-omni,lean,QS-EA17,quant-scope,1,0,TRUE
361,QS106A,nvidia/nemotron-3-nano-omni,lean,QS-EA17,quant-scope,1,0,TRUE
361,QS106A,nvidia/nemotron-3-nano-omni,lean,QS-EA17,quant-scope,1,0,TRUE
361,QS106A,nvidia/nemotron-3-nano-omni,lean,QS-EA17,quant-scope,1,0,TRUE
361,QS106A,nvidia/nemotron-3-nano-omni,lean,QS-EA17,quant-scope,1,0,TRUE
362,QS107B,nvidia/nemotron-3-nano-omni,lean,QS-EA17,quant-scope,1,0,FALSE
362,QS107B,nvidia/nemotron-3-nano-omni,lean,QS-EA17,quant-scope,1,0,FALSE
362,QS107B,nvidia/nemotron-3-nano-omni,lean,QS-EA17,quant-scope,1,0,FALSE
362,QS107B,nvidia/nemotron-3-nano-omni,lean,QS-EA17,quant-scope,1,0,FALSE
362,QS107B,nvidia/nemotron-3-nano-omni,lean,QS-EA17,quant-scope,1,0,FALSE
362,QS107B,nvidia/nemotron-3-nano-omni,lean,QS-EA17,quant-scope,1,0,FALSE
363,QS108C,nvidia/nemotron-3-nano-omni,lean,QS-EA17,quant-scope,1,0,TRUE
363,QS108C,nvidia/nemotron-3-nano-omni,lean,QS-EA17,quant-scope,1,0,TRUE
363,QS108C,nvidia/nemotron-3-nano-omni,lean,QS-EA17,quant-scope,1,0,TRUE
363,QS108C,nvidia/nemotron-3-nano-omni,lean,QS-EA17,quant-scope,1,0,TRUE
363,QS108C,nvidia/nemotron-3-nano-omni,lean,QS-EA17,quant-scope,1,0,TRUE
363,QS108C,nvidia/nemotron-3-nano-omni,lean,QS-EA17,quant-scope,1,0,TRUE
364,QS109A,nvidia/nemotron-3-nano-omni,lean,QS-EA18,quant-scope,1,0,TRUE
364,QS109A,nvidia/nemotron-3-nano-omni,lean,QS-EA18,quant-scope,1,0,TRUE
364,QS109A,nvidia/nemotron-3-nano-omni,lean,QS-EA18,quant-scope,1,0,TRUE
364,QS109A,nvidia/nemotron-3-nano-omni,lean,QS-EA18,quant-scope,1,0,TRUE
364,QS109A,nvidia/nemotron-3-nano-omni,lean,QS-EA18,quant-scope,1,0,TRUE
364,QS109A,nvidia/nemotron-3-nano-omni,lean,QS-EA18,quant-scope,1,0,TRUE
365,QS110B,nvidia/nemotron-3-nano-omni,lean,QS-EA18,quant-scope,1,0,FALSE
365,QS110B,nvidia/nemotron-3-nano-omni,lean,QS-EA18,quant-scope,1,0,FALSE
365,QS110B,nvidia/nemotron-3-nano-omni,lean,QS-EA18,quant-scope,1,0,FALSE
365,QS110B,nvidia/nemotron-3-nano-omni,lean,QS-EA18,quant-scope,1,0,FALSE
365,QS110B,nvidia/nemotron-3-nano-omni,lean,QS-EA18,quant-scope,1,0,FALSE
365,QS110B,nvidia/nemotron-3-nano-omni,lean,QS-EA18,quant-scope,1,0,FALSE
366,QS111C,nvidia/nemotron-3-nano-omni,lean,QS-EA18,quant-scope,1,0,TRUE
366,QS111C,nvidia/nemotron-3-nano-omni,lean,QS-EA18,quant-scope,1,0,TRUE
366,QS111C,nvidia/nemotron-3-nano-omni,lean,QS-EA18,quant-scope,1,0,TRUE
366,QS111C,nvidia/nemotron-3-nano-omni,lean,QS-EA18,quant-scope,1,0,TRUE
366,QS111C,nvidia/nemotron-3-nano-omni,lean,QS-EA18,quant-scope,1,0,TRUE
366,QS111C,nvidia/nemotron-3-nano-omni,lean,QS-EA18,quant-scope,1,0,TRUE
367,QS112A,nvidia/nemotron-3-nano-omni,lean,QS-EA19,quant-scope,1,0,TRUE
367,QS112A,nvidia/nemotron-3-nano-omni,lean,QS-EA19,quant-scope,1,0,TRUE
367,QS112A,nvidia/nemotron-3-nano-omni,lean,QS-EA19,quant-scope,1,0,TRUE
367,QS112A,nvidia/nemotron-3-nano-omni,lean,QS-EA19,quant-scope,1,0,TRUE
367,QS112A,nvidia/nemotron-3-nano-omni,lean,QS-EA19,quant-scope,1,0,TRUE
367,QS112A,nvidia/nemotron-3-nano-omni,lean,QS-EA19,quant-scope,1,0,TRUE
368,QS113B,nvidia/nemotron-3-nano-omni,lean,QS-EA19,quant-scope,1,0,FALSE
368,QS113B,nvidia/nemotron-3-nano-omni,lean,QS-EA19,quant-scope,1,0,FALSE
368,QS113B,nvidia/nemotron-3-nano-omni,lean,QS-EA19,quant-scope,1,0,FALSE
368,QS113B,nvidia/nemotron-3-nano-omni,lean,QS-EA19,quant-scope,1,0,FALSE
368,QS113B,nvidia/nemotron-3-nano-omni,lean,QS-EA19,quant-scope,1,0,FALSE
368,QS113B,nvidia/nemotron-3-nano-omni,lean,QS-EA19,quant-scope,1,0,FALSE
369,QS114C,nvidia/nemotron-3-nano-omni,lean,QS-EA19,quant-scope,1,0,TRUE
369,QS114C,nvidia/nemotron-3-nano-omni,lean,QS-EA19,quant-scope,1,0,TRUE
369,QS114C,nvidia/nemotron-3-nano-omni,lean,QS-EA19,quant-scope,1,0,TRUE
369,QS114C,nvidia/nemotron-3-nano-omni,lean,QS-EA19,quant-scope,1,0,TRUE
369,QS114C,nvidia/nemotron-3-nano-omni,lean,QS-EA19,quant-scope,1,0,TRUE
369,QS114C,nvidia/nemotron-3-nano-omni,lean,QS-EA19,quant-scope,1,0,TRUE
370,QS115A,nvidia/nemotron-3-nano-omni,lean,QS-EA20,quant-scope,1,0,TRUE
370,QS115A,nvidia/nemotron-3-nano-omni,lean,QS-EA20,quant-scope,1,0,TRUE
370,QS115A,nvidia/nemotron-3-nano-omni,lean,QS-EA20,quant-scope,1,0,TRUE
370,QS115A,nvidia/nemotron-3-nano-omni,lean,QS-EA20,quant-scope,1,0,TRUE
370,QS115A,nvidia/nemotron-3-nano-omni,lean,QS-EA20,quant-scope,1,0,TRUE
370,QS115A,nvidia/nemotron-3-nano-omni,lean,QS-EA20,quant-scope,1,0,TRUE
371,QS116B,nvidia/nemotron-3-nano-omni,lean,QS-EA20,quant-scope,1,0,FALSE
371,QS116B,nvidia/nemotron-3-nano-omni,lean,QS-EA20,quant-scope,1,0,FALSE
371,QS116B,nvidia/nemotron-3-nano-omni,lean,QS-EA20,quant-scope,1,0,FALSE
371,QS116B,nvidia/nemotron-3-nano-omni,lean,QS-EA20,quant-scope,1,0,FALSE
371,QS116B,nvidia/nemotron-3-nano-omni,lean,QS-EA20,quant-scope,1,0,FALSE
371,QS116B,nvidia/nemotron-3-nano-omni,lean,QS-EA20,quant-scope,1,0,FALSE
372,QS117C,nvidia/nemotron-3-nano-omni,lean,QS-EA20,quant-scope,1,0,TRUE
372,QS117C,nvidia/nemotron-3-nano-omni,lean,QS-EA20,quant-scope,1,0,TRUE
372,QS117C,nvidia/nemotron-3-nano-omni,lean,QS-EA20,quant-scope,1,0,TRUE
372,QS117C,nvidia/nemotron-3-nano-omni,lean,QS-EA20,quant-scope,1,0,TRUE
372,QS117C,nvidia/nemotron-3-nano-omni,lean,QS-EA20,quant-scope,1,0,TRUE
372,QS117C,nvidia/nemotron-3-nano-omni,lean,QS-EA20,quant-scope,1,0,TRUE
373,QS118A,nvidia/nemotron-3-nano-omni,lean,QS-NEG01,quant-scope,0,0,FALSE
373,QS118A,nvidia/nemotron-3-nano-omni,lean,QS-NEG01,quant-scope,0,0,FALSE
373,QS118A,nvidia/nemotron-3-nano-omni,lean,QS-NEG01,quant-scope,0,0,FALSE
373,QS118A,nvidia/nemotron-3-nano-omni,lean,QS-NEG01,quant-scope,0,0,FALSE
373,QS118A,nvidia/nemotron-3-nano-omni,lean,QS-NEG01,quant-scope,0,0,FALSE
373,QS118A,nvidia/nemotron-3-nano-omni,lean,QS-NEG01,quant-scope,0,0,FALSE
374,QS119B,nvidia/nemotron-3-nano-omni,lean,QS-NEG01,quant-scope,1,0,FALSE
374,QS119B,nvidia/nemotron-3-nano-omni,lean,QS-NEG01,quant-scope,1,0,FALSE
374,QS119B,nvidia/nemotron-3-nano-omni,lean,QS-NEG01,quant-scope,1,0,FALSE
374,QS119B,nvidia/nemotron-3-nano-omni,lean,QS-NEG01,quant-scope,1,0,FALSE
374,QS119B,nvidia/nemotron-3-nano-omni,lean,QS-NEG01,quant-scope,1,0,FALSE
374,QS119B,nvidia/nemotron-3-nano-omni,lean,QS-NEG01,quant-scope,1,0,FALSE
375,QS120A,nvidia/nemotron-3-nano-omni,lean,QS-NEG02,quant-scope,0,0,FALSE
375,QS120A,nvidia/nemotron-3-nano-omni,lean,QS-NEG02,quant-scope,0,0,FALSE
375,QS120A,nvidia/nemotron-3-nano-omni,lean,QS-NEG02,quant-scope,0,0,FALSE
375,QS120A,nvidia/nemotron-3-nano-omni,lean,QS-NEG02,quant-scope,0,0,FALSE
375,QS120A,nvidia/nemotron-3-nano-omni,lean,QS-NEG02,quant-scope,0,0,FALSE
375,QS120A,nvidia/nemotron-3-nano-omni,lean,QS-NEG02,quant-scope,0,0,FALSE
376,QS121B,nvidia/nemotron-3-nano-omni,lean,QS-NEG02,quant-scope,1,0,FALSE
376,QS121B,nvidia/nemotron-3-nano-omni,lean,QS-NEG02,quant-scope,1,0,FALSE
376,QS121B,nvidia/nemotron-3-nano-omni,lean,QS-NEG02,quant-scope,1,0,FALSE
376,QS121B,nvidia/nemotron-3-nano-omni,lean,QS-NEG02,quant-scope,1,0,FALSE
376,QS121B,nvidia/nemotron-3-nano-omni,lean,QS-NEG02,quant-scope,1,0,FALSE
376,QS121B,nvidia/nemotron-3-nano-omni,lean,QS-NEG02,quant-scope,1,0,FALSE
377,QS122A,nvidia/nemotron-3-nano-omni,lean,QS-NEG03,quant-scope,1,0,FALSE
377,QS122A,nvidia/nemotron-3-nano-omni,lean,QS-NEG03,quant-scope,1,0,FALSE
377,QS122A,nvidia/nemotron-3-nano-omni,lean,QS-NEG03,quant-scope,1,0,FALSE
377,QS122A,nvidia/nemotron-3-nano-omni,lean,QS-NEG03,quant-scope,1,0,FALSE
377,QS122A,nvidia/nemotron-3-nano-omni,lean,QS-NEG03,quant-scope,1,0,FALSE
377,QS122A,nvidia/nemotron-3-nano-omni,lean,QS-NEG03,quant-scope,1,0,FALSE
378,QS123B,nvidia/nemotron-3-nano-omni,lean,QS-NEG03,quant-scope,1,0,FALSE
378,QS123B,nvidia/nemotron-3-nano-omni,lean,QS-NEG03,quant-scope,1,0,FALSE
378,QS123B,nvidia/nemotron-3-nano-omni,lean,QS-NEG03,quant-scope,1,0,FALSE
378,QS123B,nvidia/nemotron-3-nano-omni,lean,QS-NEG03,quant-scope,1,0,FALSE
378,QS123B,nvidia/nemotron-3-nano-omni,lean,QS-NEG03,quant-scope,1,0,FALSE
378,QS123B,nvidia/nemotron-3-nano-omni,lean,QS-NEG03,quant-scope,1,0,FALSE
379,QS124A,nvidia/nemotron-3-nano-omni,lean,QS-NEG04,quant-scope,0,0,FALSE
379,QS124A,nvidia/nemotron-3-nano-omni,lean,QS-NEG04,quant-scope,0,0,FALSE
379,QS124A,nvidia/nemotron-3-nano-omni,lean,QS-NEG04,quant-scope,0,0,FALSE
379,QS124A,nvidia/nemotron-3-nano-omni,lean,QS-NEG04,quant-scope,0,0,FALSE
379,QS124A,nvidia/nemotron-3-nano-omni,lean,QS-NEG04,quant-scope,0,0,FALSE
379,QS124A,nvidia/nemotron-3-nano-omni,lean,QS-NEG04,quant-scope,0,0,FALSE
380,QS125B,nvidia/nemotron-3-nano-omni,lean,QS-NEG04,quant-scope,1,0,FALSE
380,QS125B,nvidia/nemotron-3-nano-omni,lean,QS-NEG04,quant-scope,1,0,FALSE
380,QS125B,nvidia/nemotron-3-nano-omni,lean,QS-NEG04,quant-scope,1,0,FALSE
380,QS125B,nvidia/nemotron-3-nano-omni,lean,QS-NEG04,quant-scope,1,0,FALSE
380,QS125B,nvidia/nemotron-3-nano-omni,lean,QS-NEG04,quant-scope,1,0,FALSE
380,QS125B,nvidia/nemotron-3-nano-omni,lean,QS-NEG04,quant-scope,1,0,FALSE
381,DF001A,nvidia/nemotron-3-nano-omni,lean,DF-01,defeasible,1,0,HOLDS
381,DF001A,nvidia/nemotron-3-nano-omni,lean,DF-01,defeasible,1,0,HOLDS
381,DF001A,nvidia/nemotron-3-nano-omni,lean,DF-01,defeasible,1,0,HOLDS
381,DF001A,nvidia/nemotron-3-nano-omni,lean,DF-01,defeasible,1,0,HOLDS
381,DF001A,nvidia/nemotron-3-nano-omni,lean,DF-01,defeasible,1,0,HOLDS
381,DF001A,nvidia/nemotron-3-nano-omni,lean,DF-01,defeasible,1,0,HOLDS
382,DF001B,nvidia/nemotron-3-nano-omni,lean,DF-01,defeasible,1,0,DEFEATED
382,DF001B,nvidia/nemotron-3-nano-omni,lean,DF-01,defeasible,1,0,DEFEATED
382,DF001B,nvidia/nemotron-3-nano-omni,lean,DF-01,defeasible,1,0,DEFEATED
382,DF001B,nvidia/nemotron-3-nano-omni,lean,DF-01,defeasible,1,0,DEFEATED
382,DF001B,nvidia/nemotron-3-nano-omni,lean,DF-01,defeasible,1,0,DEFEATED
382,DF001B,nvidia/nemotron-3-nano-omni,lean,DF-01,defeasible,1,0,DEFEATED
383,DF001C,nvidia/nemotron-3-nano-omni,lean,DF-01,defeasible,1,0,HOLDS
383,DF001C,nvidia/nemotron-3-nano-omni,lean,DF-01,defeasible,1,0,HOLDS
383,DF001C,nvidia/nemotron-3-nano-omni,lean,DF-01,defeasible,1,0,HOLDS
383,DF001C,nvidia/nemotron-3-nano-omni,lean,DF-01,defeasible,1,0,HOLDS
383,DF001C,nvidia/nemotron-3-nano-omni,lean,DF-01,defeasible,1,0,HOLDS
383,DF001C,nvidia/nemotron-3-nano-omni,lean,DF-01,defeasible,1,0,HOLDS
384,DF002A,nvidia/nemotron-3-nano-omni,lean,DF-02,defeasible,1,0,HOLDS
384,DF002A,nvidia/nemotron-3-nano-omni,lean,DF-02,defeasible,1,0,HOLDS
384,DF002A,nvidia/nemotron-3-nano-omni,lean,DF-02,defeasible,1,0,HOLDS
384,DF002A,nvidia/nemotron-3-nano-omni,lean,DF-02,defeasible,1,0,HOLDS
384,DF002A,nvidia/nemotron-3-nano-omni,lean,DF-02,defeasible,1,0,HOLDS
384,DF002A,nvidia/nemotron-3-nano-omni,lean,DF-02,defeasible,1,0,HOLDS
385,DF002B,nvidia/nemotron-3-nano-omni,lean,DF-02,defeasible,1,0,DEFEATED
385,DF002B,nvidia/nemotron-3-nano-omni,lean,DF-02,defeasible,1,0,DEFEATED
385,DF002B,nvidia/nemotron-3-nano-omni,lean,DF-02,defeasible,1,0,DEFEATED
385,DF002B,nvidia/nemotron-3-nano-omni,lean,DF-02,defeasible,1,0,DEFEATED
385,DF002B,nvidia/nemotron-3-nano-omni,lean,DF-02,defeasible,1,0,DEFEATED
385,DF002B,nvidia/nemotron-3-nano-omni,lean,DF-02,defeasible,1,0,DEFEATED
386,DF002C,nvidia/nemotron-3-nano-omni,lean,DF-02,defeasible,1,0,HOLDS
386,DF002C,nvidia/nemotron-3-nano-omni,lean,DF-02,defeasible,1,0,HOLDS
386,DF002C,nvidia/nemotron-3-nano-omni,lean,DF-02,defeasible,1,0,HOLDS
386,DF002C,nvidia/nemotron-3-nano-omni,lean,DF-02,defeasible,1,0,HOLDS
386,DF002C,nvidia/nemotron-3-nano-omni,lean,DF-02,defeasible,1,0,HOLDS
386,DF002C,nvidia/nemotron-3-nano-omni,lean,DF-02,defeasible,1,0,HOLDS
387,DF003A,nvidia/nemotron-3-nano-omni,lean,DF-03,defeasible,1,0,HOLDS
387,DF003A,nvidia/nemotron-3-nano-omni,lean,DF-03,defeasible,1,0,HOLDS
387,DF003A,nvidia/nemotron-3-nano-omni,lean,DF-03,defeasible,1,0,HOLDS
387,DF003A,nvidia/nemotron-3-nano-omni,lean,DF-03,defeasible,1,0,HOLDS
387,DF003A,nvidia/nemotron-3-nano-omni,lean,DF-03,defeasible,1,0,HOLDS
387,DF003A,nvidia/nemotron-3-nano-omni,lean,DF-03,defeasible,1,0,HOLDS
388,DF003B,nvidia/nemotron-3-nano-omni,lean,DF-03,defeasible,1,0,DEFEATED
388,DF003B,nvidia/nemotron-3-nano-omni,lean,DF-03,defeasible,1,0,DEFEATED
388,DF003B,nvidia/nemotron-3-nano-omni,lean,DF-03,defeasible,1,0,DEFEATED
388,DF003B,nvidia/nemotron-3-nano-omni,lean,DF-03,defeasible,1,0,DEFEATED
388,DF003B,nvidia/nemotron-3-nano-omni,lean,DF-03,defeasible,1,0,DEFEATED
388,DF003B,nvidia/nemotron-3-nano-omni,lean,DF-03,defeasible,1,0,DEFEATED
389,DF003C,nvidia/nemotron-3-nano-omni,lean,DF-03,defeasible,1,0,HOLDS
389,DF003C,nvidia/nemotron-3-nano-omni,lean,DF-03,defeasible,1,0,HOLDS
389,DF003C,nvidia/nemotron-3-nano-omni,lean,DF-03,defeasible,1,0,HOLDS
389,DF003C,nvidia/nemotron-3-nano-omni,lean,DF-03,defeasible,1,0,HOLDS
389,DF003C,nvidia/nemotron-3-nano-omni,lean,DF-03,defeasible,1,0,HOLDS
389,DF003C,nvidia/nemotron-3-nano-omni,lean,DF-03,defeasible,1,0,HOLDS
390,DF004A,nvidia/nemotron-3-nano-omni,lean,DF-04,defeasible,1,0,HOLDS
390,DF004A,nvidia/nemotron-3-nano-omni,lean,DF-04,defeasible,1,0,HOLDS
390,DF004A,nvidia/nemotron-3-nano-omni,lean,DF-04,defeasible,1,0,HOLDS
390,DF004A,nvidia/nemotron-3-nano-omni,lean,DF-04,defeasible,1,0,HOLDS
390,DF004A,nvidia/nemotron-3-nano-omni,lean,DF-04,defeasible,1,0,HOLDS
390,DF004A,nvidia/nemotron-3-nano-omni,lean,DF-04,defeasible,1,0,HOLDS
391,DF004B,nvidia/nemotron-3-nano-omni,lean,DF-04,defeasible,1,0,DEFEATED
391,DF004B,nvidia/nemotron-3-nano-omni,lean,DF-04,defeasible,1,0,DEFEATED
391,DF004B,nvidia/nemotron-3-nano-omni,lean,DF-04,defeasible,1,0,DEFEATED
391,DF004B,nvidia/nemotron-3-nano-omni,lean,DF-04,defeasible,1,0,DEFEATED
391,DF004B,nvidia/nemotron-3-nano-omni,lean,DF-04,defeasible,1,0,DEFEATED
391,DF004B,nvidia/nemotron-3-nano-omni,lean,DF-04,defeasible,1,0,DEFEATED
392,DF004C,nvidia/nemotron-3-nano-omni,lean,DF-04,defeasible,1,0,HOLDS
392,DF004C,nvidia/nemotron-3-nano-omni,lean,DF-04,defeasible,1,0,HOLDS
392,DF004C,nvidia/nemotron-3-nano-omni,lean,DF-04,defeasible,1,0,HOLDS
392,DF004C,nvidia/nemotron-3-nano-omni,lean,DF-04,defeasible,1,0,HOLDS
392,DF004C,nvidia/nemotron-3-nano-omni,lean,DF-04,defeasible,1,0,HOLDS
392,DF004C,nvidia/nemotron-3-nano-omni,lean,DF-04,defeasible,1,0,HOLDS
393,DF005A,nvidia/nemotron-3-nano-omni,lean,DF-05,defeasible,1,0,HOLDS
393,DF005A,nvidia/nemotron-3-nano-omni,lean,DF-05,defeasible,1,0,HOLDS
393,DF005A,nvidia/nemotron-3-nano-omni,lean,DF-05,defeasible,1,0,HOLDS
393,DF005A,nvidia/nemotron-3-nano-omni,lean,DF-05,defeasible,1,0,HOLDS
393,DF005A,nvidia/nemotron-3-nano-omni,lean,DF-05,defeasible,1,0,HOLDS
393,DF005A,nvidia/nemotron-3-nano-omni,lean,DF-05,defeasible,1,0,HOLDS
394,DF005B,nvidia/nemotron-3-nano-omni,lean,DF-05,defeasible,1,0,DEFEATED
394,DF005B,nvidia/nemotron-3-nano-omni,lean,DF-05,defeasible,1,0,DEFEATED
394,DF005B,nvidia/nemotron-3-nano-omni,lean,DF-05,defeasible,1,0,DEFEATED
394,DF005B,nvidia/nemotron-3-nano-omni,lean,DF-05,defeasible,1,0,DEFEATED
394,DF005B,nvidia/nemotron-3-nano-omni,lean,DF-05,defeasible,1,0,DEFEATED
394,DF005B,nvidia/nemotron-3-nano-omni,lean,DF-05,defeasible,1,0,DEFEATED
395,DF005C,nvidia/nemotron-3-nano-omni,lean,DF-05,defeasible,1,0,HOLDS
395,DF005C,nvidia/nemotron-3-nano-omni,lean,DF-05,defeasible,1,0,HOLDS
395,DF005C,nvidia/nemotron-3-nano-omni,lean,DF-05,defeasible,1,0,HOLDS
395,DF005C,nvidia/nemotron-3-nano-omni,lean,DF-05,defeasible,1,0,HOLDS
395,DF005C,nvidia/nemotron-3-nano-omni,lean,DF-05,defeasible,1,0,HOLDS
395,DF005C,nvidia/nemotron-3-nano-omni,lean,DF-05,defeasible,1,0,HOLDS
396,DF006A,nvidia/nemotron-3-nano-omni,lean,DF-06,defeasible,1,0,HOLDS
396,DF006A,nvidia/nemotron-3-nano-omni,lean,DF-06,defeasible,1,0,HOLDS
396,DF006A,nvidia/nemotron-3-nano-omni,lean,DF-06,defeasible,1,0,HOLDS
396,DF006A,nvidia/nemotron-3-nano-omni,lean,DF-06,defeasible,1,0,HOLDS
396,DF006A,nvidia/nemotron-3-nano-omni,lean,DF-06,defeasible,1,0,HOLDS
396,DF006A,nvidia/nemotron-3-nano-omni,lean,DF-06,defeasible,1,0,HOLDS
397,DF006B,nvidia/nemotron-3-nano-omni,lean,DF-06,defeasible,0,0,DEFEATED
397,DF006B,nvidia/nemotron-3-nano-omni,lean,DF-06,defeasible,0,0,DEFEATED
397,DF006B,nvidia/nemotron-3-nano-omni,lean,DF-06,defeasible,0,0,DEFEATED
397,DF006B,nvidia/nemotron-3-nano-omni,lean,DF-06,defeasible,0,0,DEFEATED
397,DF006B,nvidia/nemotron-3-nano-omni,lean,DF-06,defeasible,0,0,DEFEATED
397,DF006B,nvidia/nemotron-3-nano-omni,lean,DF-06,defeasible,0,0,DEFEATED
398,DF006C,nvidia/nemotron-3-nano-omni,lean,DF-06,defeasible,1,0,HOLDS
398,DF006C,nvidia/nemotron-3-nano-omni,lean,DF-06,defeasible,1,0,HOLDS
398,DF006C,nvidia/nemotron-3-nano-omni,lean,DF-06,defeasible,1,0,HOLDS
398,DF006C,nvidia/nemotron-3-nano-omni,lean,DF-06,defeasible,1,0,HOLDS
398,DF006C,nvidia/nemotron-3-nano-omni,lean,DF-06,defeasible,1,0,HOLDS
398,DF006C,nvidia/nemotron-3-nano-omni,lean,DF-06,defeasible,1,0,HOLDS
399,DF007A,nvidia/nemotron-3-nano-omni,lean,DF-07,defeasible,1,0,HOLDS
399,DF007A,nvidia/nemotron-3-nano-omni,lean,DF-07,defeasible,1,0,HOLDS
399,DF007A,nvidia/nemotron-3-nano-omni,lean,DF-07,defeasible,1,0,HOLDS
399,DF007A,nvidia/nemotron-3-nano-omni,lean,DF-07,defeasible,1,0,HOLDS
399,DF007A,nvidia/nemotron-3-nano-omni,lean,DF-07,defeasible,1,0,HOLDS
399,DF007A,nvidia/nemotron-3-nano-omni,lean,DF-07,defeasible,1,0,HOLDS
400,DF007B,nvidia/nemotron-3-nano-omni,lean,DF-07,defeasible,1,0,DEFEATED
400,DF007B,nvidia/nemotron-3-nano-omni,lean,DF-07,defeasible,1,0,DEFEATED
400,DF007B,nvidia/nemotron-3-nano-omni,lean,DF-07,defeasible,1,0,DEFEATED
400,DF007B,nvidia/nemotron-3-nano-omni,lean,DF-07,defeasible,1,0,DEFEATED
400,DF007B,nvidia/nemotron-3-nano-omni,lean,DF-07,defeasible,1,0,DEFEATED
400,DF007B,nvidia/nemotron-3-nano-omni,lean,DF-07,defeasible,1,0,DEFEATED
401,DF007C,nvidia/nemotron-3-nano-omni,lean,DF-07,defeasible,1,0,HOLDS
401,DF007C,nvidia/nemotron-3-nano-omni,lean,DF-07,defeasible,1,0,HOLDS
401,DF007C,nvidia/nemotron-3-nano-omni,lean,DF-07,defeasible,1,0,HOLDS
401,DF007C,nvidia/nemotron-3-nano-omni,lean,DF-07,defeasible,1,0,HOLDS
401,DF007C,nvidia/nemotron-3-nano-omni,lean,DF-07,defeasible,1,0,HOLDS
401,DF007C,nvidia/nemotron-3-nano-omni,lean,DF-07,defeasible,1,0,HOLDS
402,DF008A,nvidia/nemotron-3-nano-omni,lean,DF-08,defeasible,1,0,HOLDS
402,DF008A,nvidia/nemotron-3-nano-omni,lean,DF-08,defeasible,1,0,HOLDS
402,DF008A,nvidia/nemotron-3-nano-omni,lean,DF-08,defeasible,1,0,HOLDS
402,DF008A,nvidia/nemotron-3-nano-omni,lean,DF-08,defeasible,1,0,HOLDS
402,DF008A,nvidia/nemotron-3-nano-omni,lean,DF-08,defeasible,1,0,HOLDS
402,DF008A,nvidia/nemotron-3-nano-omni,lean,DF-08,defeasible,1,0,HOLDS
403,DF008B,nvidia/nemotron-3-nano-omni,lean,DF-08,defeasible,1,0,DEFEATED
403,DF008B,nvidia/nemotron-3-nano-omni,lean,DF-08,defeasible,1,0,DEFEATED
403,DF008B,nvidia/nemotron-3-nano-omni,lean,DF-08,defeasible,1,0,DEFEATED
403,DF008B,nvidia/nemotron-3-nano-omni,lean,DF-08,defeasible,1,0,DEFEATED
403,DF008B,nvidia/nemotron-3-nano-omni,lean,DF-08,defeasible,1,0,DEFEATED
403,DF008B,nvidia/nemotron-3-nano-omni,lean,DF-08,defeasible,1,0,DEFEATED
404,DF008C,nvidia/nemotron-3-nano-omni,lean,DF-08,defeasible,1,0,HOLDS
404,DF008C,nvidia/nemotron-3-nano-omni,lean,DF-08,defeasible,1,0,HOLDS
404,DF008C,nvidia/nemotron-3-nano-omni,lean,DF-08,defeasible,1,0,HOLDS
404,DF008C,nvidia/nemotron-3-nano-omni,lean,DF-08,defeasible,1,0,HOLDS
404,DF008C,nvidia/nemotron-3-nano-omni,lean,DF-08,defeasible,1,0,HOLDS
404,DF008C,nvidia/nemotron-3-nano-omni,lean,DF-08,defeasible,1,0,HOLDS
405,DF009A,nvidia/nemotron-3-nano-omni,lean,DF-09,defeasible,1,0,HOLDS
405,DF009A,nvidia/nemotron-3-nano-omni,lean,DF-09,defeasible,1,0,HOLDS
405,DF009A,nvidia/nemotron-3-nano-omni,lean,DF-09,defeasible,1,0,HOLDS
405,DF009A,nvidia/nemotron-3-nano-omni,lean,DF-09,defeasible,1,0,HOLDS
405,DF009A,nvidia/nemotron-3-nano-omni,lean,DF-09,defeasible,1,0,HOLDS
405,DF009A,nvidia/nemotron-3-nano-omni,lean,DF-09,defeasible,1,0,HOLDS
406,DF009B,nvidia/nemotron-3-nano-omni,lean,DF-09,defeasible,1,0,DEFEATED
406,DF009B,nvidia/nemotron-3-nano-omni,lean,DF-09,defeasible,1,0,DEFEATED
406,DF009B,nvidia/nemotron-3-nano-omni,lean,DF-09,defeasible,1,0,DEFEATED
406,DF009B,nvidia/nemotron-3-nano-omni,lean,DF-09,defeasible,1,0,DEFEATED
406,DF009B,nvidia/nemotron-3-nano-omni,lean,DF-09,defeasible,1,0,DEFEATED
406,DF009B,nvidia/nemotron-3-nano-omni,lean,DF-09,defeasible,1,0,DEFEATED
407,DF009C,nvidia/nemotron-3-nano-omni,lean,DF-09,defeasible,1,0,HOLDS
407,DF009C,nvidia/nemotron-3-nano-omni,lean,DF-09,defeasible,1,0,HOLDS
407,DF009C,nvidia/nemotron-3-nano-omni,lean,DF-09,defeasible,1,0,HOLDS
407,DF009C,nvidia/nemotron-3-nano-omni,lean,DF-09,defeasible,1,0,HOLDS
407,DF009C,nvidia/nemotron-3-nano-omni,lean,DF-09,defeasible,1,0,HOLDS
407,DF009C,nvidia/nemotron-3-nano-omni,lean,DF-09,defeasible,1,0,HOLDS
408,DF010A,nvidia/nemotron-3-nano-omni,lean,DF-10,defeasible,1,0,HOLDS
408,DF010A,nvidia/nemotron-3-nano-omni,lean,DF-10,defeasible,1,0,HOLDS
408,DF010A,nvidia/nemotron-3-nano-omni,lean,DF-10,defeasible,1,0,HOLDS
408,DF010A,nvidia/nemotron-3-nano-omni,lean,DF-10,defeasible,1,0,HOLDS
408,DF010A,nvidia/nemotron-3-nano-omni,lean,DF-10,defeasible,1,0,HOLDS
408,DF010A,nvidia/nemotron-3-nano-omni,lean,DF-10,defeasible,1,0,HOLDS
409,DF010B,nvidia/nemotron-3-nano-omni,lean,DF-10,defeasible,1,0,DEFEATED
409,DF010B,nvidia/nemotron-3-nano-omni,lean,DF-10,defeasible,1,0,DEFEATED
409,DF010B,nvidia/nemotron-3-nano-omni,lean,DF-10,defeasible,1,0,DEFEATED
409,DF010B,nvidia/nemotron-3-nano-omni,lean,DF-10,defeasible,1,0,DEFEATED
409,DF010B,nvidia/nemotron-3-nano-omni,lean,DF-10,defeasible,1,0,DEFEATED
409,DF010B,nvidia/nemotron-3-nano-omni,lean,DF-10,defeasible,1,0,DEFEATED
410,DF010C,nvidia/nemotron-3-nano-omni,lean,DF-10,defeasible,1,0,HOLDS
410,DF010C,nvidia/nemotron-3-nano-omni,lean,DF-10,defeasible,1,0,HOLDS
410,DF010C,nvidia/nemotron-3-nano-omni,lean,DF-10,defeasible,1,0,HOLDS
410,DF010C,nvidia/nemotron-3-nano-omni,lean,DF-10,defeasible,1,0,HOLDS
410,DF010C,nvidia/nemotron-3-nano-omni,lean,DF-10,defeasible,1,0,HOLDS
410,DF010C,nvidia/nemotron-3-nano-omni,lean,DF-10,defeasible,1,0,HOLDS
411,DF011A,nvidia/nemotron-3-nano-omni,lean,DF-11,defeasible,0,0,HOLDS
411,DF011A,nvidia/nemotron-3-nano-omni,lean,DF-11,defeasible,0,0,HOLDS
411,DF011A,nvidia/nemotron-3-nano-omni,lean,DF-11,defeasible,0,0,HOLDS
411,DF011A,nvidia/nemotron-3-nano-omni,lean,DF-11,defeasible,0,0,HOLDS
411,DF011A,nvidia/nemotron-3-nano-omni,lean,DF-11,defeasible,0,0,HOLDS
411,DF011A,nvidia/nemotron-3-nano-omni,lean,DF-11,defeasible,0,0,HOLDS
412,DF011B,nvidia/nemotron-3-nano-omni,lean,DF-11,defeasible,1,0,DEFEATED
412,DF011B,nvidia/nemotron-3-nano-omni,lean,DF-11,defeasible,1,0,DEFEATED
412,DF011B,nvidia/nemotron-3-nano-omni,lean,DF-11,defeasible,1,0,DEFEATED
412,DF011B,nvidia/nemotron-3-nano-omni,lean,DF-11,defeasible,1,0,DEFEATED
412,DF011B,nvidia/nemotron-3-nano-omni,lean,DF-11,defeasible,1,0,DEFEATED
412,DF011B,nvidia/nemotron-3-nano-omni,lean,DF-11,defeasible,1,0,DEFEATED
413,DF011C,nvidia/nemotron-3-nano-omni,lean,DF-11,defeasible,1,0,HOLDS
413,DF011C,nvidia/nemotron-3-nano-omni,lean,DF-11,defeasible,1,0,HOLDS
413,DF011C,nvidia/nemotron-3-nano-omni,lean,DF-11,defeasible,1,0,HOLDS
413,DF011C,nvidia/nemotron-3-nano-omni,lean,DF-11,defeasible,1,0,HOLDS
413,DF011C,nvidia/nemotron-3-nano-omni,lean,DF-11,defeasible,1,0,HOLDS
413,DF011C,nvidia/nemotron-3-nano-omni,lean,DF-11,defeasible,1,0,HOLDS
414,DF012A,nvidia/nemotron-3-nano-omni,lean,DF-12,defeasible,0,0,HOLDS
414,DF012A,nvidia/nemotron-3-nano-omni,lean,DF-12,defeasible,0,0,HOLDS
414,DF012A,nvidia/nemotron-3-nano-omni,lean,DF-12,defeasible,0,0,HOLDS
414,DF012A,nvidia/nemotron-3-nano-omni,lean,DF-12,defeasible,0,0,HOLDS
414,DF012A,nvidia/nemotron-3-nano-omni,lean,DF-12,defeasible,0,0,HOLDS
414,DF012A,nvidia/nemotron-3-nano-omni,lean,DF-12,defeasible,0,0,HOLDS
415,DF012B,nvidia/nemotron-3-nano-omni,lean,DF-12,defeasible,1,0,DEFEATED
415,DF012B,nvidia/nemotron-3-nano-omni,lean,DF-12,defeasible,1,0,DEFEATED
415,DF012B,nvidia/nemotron-3-nano-omni,lean,DF-12,defeasible,1,0,DEFEATED
415,DF012B,nvidia/nemotron-3-nano-omni,lean,DF-12,defeasible,1,0,DEFEATED
415,DF012B,nvidia/nemotron-3-nano-omni,lean,DF-12,defeasible,1,0,DEFEATED
415,DF012B,nvidia/nemotron-3-nano-omni,lean,DF-12,defeasible,1,0,DEFEATED
416,DF012C,nvidia/nemotron-3-nano-omni,lean,DF-12,defeasible,1,0,HOLDS
416,DF012C,nvidia/nemotron-3-nano-omni,lean,DF-12,defeasible,1,0,HOLDS
416,DF012C,nvidia/nemotron-3-nano-omni,lean,DF-12,defeasible,1,0,HOLDS
416,DF012C,nvidia/nemotron-3-nano-omni,lean,DF-12,defeasible,1,0,HOLDS
416,DF012C,nvidia/nemotron-3-nano-omni,lean,DF-12,defeasible,1,0,HOLDS
416,DF012C,nvidia/nemotron-3-nano-omni,lean,DF-12,defeasible,1,0,HOLDS
417,DF013A,nvidia/nemotron-3-nano-omni,lean,DF-13,defeasible,1,0,HOLDS
417,DF013A,nvidia/nemotron-3-nano-omni,lean,DF-13,defeasible,1,0,HOLDS
417,DF013A,nvidia/nemotron-3-nano-omni,lean,DF-13,defeasible,1,0,HOLDS
417,DF013A,nvidia/nemotron-3-nano-omni,lean,DF-13,defeasible,1,0,HOLDS
417,DF013A,nvidia/nemotron-3-nano-omni,lean,DF-13,defeasible,1,0,HOLDS
417,DF013A,nvidia/nemotron-3-nano-omni,lean,DF-13,defeasible,1,0,HOLDS
418,DF013B,nvidia/nemotron-3-nano-omni,lean,DF-13,defeasible,0,0,DEFEATED
418,DF013B,nvidia/nemotron-3-nano-omni,lean,DF-13,defeasible,0,0,DEFEATED
418,DF013B,nvidia/nemotron-3-nano-omni,lean,DF-13,defeasible,0,0,DEFEATED
418,DF013B,nvidia/nemotron-3-nano-omni,lean,DF-13,defeasible,0,0,DEFEATED
418,DF013B,nvidia/nemotron-3-nano-omni,lean,DF-13,defeasible,0,0,DEFEATED
418,DF013B,nvidia/nemotron-3-nano-omni,lean,DF-13,defeasible,0,0,DEFEATED
419,DF013C,nvidia/nemotron-3-nano-omni,lean,DF-13,defeasible,1,0,HOLDS
419,DF013C,nvidia/nemotron-3-nano-omni,lean,DF-13,defeasible,1,0,HOLDS
419,DF013C,nvidia/nemotron-3-nano-omni,lean,DF-13,defeasible,1,0,HOLDS
419,DF013C,nvidia/nemotron-3-nano-omni,lean,DF-13,defeasible,1,0,HOLDS
419,DF013C,nvidia/nemotron-3-nano-omni,lean,DF-13,defeasible,1,0,HOLDS
419,DF013C,nvidia/nemotron-3-nano-omni,lean,DF-13,defeasible,1,0,HOLDS
420,DF014A,nvidia/nemotron-3-nano-omni,lean,DF-14,defeasible,1,0,HOLDS
420,DF014A,nvidia/nemotron-3-nano-omni,lean,DF-14,defeasible,1,0,HOLDS
420,DF014A,nvidia/nemotron-3-nano-omni,lean,DF-14,defeasible,1,0,HOLDS
420,DF014A,nvidia/nemotron-3-nano-omni,lean,DF-14,defeasible,1,0,HOLDS
420,DF014A,nvidia/nemotron-3-nano-omni,lean,DF-14,defeasible,1,0,HOLDS
420,DF014A,nvidia/nemotron-3-nano-omni,lean,DF-14,defeasible,1,0,HOLDS
421,DF014B,nvidia/nemotron-3-nano-omni,lean,DF-14,defeasible,1,0,DEFEATED
421,DF014B,nvidia/nemotron-3-nano-omni,lean,DF-14,defeasible,1,0,DEFEATED
421,DF014B,nvidia/nemotron-3-nano-omni,lean,DF-14,defeasible,1,0,DEFEATED
421,DF014B,nvidia/nemotron-3-nano-omni,lean,DF-14,defeasible,1,0,DEFEATED
421,DF014B,nvidia/nemotron-3-nano-omni,lean,DF-14,defeasible,1,0,DEFEATED
421,DF014B,nvidia/nemotron-3-nano-omni,lean,DF-14,defeasible,1,0,DEFEATED
422,DF014C,nvidia/nemotron-3-nano-omni,lean,DF-14,defeasible,1,0,HOLDS
422,DF014C,nvidia/nemotron-3-nano-omni,lean,DF-14,defeasible,1,0,HOLDS
422,DF014C,nvidia/nemotron-3-nano-omni,lean,DF-14,defeasible,1,0,HOLDS
422,DF014C,nvidia/nemotron-3-nano-omni,lean,DF-14,defeasible,1,0,HOLDS
422,DF014C,nvidia/nemotron-3-nano-omni,lean,DF-14,defeasible,1,0,HOLDS
422,DF014C,nvidia/nemotron-3-nano-omni,lean,DF-14,defeasible,1,0,HOLDS
423,DF015A,nvidia/nemotron-3-nano-omni,lean,DF-15,defeasible,0,0,HOLDS
423,DF015A,nvidia/nemotron-3-nano-omni,lean,DF-15,defeasible,0,0,HOLDS
423,DF015A,nvidia/nemotron-3-nano-omni,lean,DF-15,defeasible,0,0,HOLDS
423,DF015A,nvidia/nemotron-3-nano-omni,lean,DF-15,defeasible,0,0,HOLDS
423,DF015A,nvidia/nemotron-3-nano-omni,lean,DF-15,defeasible,0,0,HOLDS
423,DF015A,nvidia/nemotron-3-nano-omni,lean,DF-15,defeasible,0,0,HOLDS
424,DF015B,nvidia/nemotron-3-nano-omni,lean,DF-15,defeasible,1,0,DEFEATED
424,DF015B,nvidia/nemotron-3-nano-omni,lean,DF-15,defeasible,1,0,DEFEATED
424,DF015B,nvidia/nemotron-3-nano-omni,lean,DF-15,defeasible,1,0,DEFEATED
424,DF015B,nvidia/nemotron-3-nano-omni,lean,DF-15,defeasible,1,0,DEFEATED
424,DF015B,nvidia/nemotron-3-nano-omni,lean,DF-15,defeasible,1,0,DEFEATED
424,DF015B,nvidia/nemotron-3-nano-omni,lean,DF-15,defeasible,1,0,DEFEATED
425,DF015C,nvidia/nemotron-3-nano-omni,lean,DF-15,defeasible,1,0,HOLDS
425,DF015C,nvidia/nemotron-3-nano-omni,lean,DF-15,defeasible,1,0,HOLDS
425,DF015C,nvidia/nemotron-3-nano-omni,lean,DF-15,defeasible,1,0,HOLDS
425,DF015C,nvidia/nemotron-3-nano-omni,lean,DF-15,defeasible,1,0,HOLDS
425,DF015C,nvidia/nemotron-3-nano-omni,lean,DF-15,defeasible,1,0,HOLDS
425,DF015C,nvidia/nemotron-3-nano-omni,lean,DF-15,defeasible,1,0,HOLDS
426,DF016A,nvidia/nemotron-3-nano-omni,lean,DF-16,defeasible,1,0,HOLDS
426,DF016A,nvidia/nemotron-3-nano-omni,lean,DF-16,defeasible,1,0,HOLDS
426,DF016A,nvidia/nemotron-3-nano-omni,lean,DF-16,defeasible,1,0,HOLDS
426,DF016A,nvidia/nemotron-3-nano-omni,lean,DF-16,defeasible,1,0,HOLDS
426,DF016A,nvidia/nemotron-3-nano-omni,lean,DF-16,defeasible,1,0,HOLDS
426,DF016A,nvidia/nemotron-3-nano-omni,lean,DF-16,defeasible,1,0,HOLDS
427,DF016B,nvidia/nemotron-3-nano-omni,lean,DF-16,defeasible,1,0,DEFEATED
427,DF016B,nvidia/nemotron-3-nano-omni,lean,DF-16,defeasible,1,0,DEFEATED
427,DF016B,nvidia/nemotron-3-nano-omni,lean,DF-16,defeasible,1,0,DEFEATED
427,DF016B,nvidia/nemotron-3-nano-omni,lean,DF-16,defeasible,1,0,DEFEATED
427,DF016B,nvidia/nemotron-3-nano-omni,lean,DF-16,defeasible,1,0,DEFEATED
427,DF016B,nvidia/nemotron-3-nano-omni,lean,DF-16,defeasible,1,0,DEFEATED
428,DF016C,nvidia/nemotron-3-nano-omni,lean,DF-16,defeasible,1,0,HOLDS
428,DF016C,nvidia/nemotron-3-nano-omni,lean,DF-16,defeasible,1,0,HOLDS
428,DF016C,nvidia/nemotron-3-nano-omni,lean,DF-16,defeasible,1,0,HOLDS
428,DF016C,nvidia/nemotron-3-nano-omni,lean,DF-16,defeasible,1,0,HOLDS
428,DF016C,nvidia/nemotron-3-nano-omni,lean,DF-16,defeasible,1,0,HOLDS
428,DF016C,nvidia/nemotron-3-nano-omni,lean,DF-16,defeasible,1,0,HOLDS
429,DF017A,nvidia/nemotron-3-nano-omni,lean,DF-17,defeasible,1,0,HOLDS
429,DF017A,nvidia/nemotron-3-nano-omni,lean,DF-17,defeasible,1,0,HOLDS
429,DF017A,nvidia/nemotron-3-nano-omni,lean,DF-17,defeasible,1,0,HOLDS
429,DF017A,nvidia/nemotron-3-nano-omni,lean,DF-17,defeasible,1,0,HOLDS
429,DF017A,nvidia/nemotron-3-nano-omni,lean,DF-17,defeasible,1,0,HOLDS
429,DF017A,nvidia/nemotron-3-nano-omni,lean,DF-17,defeasible,1,0,HOLDS
430,DF017B,nvidia/nemotron-3-nano-omni,lean,DF-17,defeasible,1,0,DEFEATED
430,DF017B,nvidia/nemotron-3-nano-omni,lean,DF-17,defeasible,1,0,DEFEATED
430,DF017B,nvidia/nemotron-3-nano-omni,lean,DF-17,defeasible,1,0,DEFEATED
430,DF017B,nvidia/nemotron-3-nano-omni,lean,DF-17,defeasible,1,0,DEFEATED
430,DF017B,nvidia/nemotron-3-nano-omni,lean,DF-17,defeasible,1,0,DEFEATED
430,DF017B,nvidia/nemotron-3-nano-omni,lean,DF-17,defeasible,1,0,DEFEATED
431,DF017C,nvidia/nemotron-3-nano-omni,lean,DF-17,defeasible,1,0,HOLDS
431,DF017C,nvidia/nemotron-3-nano-omni,lean,DF-17,defeasible,1,0,HOLDS
431,DF017C,nvidia/nemotron-3-nano-omni,lean,DF-17,defeasible,1,0,HOLDS
431,DF017C,nvidia/nemotron-3-nano-omni,lean,DF-17,defeasible,1,0,HOLDS
431,DF017C,nvidia/nemotron-3-nano-omni,lean,DF-17,defeasible,1,0,HOLDS
431,DF017C,nvidia/nemotron-3-nano-omni,lean,DF-17,defeasible,1,0,HOLDS
432,DF018A,nvidia/nemotron-3-nano-omni,lean,DF-18,defeasible,1,0,HOLDS
432,DF018A,nvidia/nemotron-3-nano-omni,lean,DF-18,defeasible,1,0,HOLDS
432,DF018A,nvidia/nemotron-3-nano-omni,lean,DF-18,defeasible,1,0,HOLDS
432,DF018A,nvidia/nemotron-3-nano-omni,lean,DF-18,defeasible,1,0,HOLDS
432,DF018A,nvidia/nemotron-3-nano-omni,lean,DF-18,defeasible,1,0,HOLDS
432,DF018A,nvidia/nemotron-3-nano-omni,lean,DF-18,defeasible,1,0,HOLDS
433,DF018B,nvidia/nemotron-3-nano-omni,lean,DF-18,defeasible,1,0,DEFEATED
433,DF018B,nvidia/nemotron-3-nano-omni,lean,DF-18,defeasible,1,0,DEFEATED
433,DF018B,nvidia/nemotron-3-nano-omni,lean,DF-18,defeasible,1,0,DEFEATED
433,DF018B,nvidia/nemotron-3-nano-omni,lean,DF-18,defeasible,1,0,DEFEATED
433,DF018B,nvidia/nemotron-3-nano-omni,lean,DF-18,defeasible,1,0,DEFEATED
433,DF018B,nvidia/nemotron-3-nano-omni,lean,DF-18,defeasible,1,0,DEFEATED
434,DF018C,nvidia/nemotron-3-nano-omni,lean,DF-18,defeasible,1,0,HOLDS
434,DF018C,nvidia/nemotron-3-nano-omni,lean,DF-18,defeasible,1,0,HOLDS
434,DF018C,nvidia/nemotron-3-nano-omni,lean,DF-18,defeasible,1,0,HOLDS
434,DF018C,nvidia/nemotron-3-nano-omni,lean,DF-18,defeasible,1,0,HOLDS
434,DF018C,nvidia/nemotron-3-nano-omni,lean,DF-18,defeasible,1,0,HOLDS
434,DF018C,nvidia/nemotron-3-nano-omni,lean,DF-18,defeasible,1,0,HOLDS
435,DF019A,nvidia/nemotron-3-nano-omni,lean,DF-19,defeasible,1,0,HOLDS
435,DF019A,nvidia/nemotron-3-nano-omni,lean,DF-19,defeasible,1,0,HOLDS
435,DF019A,nvidia/nemotron-3-nano-omni,lean,DF-19,defeasible,1,0,HOLDS
435,DF019A,nvidia/nemotron-3-nano-omni,lean,DF-19,defeasible,1,0,HOLDS
435,DF019A,nvidia/nemotron-3-nano-omni,lean,DF-19,defeasible,1,0,HOLDS
435,DF019A,nvidia/nemotron-3-nano-omni,lean,DF-19,defeasible,1,0,HOLDS
436,DF019B,nvidia/nemotron-3-nano-omni,lean,DF-19,defeasible,1,0,DEFEATED
436,DF019B,nvidia/nemotron-3-nano-omni,lean,DF-19,defeasible,1,0,DEFEATED
436,DF019B,nvidia/nemotron-3-nano-omni,lean,DF-19,defeasible,1,0,DEFEATED
436,DF019B,nvidia/nemotron-3-nano-omni,lean,DF-19,defeasible,1,0,DEFEATED
436,DF019B,nvidia/nemotron-3-nano-omni,lean,DF-19,defeasible,1,0,DEFEATED
436,DF019B,nvidia/nemotron-3-nano-omni,lean,DF-19,defeasible,1,0,DEFEATED
437,DF019C,nvidia/nemotron-3-nano-omni,lean,DF-19,defeasible,1,0,HOLDS
437,DF019C,nvidia/nemotron-3-nano-omni,lean,DF-19,defeasible,1,0,HOLDS
437,DF019C,nvidia/nemotron-3-nano-omni,lean,DF-19,defeasible,1,0,HOLDS
437,DF019C,nvidia/nemotron-3-nano-omni,lean,DF-19,defeasible,1,0,HOLDS
437,DF019C,nvidia/nemotron-3-nano-omni,lean,DF-19,defeasible,1,0,HOLDS
437,DF019C,nvidia/nemotron-3-nano-omni,lean,DF-19,defeasible,1,0,HOLDS
438,DF020A,nvidia/nemotron-3-nano-omni,lean,DF-20,defeasible,1,0,HOLDS
438,DF020A,nvidia/nemotron-3-nano-omni,lean,DF-20,defeasible,1,0,HOLDS
438,DF020A,nvidia/nemotron-3-nano-omni,lean,DF-20,defeasible,1,0,HOLDS
438,DF020A,nvidia/nemotron-3-nano-omni,lean,DF-20,defeasible,1,0,HOLDS
438,DF020A,nvidia/nemotron-3-nano-omni,lean,DF-20,defeasible,1,0,HOLDS
438,DF020A,nvidia/nemotron-3-nano-omni,lean,DF-20,defeasible,1,0,HOLDS
439,DF020B,nvidia/nemotron-3-nano-omni,lean,DF-20,defeasible,1,0,DEFEATED
439,DF020B,nvidia/nemotron-3-nano-omni,lean,DF-20,defeasible,1,0,DEFEATED
439,DF020B,nvidia/nemotron-3-nano-omni,lean,DF-20,defeasible,1,0,DEFEATED
439,DF020B,nvidia/nemotron-3-nano-omni,lean,DF-20,defeasible,1,0,DEFEATED
439,DF020B,nvidia/nemotron-3-nano-omni,lean,DF-20,defeasible,1,0,DEFEATED
439,DF020B,nvidia/nemotron-3-nano-omni,lean,DF-20,defeasible,1,0,DEFEATED
440,DF020C,nvidia/nemotron-3-nano-omni,lean,DF-20,defeasible,1,0,HOLDS
440,DF020C,nvidia/nemotron-3-nano-omni,lean,DF-20,defeasible,1,0,HOLDS
440,DF020C,nvidia/nemotron-3-nano-omni,lean,DF-20,defeasible,1,0,HOLDS
440,DF020C,nvidia/nemotron-3-nano-omni,lean,DF-20,defeasible,1,0,HOLDS
440,DF020C,nvidia/nemotron-3-nano-omni,lean,DF-20,defeasible,1,0,HOLDS
440,DF020C,nvidia/nemotron-3-nano-omni,lean,DF-20,defeasible,1,0,HOLDS
441,DF021A,nvidia/nemotron-3-nano-omni,lean,DF-21,defeasible,1,0,HOLDS
441,DF021A,nvidia/nemotron-3-nano-omni,lean,DF-21,defeasible,1,0,HOLDS
441,DF021A,nvidia/nemotron-3-nano-omni,lean,DF-21,defeasible,1,0,HOLDS
441,DF021A,nvidia/nemotron-3-nano-omni,lean,DF-21,defeasible,1,0,HOLDS
441,DF021A,nvidia/nemotron-3-nano-omni,lean,DF-21,defeasible,1,0,HOLDS
441,DF021A,nvidia/nemotron-3-nano-omni,lean,DF-21,defeasible,1,0,HOLDS
442,DF021B,nvidia/nemotron-3-nano-omni,lean,DF-21,defeasible,1,0,DEFEATED
442,DF021B,nvidia/nemotron-3-nano-omni,lean,DF-21,defeasible,1,0,DEFEATED
442,DF021B,nvidia/nemotron-3-nano-omni,lean,DF-21,defeasible,1,0,DEFEATED
442,DF021B,nvidia/nemotron-3-nano-omni,lean,DF-21,defeasible,1,0,DEFEATED
442,DF021B,nvidia/nemotron-3-nano-omni,lean,DF-21,defeasible,1,0,DEFEATED
442,DF021B,nvidia/nemotron-3-nano-omni,lean,DF-21,defeasible,1,0,DEFEATED
443,DF021C,nvidia/nemotron-3-nano-omni,lean,DF-21,defeasible,1,0,HOLDS
443,DF021C,nvidia/nemotron-3-nano-omni,lean,DF-21,defeasible,1,0,HOLDS
443,DF021C,nvidia/nemotron-3-nano-omni,lean,DF-21,defeasible,1,0,HOLDS
443,DF021C,nvidia/nemotron-3-nano-omni,lean,DF-21,defeasible,1,0,HOLDS
443,DF021C,nvidia/nemotron-3-nano-omni,lean,DF-21,defeasible,1,0,HOLDS
443,DF021C,nvidia/nemotron-3-nano-omni,lean,DF-21,defeasible,1,0,HOLDS
444,DF022A,nvidia/nemotron-3-nano-omni,lean,DF-22,defeasible,1,0,HOLDS
444,DF022A,nvidia/nemotron-3-nano-omni,lean,DF-22,defeasible,1,0,HOLDS
444,DF022A,nvidia/nemotron-3-nano-omni,lean,DF-22,defeasible,1,0,HOLDS
444,DF022A,nvidia/nemotron-3-nano-omni,lean,DF-22,defeasible,1,0,HOLDS
444,DF022A,nvidia/nemotron-3-nano-omni,lean,DF-22,defeasible,1,0,HOLDS
444,DF022A,nvidia/nemotron-3-nano-omni,lean,DF-22,defeasible,1,0,HOLDS
445,DF022B,nvidia/nemotron-3-nano-omni,lean,DF-22,defeasible,1,0,DEFEATED
445,DF022B,nvidia/nemotron-3-nano-omni,lean,DF-22,defeasible,1,0,DEFEATED
445,DF022B,nvidia/nemotron-3-nano-omni,lean,DF-22,defeasible,1,0,DEFEATED
445,DF022B,nvidia/nemotron-3-nano-omni,lean,DF-22,defeasible,1,0,DEFEATED
445,DF022B,nvidia/nemotron-3-nano-omni,lean,DF-22,defeasible,1,0,DEFEATED
445,DF022B,nvidia/nemotron-3-nano-omni,lean,DF-22,defeasible,1,0,DEFEATED
446,DF022C,nvidia/nemotron-3-nano-omni,lean,DF-22,defeasible,1,0,HOLDS
446,DF022C,nvidia/nemotron-3-nano-omni,lean,DF-22,defeasible,1,0,HOLDS
446,DF022C,nvidia/nemotron-3-nano-omni,lean,DF-22,defeasible,1,0,HOLDS
446,DF022C,nvidia/nemotron-3-nano-omni,lean,DF-22,defeasible,1,0,HOLDS
446,DF022C,nvidia/nemotron-3-nano-omni,lean,DF-22,defeasible,1,0,HOLDS
446,DF022C,nvidia/nemotron-3-nano-omni,lean,DF-22,defeasible,1,0,HOLDS
447,DF023A,nvidia/nemotron-3-nano-omni,lean,DF-23,defeasible,1,0,HOLDS
447,DF023A,nvidia/nemotron-3-nano-omni,lean,DF-23,defeasible,1,0,HOLDS
447,DF023A,nvidia/nemotron-3-nano-omni,lean,DF-23,defeasible,1,0,HOLDS
447,DF023A,nvidia/nemotron-3-nano-omni,lean,DF-23,defeasible,1,0,HOLDS
447,DF023A,nvidia/nemotron-3-nano-omni,lean,DF-23,defeasible,1,0,HOLDS
447,DF023A,nvidia/nemotron-3-nano-omni,lean,DF-23,defeasible,1,0,HOLDS
448,DF023B,nvidia/nemotron-3-nano-omni,lean,DF-23,defeasible,1,0,DEFEATED
448,DF023B,nvidia/nemotron-3-nano-omni,lean,DF-23,defeasible,1,0,DEFEATED
448,DF023B,nvidia/nemotron-3-nano-omni,lean,DF-23,defeasible,1,0,DEFEATED
448,DF023B,nvidia/nemotron-3-nano-omni,lean,DF-23,defeasible,1,0,DEFEATED
448,DF023B,nvidia/nemotron-3-nano-omni,lean,DF-23,defeasible,1,0,DEFEATED
448,DF023B,nvidia/nemotron-3-nano-omni,lean,DF-23,defeasible,1,0,DEFEATED
449,DF023C,nvidia/nemotron-3-nano-omni,lean,DF-23,defeasible,1,0,HOLDS
449,DF023C,nvidia/nemotron-3-nano-omni,lean,DF-23,defeasible,1,0,HOLDS
449,DF023C,nvidia/nemotron-3-nano-omni,lean,DF-23,defeasible,1,0,HOLDS
449,DF023C,nvidia/nemotron-3-nano-omni,lean,DF-23,defeasible,1,0,HOLDS
449,DF023C,nvidia/nemotron-3-nano-omni,lean,DF-23,defeasible,1,0,HOLDS
449,DF023C,nvidia/nemotron-3-nano-omni,lean,DF-23,defeasible,1,0,HOLDS
450,DF024A,nvidia/nemotron-3-nano-omni,lean,DF-24,defeasible,1,0,HOLDS
450,DF024A,nvidia/nemotron-3-nano-omni,lean,DF-24,defeasible,1,0,HOLDS
450,DF024A,nvidia/nemotron-3-nano-omni,lean,DF-24,defeasible,1,0,HOLDS
450,DF024A,nvidia/nemotron-3-nano-omni,lean,DF-24,defeasible,1,0,HOLDS
450,DF024A,nvidia/nemotron-3-nano-omni,lean,DF-24,defeasible,1,0,HOLDS
450,DF024A,nvidia/nemotron-3-nano-omni,lean,DF-24,defeasible,1,0,HOLDS
451,DF024B,nvidia/nemotron-3-nano-omni,lean,DF-24,defeasible,1,0,DEFEATED
451,DF024B,nvidia/nemotron-3-nano-omni,lean,DF-24,defeasible,1,0,DEFEATED
451,DF024B,nvidia/nemotron-3-nano-omni,lean,DF-24,defeasible,1,0,DEFEATED
451,DF024B,nvidia/nemotron-3-nano-omni,lean,DF-24,defeasible,1,0,DEFEATED
451,DF024B,nvidia/nemotron-3-nano-omni,lean,DF-24,defeasible,1,0,DEFEATED
451,DF024B,nvidia/nemotron-3-nano-omni,lean,DF-24,defeasible,1,0,DEFEATED
452,DF024C,nvidia/nemotron-3-nano-omni,lean,DF-24,defeasible,1,0,HOLDS
452,DF024C,nvidia/nemotron-3-nano-omni,lean,DF-24,defeasible,1,0,HOLDS
452,DF024C,nvidia/nemotron-3-nano-omni,lean,DF-24,defeasible,1,0,HOLDS
452,DF024C,nvidia/nemotron-3-nano-omni,lean,DF-24,defeasible,1,0,HOLDS
452,DF024C,nvidia/nemotron-3-nano-omni,lean,DF-24,defeasible,1,0,HOLDS
452,DF024C,nvidia/nemotron-3-nano-omni,lean,DF-24,defeasible,1,0,HOLDS
453,DF025A,nvidia/nemotron-3-nano-omni,lean,DF-25,defeasible,1,0,HOLDS
453,DF025A,nvidia/nemotron-3-nano-omni,lean,DF-25,defeasible,1,0,HOLDS
453,DF025A,nvidia/nemotron-3-nano-omni,lean,DF-25,defeasible,1,0,HOLDS
453,DF025A,nvidia/nemotron-3-nano-omni,lean,DF-25,defeasible,1,0,HOLDS
453,DF025A,nvidia/nemotron-3-nano-omni,lean,DF-25,defeasible,1,0,HOLDS
453,DF025A,nvidia/nemotron-3-nano-omni,lean,DF-25,defeasible,1,0,HOLDS
454,DF025B,nvidia/nemotron-3-nano-omni,lean,DF-25,defeasible,1,0,DEFEATED
454,DF025B,nvidia/nemotron-3-nano-omni,lean,DF-25,defeasible,1,0,DEFEATED
454,DF025B,nvidia/nemotron-3-nano-omni,lean,DF-25,defeasible,1,0,DEFEATED
454,DF025B,nvidia/nemotron-3-nano-omni,lean,DF-25,defeasible,1,0,DEFEATED
454,DF025B,nvidia/nemotron-3-nano-omni,lean,DF-25,defeasible,1,0,DEFEATED
454,DF025B,nvidia/nemotron-3-nano-omni,lean,DF-25,defeasible,1,0,DEFEATED
455,DF025C,nvidia/nemotron-3-nano-omni,lean,DF-25,defeasible,1,0,HOLDS
455,DF025C,nvidia/nemotron-3-nano-omni,lean,DF-25,defeasible,1,0,HOLDS
455,DF025C,nvidia/nemotron-3-nano-omni,lean,DF-25,defeasible,1,0,HOLDS
455,DF025C,nvidia/nemotron-3-nano-omni,lean,DF-25,defeasible,1,0,HOLDS
455,DF025C,nvidia/nemotron-3-nano-omni,lean,DF-25,defeasible,1,0,HOLDS
455,DF025C,nvidia/nemotron-3-nano-omni,lean,DF-25,defeasible,1,0,HOLDS
456,DF026A,nvidia/nemotron-3-nano-omni,lean,DF-26,defeasible,1,0,HOLDS
456,DF026A,nvidia/nemotron-3-nano-omni,lean,DF-26,defeasible,1,0,HOLDS
456,DF026A,nvidia/nemotron-3-nano-omni,lean,DF-26,defeasible,1,0,HOLDS
456,DF026A,nvidia/nemotron-3-nano-omni,lean,DF-26,defeasible,1,0,HOLDS
456,DF026A,nvidia/nemotron-3-nano-omni,lean,DF-26,defeasible,1,0,HOLDS
456,DF026A,nvidia/nemotron-3-nano-omni,lean,DF-26,defeasible,1,0,HOLDS
457,DF026B,nvidia/nemotron-3-nano-omni,lean,DF-26,defeasible,0,0,DEFEATED
457,DF026B,nvidia/nemotron-3-nano-omni,lean,DF-26,defeasible,0,0,DEFEATED
457,DF026B,nvidia/nemotron-3-nano-omni,lean,DF-26,defeasible,0,0,DEFEATED
457,DF026B,nvidia/nemotron-3-nano-omni,lean,DF-26,defeasible,0,0,DEFEATED
457,DF026B,nvidia/nemotron-3-nano-omni,lean,DF-26,defeasible,0,0,DEFEATED
457,DF026B,nvidia/nemotron-3-nano-omni,lean,DF-26,defeasible,0,0,DEFEATED
458,DF026C,nvidia/nemotron-3-nano-omni,lean,DF-26,defeasible,1,0,HOLDS
458,DF026C,nvidia/nemotron-3-nano-omni,lean,DF-26,defeasible,1,0,HOLDS
458,DF026C,nvidia/nemotron-3-nano-omni,lean,DF-26,defeasible,1,0,HOLDS
458,DF026C,nvidia/nemotron-3-nano-omni,lean,DF-26,defeasible,1,0,HOLDS
458,DF026C,nvidia/nemotron-3-nano-omni,lean,DF-26,defeasible,1,0,HOLDS
458,DF026C,nvidia/nemotron-3-nano-omni,lean,DF-26,defeasible,1,0,HOLDS
459,DF027A,nvidia/nemotron-3-nano-omni,lean,DF-27,defeasible,1,0,HOLDS
459,DF027A,nvidia/nemotron-3-nano-omni,lean,DF-27,defeasible,1,0,HOLDS
459,DF027A,nvidia/nemotron-3-nano-omni,lean,DF-27,defeasible,1,0,HOLDS
459,DF027A,nvidia/nemotron-3-nano-omni,lean,DF-27,defeasible,1,0,HOLDS
459,DF027A,nvidia/nemotron-3-nano-omni,lean,DF-27,defeasible,1,0,HOLDS
459,DF027A,nvidia/nemotron-3-nano-omni,lean,DF-27,defeasible,1,0,HOLDS
460,DF027B,nvidia/nemotron-3-nano-omni,lean,DF-27,defeasible,1,0,DEFEATED
460,DF027B,nvidia/nemotron-3-nano-omni,lean,DF-27,defeasible,1,0,DEFEATED
460,DF027B,nvidia/nemotron-3-nano-omni,lean,DF-27,defeasible,1,0,DEFEATED
460,DF027B,nvidia/nemotron-3-nano-omni,lean,DF-27,defeasible,1,0,DEFEATED
460,DF027B,nvidia/nemotron-3-nano-omni,lean,DF-27,defeasible,1,0,DEFEATED
460,DF027B,nvidia/nemotron-3-nano-omni,lean,DF-27,defeasible,1,0,DEFEATED
461,DF027C,nvidia/nemotron-3-nano-omni,lean,DF-27,defeasible,1,0,HOLDS
461,DF027C,nvidia/nemotron-3-nano-omni,lean,DF-27,defeasible,1,0,HOLDS
461,DF027C,nvidia/nemotron-3-nano-omni,lean,DF-27,defeasible,1,0,HOLDS
461,DF027C,nvidia/nemotron-3-nano-omni,lean,DF-27,defeasible,1,0,HOLDS
461,DF027C,nvidia/nemotron-3-nano-omni,lean,DF-27,defeasible,1,0,HOLDS
461,DF027C,nvidia/nemotron-3-nano-omni,lean,DF-27,defeasible,1,0,HOLDS
462,DF028A,nvidia/nemotron-3-nano-omni,lean,DF-28,defeasible,1,0,HOLDS
462,DF028A,nvidia/nemotron-3-nano-omni,lean,DF-28,defeasible,1,0,HOLDS
462,DF028A,nvidia/nemotron-3-nano-omni,lean,DF-28,defeasible,1,0,HOLDS
462,DF028A,nvidia/nemotron-3-nano-omni,lean,DF-28,defeasible,1,0,HOLDS
462,DF028A,nvidia/nemotron-3-nano-omni,lean,DF-28,defeasible,1,0,HOLDS
462,DF028A,nvidia/nemotron-3-nano-omni,lean,DF-28,defeasible,1,0,HOLDS
463,DF028B,nvidia/nemotron-3-nano-omni,lean,DF-28,defeasible,1,0,DEFEATED
463,DF028B,nvidia/nemotron-3-nano-omni,lean,DF-28,defeasible,1,0,DEFEATED
463,DF028B,nvidia/nemotron-3-nano-omni,lean,DF-28,defeasible,1,0,DEFEATED
463,DF028B,nvidia/nemotron-3-nano-omni,lean,DF-28,defeasible,1,0,DEFEATED
463,DF028B,nvidia/nemotron-3-nano-omni,lean,DF-28,defeasible,1,0,DEFEATED
463,DF028B,nvidia/nemotron-3-nano-omni,lean,DF-28,defeasible,1,0,DEFEATED
464,DF028C,nvidia/nemotron-3-nano-omni,lean,DF-28,defeasible,1,0,HOLDS
464,DF028C,nvidia/nemotron-3-nano-omni,lean,DF-28,defeasible,1,0,HOLDS
464,DF028C,nvidia/nemotron-3-nano-omni,lean,DF-28,defeasible,1,0,HOLDS
464,DF028C,nvidia/nemotron-3-nano-omni,lean,DF-28,defeasible,1,0,HOLDS
464,DF028C,nvidia/nemotron-3-nano-omni,lean,DF-28,defeasible,1,0,HOLDS
464,DF028C,nvidia/nemotron-3-nano-omni,lean,DF-28,defeasible,1,0,HOLDS
465,DF029A,nvidia/nemotron-3-nano-omni,lean,DF-29,defeasible,0,0,HOLDS
465,DF029A,nvidia/nemotron-3-nano-omni,lean,DF-29,defeasible,0,0,HOLDS
465,DF029A,nvidia/nemotron-3-nano-omni,lean,DF-29,defeasible,0,0,HOLDS
465,DF029A,nvidia/nemotron-3-nano-omni,lean,DF-29,defeasible,0,0,HOLDS
465,DF029A,nvidia/nemotron-3-nano-omni,lean,DF-29,defeasible,0,0,HOLDS
465,DF029A,nvidia/nemotron-3-nano-omni,lean,DF-29,defeasible,0,0,HOLDS
466,DF029B,nvidia/nemotron-3-nano-omni,lean,DF-29,defeasible,1,0,DEFEATED
466,DF029B,nvidia/nemotron-3-nano-omni,lean,DF-29,defeasible,1,0,DEFEATED
466,DF029B,nvidia/nemotron-3-nano-omni,lean,DF-29,defeasible,1,0,DEFEATED
466,DF029B,nvidia/nemotron-3-nano-omni,lean,DF-29,defeasible,1,0,DEFEATED
466,DF029B,nvidia/nemotron-3-nano-omni,lean,DF-29,defeasible,1,0,DEFEATED
466,DF029B,nvidia/nemotron-3-nano-omni,lean,DF-29,defeasible,1,0,DEFEATED
467,DF029C,nvidia/nemotron-3-nano-omni,lean,DF-29,defeasible,1,0,HOLDS
467,DF029C,nvidia/nemotron-3-nano-omni,lean,DF-29,defeasible,1,0,HOLDS
467,DF029C,nvidia/nemotron-3-nano-omni,lean,DF-29,defeasible,1,0,HOLDS
467,DF029C,nvidia/nemotron-3-nano-omni,lean,DF-29,defeasible,1,0,HOLDS
467,DF029C,nvidia/nemotron-3-nano-omni,lean,DF-29,defeasible,1,0,HOLDS
467,DF029C,nvidia/nemotron-3-nano-omni,lean,DF-29,defeasible,1,0,HOLDS
468,DF030A,nvidia/nemotron-3-nano-omni,lean,DF-30,defeasible,1,0,HOLDS
468,DF030A,nvidia/nemotron-3-nano-omni,lean,DF-30,defeasible,1,0,HOLDS
468,DF030A,nvidia/nemotron-3-nano-omni,lean,DF-30,defeasible,1,0,HOLDS
468,DF030A,nvidia/nemotron-3-nano-omni,lean,DF-30,defeasible,1,0,HOLDS
468,DF030A,nvidia/nemotron-3-nano-omni,lean,DF-30,defeasible,1,0,HOLDS
468,DF030A,nvidia/nemotron-3-nano-omni,lean,DF-30,defeasible,1,0,HOLDS
469,DF030B,nvidia/nemotron-3-nano-omni,lean,DF-30,defeasible,1,0,DEFEATED
469,DF030B,nvidia/nemotron-3-nano-omni,lean,DF-30,defeasible,1,0,DEFEATED
469,DF030B,nvidia/nemotron-3-nano-omni,lean,DF-30,defeasible,1,0,DEFEATED
469,DF030B,nvidia/nemotron-3-nano-omni,lean,DF-30,defeasible,1,0,DEFEATED
469,DF030B,nvidia/nemotron-3-nano-omni,lean,DF-30,defeasible,1,0,DEFEATED
469,DF030B,nvidia/nemotron-3-nano-omni,lean,DF-30,defeasible,1,0,DEFEATED
470,DF030C,nvidia/nemotron-3-nano-omni,lean,DF-30,defeasible,1,0,HOLDS
470,DF030C,nvidia/nemotron-3-nano-omni,lean,DF-30,defeasible,1,0,HOLDS
470,DF030C,nvidia/nemotron-3-nano-omni,lean,DF-30,defeasible,1,0,HOLDS
470,DF030C,nvidia/nemotron-3-nano-omni,lean,DF-30,defeasible,1,0,HOLDS
470,DF030C,nvidia/nemotron-3-nano-omni,lean,DF-30,defeasible,1,0,HOLDS
470,DF030C,nvidia/nemotron-3-nano-omni,lean,DF-30,defeasible,1,0,HOLDS
471,DF031A,nvidia/nemotron-3-nano-omni,lean,DF-31,defeasible,1,0,HOLDS
471,DF031A,nvidia/nemotron-3-nano-omni,lean,DF-31,defeasible,1,0,HOLDS
471,DF031A,nvidia/nemotron-3-nano-omni,lean,DF-31,defeasible,1,0,HOLDS
471,DF031A,nvidia/nemotron-3-nano-omni,lean,DF-31,defeasible,1,0,HOLDS
471,DF031A,nvidia/nemotron-3-nano-omni,lean,DF-31,defeasible,1,0,HOLDS
471,DF031A,nvidia/nemotron-3-nano-omni,lean,DF-31,defeasible,1,0,HOLDS
472,DF031B,nvidia/nemotron-3-nano-omni,lean,DF-31,defeasible,1,0,DEFEATED
472,DF031B,nvidia/nemotron-3-nano-omni,lean,DF-31,defeasible,1,0,DEFEATED
472,DF031B,nvidia/nemotron-3-nano-omni,lean,DF-31,defeasible,1,0,DEFEATED
472,DF031B,nvidia/nemotron-3-nano-omni,lean,DF-31,defeasible,1,0,DEFEATED
472,DF031B,nvidia/nemotron-3-nano-omni,lean,DF-31,defeasible,1,0,DEFEATED
472,DF031B,nvidia/nemotron-3-nano-omni,lean,DF-31,defeasible,1,0,DEFEATED
473,DF031C,nvidia/nemotron-3-nano-omni,lean,DF-31,defeasible,1,0,HOLDS
473,DF031C,nvidia/nemotron-3-nano-omni,lean,DF-31,defeasible,1,0,HOLDS
473,DF031C,nvidia/nemotron-3-nano-omni,lean,DF-31,defeasible,1,0,HOLDS
473,DF031C,nvidia/nemotron-3-nano-omni,lean,DF-31,defeasible,1,0,HOLDS
473,DF031C,nvidia/nemotron-3-nano-omni,lean,DF-31,defeasible,1,0,HOLDS
473,DF031C,nvidia/nemotron-3-nano-omni,lean,DF-31,defeasible,1,0,HOLDS
474,DF032A,nvidia/nemotron-3-nano-omni,lean,DF-32,defeasible,1,0,HOLDS
474,DF032A,nvidia/nemotron-3-nano-omni,lean,DF-32,defeasible,1,0,HOLDS
474,DF032A,nvidia/nemotron-3-nano-omni,lean,DF-32,defeasible,1,0,HOLDS
474,DF032A,nvidia/nemotron-3-nano-omni,lean,DF-32,defeasible,1,0,HOLDS
474,DF032A,nvidia/nemotron-3-nano-omni,lean,DF-32,defeasible,1,0,HOLDS
474,DF032A,nvidia/nemotron-3-nano-omni,lean,DF-32,defeasible,1,0,HOLDS
475,DF032B,nvidia/nemotron-3-nano-omni,lean,DF-32,defeasible,0,0,DEFEATED
475,DF032B,nvidia/nemotron-3-nano-omni,lean,DF-32,defeasible,0,0,DEFEATED
475,DF032B,nvidia/nemotron-3-nano-omni,lean,DF-32,defeasible,0,0,DEFEATED
475,DF032B,nvidia/nemotron-3-nano-omni,lean,DF-32,defeasible,0,0,DEFEATED
475,DF032B,nvidia/nemotron-3-nano-omni,lean,DF-32,defeasible,0,0,DEFEATED
475,DF032B,nvidia/nemotron-3-nano-omni,lean,DF-32,defeasible,0,0,DEFEATED
476,DF032C,nvidia/nemotron-3-nano-omni,lean,DF-32,defeasible,1,0,HOLDS
476,DF032C,nvidia/nemotron-3-nano-omni,lean,DF-32,defeasible,1,0,HOLDS
476,DF032C,nvidia/nemotron-3-nano-omni,lean,DF-32,defeasible,1,0,HOLDS
476,DF032C,nvidia/nemotron-3-nano-omni,lean,DF-32,defeasible,1,0,HOLDS
476,DF032C,nvidia/nemotron-3-nano-omni,lean,DF-32,defeasible,1,0,HOLDS
476,DF032C,nvidia/nemotron-3-nano-omni,lean,DF-32,defeasible,1,0,HOLDS
477,DF033A,nvidia/nemotron-3-nano-omni,lean,DF-33,defeasible,0,0,HOLDS
477,DF033A,nvidia/nemotron-3-nano-omni,lean,DF-33,defeasible,0,0,HOLDS
477,DF033A,nvidia/nemotron-3-nano-omni,lean,DF-33,defeasible,0,0,HOLDS
477,DF033A,nvidia/nemotron-3-nano-omni,lean,DF-33,defeasible,0,0,HOLDS
477,DF033A,nvidia/nemotron-3-nano-omni,lean,DF-33,defeasible,0,0,HOLDS
477,DF033A,nvidia/nemotron-3-nano-omni,lean,DF-33,defeasible,0,0,HOLDS
478,DF033B,nvidia/nemotron-3-nano-omni,lean,DF-33,defeasible,0,0,DEFEATED
478,DF033B,nvidia/nemotron-3-nano-omni,lean,DF-33,defeasible,0,0,DEFEATED
478,DF033B,nvidia/nemotron-3-nano-omni,lean,DF-33,defeasible,0,0,DEFEATED
478,DF033B,nvidia/nemotron-3-nano-omni,lean,DF-33,defeasible,0,0,DEFEATED
478,DF033B,nvidia/nemotron-3-nano-omni,lean,DF-33,defeasible,0,0,DEFEATED
478,DF033B,nvidia/nemotron-3-nano-omni,lean,DF-33,defeasible,0,0,DEFEATED
479,DF033C,nvidia/nemotron-3-nano-omni,lean,DF-33,defeasible,1,0,HOLDS
479,DF033C,nvidia/nemotron-3-nano-omni,lean,DF-33,defeasible,1,0,HOLDS
479,DF033C,nvidia/nemotron-3-nano-omni,lean,DF-33,defeasible,1,0,HOLDS
479,DF033C,nvidia/nemotron-3-nano-omni,lean,DF-33,defeasible,1,0,HOLDS
479,DF033C,nvidia/nemotron-3-nano-omni,lean,DF-33,defeasible,1,0,HOLDS
479,DF033C,nvidia/nemotron-3-nano-omni,lean,DF-33,defeasible,1,0,HOLDS
480,DF034A,nvidia/nemotron-3-nano-omni,lean,DF-34,defeasible,1,0,HOLDS
480,DF034A,nvidia/nemotron-3-nano-omni,lean,DF-34,defeasible,1,0,HOLDS
480,DF034A,nvidia/nemotron-3-nano-omni,lean,DF-34,defeasible,1,0,HOLDS
480,DF034A,nvidia/nemotron-3-nano-omni,lean,DF-34,defeasible,1,0,HOLDS
480,DF034A,nvidia/nemotron-3-nano-omni,lean,DF-34,defeasible,1,0,HOLDS
480,DF034A,nvidia/nemotron-3-nano-omni,lean,DF-34,defeasible,1,0,HOLDS
481,DF034B,nvidia/nemotron-3-nano-omni,lean,DF-34,defeasible,1,0,DEFEATED
481,DF034B,nvidia/nemotron-3-nano-omni,lean,DF-34,defeasible,1,0,DEFEATED
481,DF034B,nvidia/nemotron-3-nano-omni,lean,DF-34,defeasible,1,0,DEFEATED
481,DF034B,nvidia/nemotron-3-nano-omni,lean,DF-34,defeasible,1,0,DEFEATED
481,DF034B,nvidia/nemotron-3-nano-omni,lean,DF-34,defeasible,1,0,DEFEATED
481,DF034B,nvidia/nemotron-3-nano-omni,lean,DF-34,defeasible,1,0,DEFEATED
482,DF034C,nvidia/nemotron-3-nano-omni,lean,DF-34,defeasible,1,0,HOLDS
482,DF034C,nvidia/nemotron-3-nano-omni,lean,DF-34,defeasible,1,0,HOLDS
482,DF034C,nvidia/nemotron-3-nano-omni,lean,DF-34,defeasible,1,0,HOLDS
482,DF034C,nvidia/nemotron-3-nano-omni,lean,DF-34,defeasible,1,0,HOLDS
482,DF034C,nvidia/nemotron-3-nano-omni,lean,DF-34,defeasible,1,0,HOLDS
482,DF034C,nvidia/nemotron-3-nano-omni,lean,DF-34,defeasible,1,0,HOLDS
483,DF035A,nvidia/nemotron-3-nano-omni,lean,DF-35,defeasible,1,0,HOLDS
483,DF035A,nvidia/nemotron-3-nano-omni,lean,DF-35,defeasible,1,0,HOLDS
483,DF035A,nvidia/nemotron-3-nano-omni,lean,DF-35,defeasible,1,0,HOLDS
483,DF035A,nvidia/nemotron-3-nano-omni,lean,DF-35,defeasible,1,0,HOLDS
483,DF035A,nvidia/nemotron-3-nano-omni,lean,DF-35,defeasible,1,0,HOLDS
483,DF035A,nvidia/nemotron-3-nano-omni,lean,DF-35,defeasible,1,0,HOLDS
484,DF035B,nvidia/nemotron-3-nano-omni,lean,DF-35,defeasible,1,0,DEFEATED
484,DF035B,nvidia/nemotron-3-nano-omni,lean,DF-35,defeasible,1,0,DEFEATED
484,DF035B,nvidia/nemotron-3-nano-omni,lean,DF-35,defeasible,1,0,DEFEATED
484,DF035B,nvidia/nemotron-3-nano-omni,lean,DF-35,defeasible,1,0,DEFEATED
484,DF035B,nvidia/nemotron-3-nano-omni,lean,DF-35,defeasible,1,0,DEFEATED
484,DF035B,nvidia/nemotron-3-nano-omni,lean,DF-35,defeasible,1,0,DEFEATED
485,DF035C,nvidia/nemotron-3-nano-omni,lean,DF-35,defeasible,1,0,HOLDS
485,DF035C,nvidia/nemotron-3-nano-omni,lean,DF-35,defeasible,1,0,HOLDS
485,DF035C,nvidia/nemotron-3-nano-omni,lean,DF-35,defeasible,1,0,HOLDS
485,DF035C,nvidia/nemotron-3-nano-omni,lean,DF-35,defeasible,1,0,HOLDS
485,DF035C,nvidia/nemotron-3-nano-omni,lean,DF-35,defeasible,1,0,HOLDS
485,DF035C,nvidia/nemotron-3-nano-omni,lean,DF-35,defeasible,1,0,HOLDS
486,DF036A,nvidia/nemotron-3-nano-omni,lean,DF-36,defeasible,1,0,HOLDS
486,DF036A,nvidia/nemotron-3-nano-omni,lean,DF-36,defeasible,1,0,HOLDS
486,DF036A,nvidia/nemotron-3-nano-omni,lean,DF-36,defeasible,1,0,HOLDS
486,DF036A,nvidia/nemotron-3-nano-omni,lean,DF-36,defeasible,1,0,HOLDS
486,DF036A,nvidia/nemotron-3-nano-omni,lean,DF-36,defeasible,1,0,HOLDS
486,DF036A,nvidia/nemotron-3-nano-omni,lean,DF-36,defeasible,1,0,HOLDS
487,DF036B,nvidia/nemotron-3-nano-omni,lean,DF-36,defeasible,0,0,DEFEATED
487,DF036B,nvidia/nemotron-3-nano-omni,lean,DF-36,defeasible,0,0,DEFEATED
487,DF036B,nvidia/nemotron-3-nano-omni,lean,DF-36,defeasible,0,0,DEFEATED
487,DF036B,nvidia/nemotron-3-nano-omni,lean,DF-36,defeasible,0,0,DEFEATED
487,DF036B,nvidia/nemotron-3-nano-omni,lean,DF-36,defeasible,0,0,DEFEATED
487,DF036B,nvidia/nemotron-3-nano-omni,lean,DF-36,defeasible,0,0,DEFEATED
488,DF036C,nvidia/nemotron-3-nano-omni,lean,DF-36,defeasible,1,0,HOLDS
488,DF036C,nvidia/nemotron-3-nano-omni,lean,DF-36,defeasible,1,0,HOLDS
488,DF036C,nvidia/nemotron-3-nano-omni,lean,DF-36,defeasible,1,0,HOLDS
488,DF036C,nvidia/nemotron-3-nano-omni,lean,DF-36,defeasible,1,0,HOLDS
488,DF036C,nvidia/nemotron-3-nano-omni,lean,DF-36,defeasible,1,0,HOLDS
488,DF036C,nvidia/nemotron-3-nano-omni,lean,DF-36,defeasible,1,0,HOLDS
489,DF037A,nvidia/nemotron-3-nano-omni,lean,DF-37,defeasible,1,0,HOLDS
489,DF037A,nvidia/nemotron-3-nano-omni,lean,DF-37,defeasible,1,0,HOLDS
489,DF037A,nvidia/nemotron-3-nano-omni,lean,DF-37,defeasible,1,0,HOLDS
489,DF037A,nvidia/nemotron-3-nano-omni,lean,DF-37,defeasible,1,0,HOLDS
489,DF037A,nvidia/nemotron-3-nano-omni,lean,DF-37,defeasible,1,0,HOLDS
489,DF037A,nvidia/nemotron-3-nano-omni,lean,DF-37,defeasible,1,0,HOLDS
490,DF037B,nvidia/nemotron-3-nano-omni,lean,DF-37,defeasible,1,0,DEFEATED
490,DF037B,nvidia/nemotron-3-nano-omni,lean,DF-37,defeasible,1,0,DEFEATED
490,DF037B,nvidia/nemotron-3-nano-omni,lean,DF-37,defeasible,1,0,DEFEATED
490,DF037B,nvidia/nemotron-3-nano-omni,lean,DF-37,defeasible,1,0,DEFEATED
490,DF037B,nvidia/nemotron-3-nano-omni,lean,DF-37,defeasible,1,0,DEFEATED
490,DF037B,nvidia/nemotron-3-nano-omni,lean,DF-37,defeasible,1,0,DEFEATED
491,DF037C,nvidia/nemotron-3-nano-omni,lean,DF-37,defeasible,1,0,HOLDS
491,DF037C,nvidia/nemotron-3-nano-omni,lean,DF-37,defeasible,1,0,HOLDS
491,DF037C,nvidia/nemotron-3-nano-omni,lean,DF-37,defeasible,1,0,HOLDS
491,DF037C,nvidia/nemotron-3-nano-omni,lean,DF-37,defeasible,1,0,HOLDS
491,DF037C,nvidia/nemotron-3-nano-omni,lean,DF-37,defeasible,1,0,HOLDS
491,DF037C,nvidia/nemotron-3-nano-omni,lean,DF-37,defeasible,1,0,HOLDS
